jet_label,class_name,block,topology_code,tokens,n_objects,n_visible_objects,has_b,has_c,has_s,has_g,has_lepton,has_tau,has_nu,leading_heavy_flavour,reweight_group_name,reweight_group_n_classes,reweight_group_weight,reweight_group_stream_share,class_stream_share_nominal,class_stream_share_upper_bound,class_weight_share_frac,class_weight_share_pct,log_class_weight_share,log_class_weight_share_upper_bound,R161_group_id,R161_group_name,L187_group_id,L187_group_name,R45_group_id,R45_group_name,R29_group_id,R29_group_name,R15_group_id,R15_group_name,R9_group_id,R9_group_name,Q27_group_id,Q27_group_name,Q1_group_id,Q1_group_name,L43res_group_id,L43res_group_name,rand42_d1_group_id,rand42_d1_group_name,rand42_d2_group_id,rand42_d2_group_name,rand42_d3_group_id,rand42_d3_group_name,bs_relevant,physics_rationale
0,label_X_bb,res2p,QQ,b+b,2,2,1,0,0,0,0,0,0,b,label_X_QQ,9,0.4,0.230980222318464,0.025664469146495998,0.230980222318464,0.025664469146495998,2.5664469146495996,-3.662647767130952,-1.4654231897947323,0,label_X_bb,0,label_X_bb,0,2P_QQ_b,0,2P_QQ,0,2P_QQ_b,0,2P_QQ_b,,n/a (rung partitions the other block),,n/a (rung partitions the other block),0,label_X_bb,0,rand_res2p_04,0,rand_res2p_02,0,rand_res2p_02,0,"two-prong X->b quark + b quark; topology QQ, 2 visible object(s), leading heavy flavour b. Lands in 2P_QQ_b at the coarsest resonant rung (R=9) because prong count and hadronic-vs-leptonic character survive every contraction applied above it."
1,label_X_cc,res2p,QQ,c+c,2,2,0,1,0,0,0,0,0,c,label_X_QQ,9,0.4,0.230980222318464,0.025664469146495998,0.230980222318464,0.025664469146495998,2.5664469146495996,-3.662647767130952,-1.4654231897947323,1,label_X_cc,1,label_X_cc,1,2P_QQ_c,0,2P_QQ,1,2P_QQ_c,1,2P_QQ_c,,n/a (rung partitions the other block),,n/a (rung partitions the other block),1,label_X_cc,1,rand_res2p_01,0,rand_res2p_02,1,rand_res2p_01,0,"two-prong X->c quark + c quark; topology QQ, 2 visible object(s), leading heavy flavour c. Lands in 2P_QQ_c at the coarsest resonant rung (R=9) because prong count and hadronic-vs-leptonic character survive every contraction applied above it."
2,label_X_ss,res2p,QQ,s+s,2,2,0,0,1,0,0,0,0,s,label_X_QQ,9,0.4,0.230980222318464,0.025664469146495998,0.230980222318464,0.025664469146495998,2.5664469146495996,-3.662647767130952,-1.4654231897947323,2,label_X_ss,2,label_X_ss,2,2P_QQ_light,0,2P_QQ,2,2P_QQ_light_gluon,2,2P_QQ_light_gluon,,n/a (rung partitions the other block),,n/a (rung partitions the other block),2,label_X_ss,2,rand_res2p_02,1,rand_res2p_04,2,rand_res2p_04,0,"two-prong X->s quark + s quark; topology QQ, 2 visible object(s), leading heavy flavour s. Lands in 2P_QQ_light_gluon at the coarsest resonant rung (R=9) because prong count and hadronic-vs-leptonic character survive every contraction applied above it."
3,label_X_qq,res2p,QQ,q+q,2,2,0,0,0,0,0,0,0,light,label_X_QQ,9,0.4,0.230980222318464,0.025664469146495998,0.230980222318464,0.025664469146495998,2.5664469146495996,-3.662647767130952,-1.4654231897947323,3,label_X_qq,3,2P_qq_plus_cs,2,2P_QQ_light,0,2P_QQ,2,2P_QQ_light_gluon,2,2P_QQ_light_gluon,,n/a (rung partitions the other block),,n/a (rung partitions the other block),3,label_X_qq,3,rand_res2p_00,2,rand_res2p_01,3,rand_res2p_00,0,"two-prong X->light quark (u/d) + light quark (u/d); topology QQ, 2 visible object(s), leading heavy flavour light. Lands in 2P_QQ_light_gluon at the coarsest resonant rung (R=9) because prong count and hadronic-vs-leptonic character survive every contraction applied above it."
4,label_X_bc,res2p,QQ,b+c,2,2,1,1,0,0,0,0,0,b,label_X_QQ,9,0.4,0.230980222318464,0.025664469146495998,0.230980222318464,0.025664469146495998,2.5664469146495996,-3.662647767130952,-1.4654231897947323,4,label_X_bc,4,label_X_bc,0,2P_QQ_b,0,2P_QQ,0,2P_QQ_b,0,2P_QQ_b,,n/a (rung partitions the other block),,n/a (rung partitions the other block),4,label_X_bc,2,rand_res2p_02,3,rand_res2p_00,2,rand_res2p_04,0,"two-prong X->b quark + c quark; topology QQ, 2 visible object(s), leading heavy flavour b. Lands in 2P_QQ_b at the coarsest resonant rung (R=9) because prong count and hadronic-vs-leptonic character survive every contraction applied above it."
5,label_X_cs,res2p,QQ,c+s,2,2,0,1,1,0,0,0,0,c,label_X_QQ,9,0.4,0.230980222318464,0.025664469146495998,0.230980222318464,0.025664469146495998,2.5664469146495996,-3.662647767130952,-1.4654231897947323,5,label_X_cs,3,2P_qq_plus_cs,1,2P_QQ_c,0,2P_QQ,1,2P_QQ_c,1,2P_QQ_c,,n/a (rung partitions the other block),,n/a (rung partitions the other block),5,label_X_cs,3,rand_res2p_00,3,rand_res2p_00,3,rand_res2p_00,0,"two-prong X->c quark + s quark; topology QQ, 2 visible object(s), leading heavy flavour c. Lands in 2P_QQ_c at the coarsest resonant rung (R=9) because prong count and hadronic-vs-leptonic character survive every contraction applied above it."
6,label_X_bq,res2p,QQ,b+q,2,2,1,0,0,0,0,0,0,b,label_X_QQ,9,0.4,0.230980222318464,0.025664469146495998,0.230980222318464,0.025664469146495998,2.5664469146495996,-3.662647767130952,-1.4654231897947323,6,label_X_bq,5,label_X_bq,0,2P_QQ_b,0,2P_QQ,0,2P_QQ_b,0,2P_QQ_b,,n/a (rung partitions the other block),,n/a (rung partitions the other block),6,label_X_bq,1,rand_res2p_01,4,rand_res2p_03,0,rand_res2p_02,0,"two-prong X->b quark + light quark (u/d); topology QQ, 2 visible object(s), leading heavy flavour b. Lands in 2P_QQ_b at the coarsest resonant rung (R=9) because prong count and hadronic-vs-leptonic character survive every contraction applied above it."
7,label_X_cq,res2p,QQ,c+q,2,2,0,1,0,0,0,0,0,c,label_X_QQ,9,0.4,0.230980222318464,0.025664469146495998,0.230980222318464,0.025664469146495998,2.5664469146495996,-3.662647767130952,-1.4654231897947323,7,label_X_cq,6,label_X_cq,1,2P_QQ_c,0,2P_QQ,1,2P_QQ_c,1,2P_QQ_c,,n/a (rung partitions the other block),,n/a (rung partitions the other block),7,label_X_cq,4,rand_res2p_03,2,rand_res2p_01,0,rand_res2p_02,0,"two-prong X->c quark + light quark (u/d); topology QQ, 2 visible object(s), leading heavy flavour c. Lands in 2P_QQ_c at the coarsest resonant rung (R=9) because prong count and hadronic-vs-leptonic character survive every contraction applied above it."
8,label_X_sq,res2p,QQ,s+q,2,2,0,0,1,0,0,0,0,s,label_X_QQ,9,0.4,0.230980222318464,0.025664469146495998,0.230980222318464,0.025664469146495998,2.5664469146495996,-3.662647767130952,-1.4654231897947323,8,label_X_sq,7,label_X_sq,2,2P_QQ_light,0,2P_QQ,2,2P_QQ_light_gluon,2,2P_QQ_light_gluon,,n/a (rung partitions the other block),,n/a (rung partitions the other block),8,label_X_sq,2,rand_res2p_02,4,rand_res2p_03,0,rand_res2p_02,0,"two-prong X->s quark + light quark (u/d); topology QQ, 2 visible object(s), leading heavy flavour s. Lands in 2P_QQ_light_gluon at the coarsest resonant rung (R=9) because prong count and hadronic-vs-leptonic character survive every contraction applied above it."
9,label_X_gg,res2p,gg,g+g,2,2,0,0,0,1,0,0,0,light,label_X_gg,1,0.05,0.028872527789808,0.028872527789808,0.028872527789808,0.028872527789808,2.8872527789807996,-3.5448647314745685,-3.5448647314745685,9,label_X_gg,8,label_X_gg,3,2P_gg,1,2P_gg,2,2P_QQ_light_gluon,2,2P_QQ_light_gluon,,n/a (rung partitions the other block),,n/a (rung partitions the other block),9,label_X_gg,4,rand_res2p_03,3,rand_res2p_00,4,rand_res2p_03,0,"two-prong X->gluon + gluon; topology gg, 2 visible object(s), leading heavy flavour light. Lands in 2P_QQ_light_gluon at the coarsest resonant rung (R=9) because prong count and hadronic-vs-leptonic character survive every contraction applied above it."
10,label_X_ee,res2p,ll,e+e,2,2,0,0,0,0,1,0,0,none,label_X_ll,2,0.08,0.04619604446369279,0.023098022231846396,0.04619604446369279,0.023098022231846396,2.3098022231846396,-3.768008282788778,-3.074861102228833,10,label_X_ee,9,label_X_ee,4,2P_ll,2,2P_ll,3,2P_ll,3,2P_leptonic,,n/a (rung partitions the other block),,n/a (rung partitions the other block),10,label_X_ee,0,rand_res2p_04,0,rand_res2p_02,1,rand_res2p_01,0,"two-prong X->electron + electron; topology ll, 2 visible object(s), leading heavy flavour none. Lands in 2P_leptonic at the coarsest resonant rung (R=9) because prong count and hadronic-vs-leptonic character survive every contraction applied above it."
11,label_X_mm,res2p,ll,m+m,2,2,0,0,0,0,1,0,0,none,label_X_ll,2,0.08,0.04619604446369279,0.023098022231846396,0.04619604446369279,0.023098022231846396,2.3098022231846396,-3.768008282788778,-3.074861102228833,11,label_X_mm,10,label_X_mm,4,2P_ll,2,2P_ll,3,2P_ll,3,2P_leptonic,,n/a (rung partitions the other block),,n/a (rung partitions the other block),11,label_X_mm,0,rand_res2p_04,1,rand_res2p_04,2,rand_res2p_04,0,"two-prong X->muon + muon; topology ll, 2 visible object(s), leading heavy flavour none. Lands in 2P_leptonic at the coarsest resonant rung (R=9) because prong count and hadronic-vs-leptonic character survive every contraction applied above it."
12,label_X_tauhtaue,res2p,tauhtaul,tauh+taue,2,2,0,0,0,0,1,1,0,none,label_X_tauhtaul,2,0.01,0.005774505557961599,0.0028872527789807994,0.005774505557961599,0.0028872527789807994,0.28872527789807995,-5.847449824468614,-5.154302643908669,12,label_X_tauhtaue,11,label_X_tauhtaue,5,2P_tauhtaul,3,2P_tauhtaul,4,2P_tautau,3,2P_leptonic,,n/a (rung partitions the other block),,n/a (rung partitions the other block),12,label_X_tauhtaue,3,rand_res2p_00,1,rand_res2p_04,1,rand_res2p_01,0,"two-prong X->hadronic tau + tau->e; topology tauhtaul, 2 visible object(s), leading heavy flavour none. Lands in 2P_leptonic at the coarsest resonant rung (R=9) because prong count and hadronic-vs-leptonic character survive every contraction applied above it."
13,label_X_tauhtaum,res2p,tauhtaul,tauh+taum,2,2,0,0,0,0,1,1,0,none,label_X_tauhtaul,2,0.01,0.005774505557961599,0.0028872527789807994,0.005774505557961599,0.0028872527789807994,0.28872527789807995,-5.847449824468614,-5.154302643908669,13,label_X_tauhtaum,12,label_X_tauhtaum,5,2P_tauhtaul,3,2P_tauhtaul,4,2P_tautau,3,2P_leptonic,,n/a (rung partitions the other block),,n/a (rung partitions the other block),13,label_X_tauhtaum,2,rand_res2p_02,0,rand_res2p_02,3,rand_res2p_00,0,"two-prong X->hadronic tau + tau->mu; topology tauhtaul, 2 visible object(s), leading heavy flavour none. Lands in 2P_leptonic at the coarsest resonant rung (R=9) because prong count and hadronic-vs-leptonic character survive every contraction applied above it."
14,label_X_tauhtauh,res2p,tauhtauh,tauh+tauh,2,2,0,0,0,0,1,1,0,none,label_X_tauhtauh,1,0.015,0.008661758336942398,0.008661758336942398,0.008661758336942398,0.008661758336942398,0.8661758336942399,-4.748837535800504,-4.748837535800504,14,label_X_tauhtauh,13,label_X_tauhtauh,6,2P_tauhtauh,4,2P_tauhtauh,4,2P_tautau,3,2P_leptonic,,n/a (rung partitions the other block),,n/a (rung partitions the other block),14,label_X_tauhtauh,1,rand_res2p_01,2,rand_res2p_01,4,rand_res2p_03,0,"two-prong X->hadronic tau + hadronic tau; topology tauhtauh, 2 visible object(s), leading heavy flavour none. Lands in 2P_leptonic at the coarsest resonant rung (R=9) because prong count and hadronic-vs-leptonic character survive every contraction applied above it."
15,label_X_YY_bbbb,res34p,QQQQ,b+b+b+b,4,4,1,0,0,0,0,0,0,b,label_X_YY_QQQQ,22,0.32,0.18478417785477116,0.008399280811580508,0.18478417785477116,0.008399280811580508,0.8399280811580507,-4.779609194467258,-1.6885667411089422,15,label_X_YY_bbbb,14,label_X_YY_bbbb,7,34P_QQQQ_b,5,34P_QQQQ,5,34P_4prong_had_quarks,4,34P_4prong_hadronic,,n/a (rung partitions the other block),,n/a (rung partitions the other block),15,other_resonant,5,rand_res34p_06,5,rand_res34p_03,5,rand_res34p_09,0,"X->YY with b quark + b quark + b quark + b quark; topology QQQQ, 4 visible object(s), leading heavy flavour b. Lands in 34P_4prong_hadronic at the coarsest resonant rung (R=9) because prong count and hadronic-vs-leptonic character survive every contraction applied above it."
16,label_X_YY_bbcc,res34p,QQQQ,b+b+c+c,4,4,1,1,0,0,0,0,0,b,label_X_YY_QQQQ,22,0.32,0.18478417785477116,0.008399280811580508,0.18478417785477116,0.008399280811580508,0.8399280811580507,-4.779609194467258,-1.6885667411089422,16,label_X_YY_bbcc,15,label_X_YY_bbcc,7,34P_QQQQ_b,5,34P_QQQQ,5,34P_4prong_had_quarks,4,34P_4prong_hadronic,,n/a (rung partitions the other block),,n/a (rung partitions the other block),15,other_resonant,6,rand_res34p_03,6,rand_res34p_05,6,rand_res34p_04,0,"X->YY with b quark + b quark + c quark + c quark; topology QQQQ, 4 visible object(s), leading heavy flavour b. Lands in 34P_4prong_hadronic at the coarsest resonant rung (R=9) because prong count and hadronic-vs-leptonic character survive every contraction applied above it."
17,label_X_YY_bbss,res34p,QQQQ,b+b+s+s,4,4,1,0,1,0,0,0,0,b,label_X_YY_QQQQ,22,0.32,0.18478417785477116,0.008399280811580508,0.18478417785477116,0.008399280811580508,0.8399280811580507,-4.779609194467258,-1.6885667411089422,17,label_X_YY_bbss,16,label_X_YY_bbss,7,34P_QQQQ_b,5,34P_QQQQ,5,34P_4prong_had_quarks,4,34P_4prong_hadronic,,n/a (rung partitions the other block),,n/a (rung partitions the other block),15,other_resonant,5,rand_res34p_06,7,rand_res34p_04,7,rand_res34p_08,1,"X->YY with b quark + b quark + s quark + s quark; topology QQQQ, 4 visible object(s), leading heavy flavour b. Lands in 34P_4prong_hadronic at the coarsest resonant rung (R=9) because prong count and hadronic-vs-leptonic character survive every contraction applied above it."
18,label_X_YY_bbqq,res34p,QQQQ,b+b+q+q,4,4,1,0,0,0,0,0,0,b,label_X_YY_QQQQ,22,0.32,0.18478417785477116,0.008399280811580508,0.18478417785477116,0.008399280811580508,0.8399280811580507,-4.779609194467258,-1.6885667411089422,18,label_X_YY_bbqq,17,label_X_YY_bbqq,7,34P_QQQQ_b,5,34P_QQQQ,5,34P_4prong_had_quarks,4,34P_4prong_hadronic,,n/a (rung partitions the other block),,n/a (rung partitions the other block),15,other_resonant,7,rand_res34p_09,8,rand_res34p_08,8,rand_res34p_07,0,"X->YY with b quark + b quark + light quark (u/d) + light quark (u/d); topology QQQQ, 4 visible object(s), leading heavy flavour b. Lands in 34P_4prong_hadronic at the coarsest resonant rung (R=9) because prong count and hadronic-vs-leptonic character survive every contraction applied above it."
19,label_X_YY_bbgg,res34p,QQgg,b+b+g+g,4,4,1,0,0,1,0,0,0,b,label_X_YY_QQgg,4,0.06,0.03464703334776959,0.008661758336942398,0.03464703334776959,0.008661758336942398,0.8661758336942399,-4.748837535800504,-3.362543174680614,19,label_X_YY_bbgg,18,label_X_YY_bbgg,8,34P_QQgg_b,6,34P_QQgg,6,34P_4prong_had_gluon,4,34P_4prong_hadronic,,n/a (rung partitions the other block),,n/a (rung partitions the other block),15,other_resonant,8,rand_res34p_04,9,rand_res34p_00,8,rand_res34p_07,0,"X->YY with b quark + b quark + gluon + gluon; topology QQgg, 4 visible object(s), leading heavy flavour b. Lands in 34P_4prong_hadronic at the coarsest resonant rung (R=9) because prong count and hadronic-vs-leptonic character survive every contraction applied above it."
20,label_X_YY_bbee,res34p,QQll,b+b+e+e,4,4,1,0,0,0,1,0,0,b,label_X_YY_QQll,8,0.16,0.09239208892738558,0.011549011115923198,0.09239208892738558,0.011549011115923198,1.1549011115923198,-4.461155463348724,-2.3817139216688874,20,label_X_YY_bbee,19,label_X_YY_bbee,9,34P_QQll_b,7,34P_QQll,7,34P_4prong_lightlep,5,34P_4prong_leptonic,,n/a (rung partitions the other block),,n/a (rung partitions the other block),15,other_resonant,8,rand_res34p_04,7,rand_res34p_04,8,rand_res34p_07,0,"X->YY with b quark + b quark + electron + electron; topology QQll, 4 visible object(s), leading heavy flavour b. Lands in 34P_4prong_leptonic at the coarsest resonant rung (R=9) because prong count and hadronic-vs-leptonic character survive every contraction applied above it."
21,label_X_YY_bbmm,res34p,QQll,b+b+m+m,4,4,1,0,0,0,1,0,0,b,label_X_YY_QQll,8,0.16,0.09239208892738558,0.011549011115923198,0.09239208892738558,0.011549011115923198,1.1549011115923198,-4.461155463348724,-2.3817139216688874,21,label_X_YY_bbmm,20,label_X_YY_bbmm,9,34P_QQll_b,7,34P_QQll,7,34P_4prong_lightlep,5,34P_4prong_leptonic,,n/a (rung partitions the other block),,n/a (rung partitions the other block),15,other_resonant,5,rand_res34p_06,8,rand_res34p_08,9,rand_res34p_03,0,"X->YY with b quark + b quark + muon + muon; topology QQll, 4 visible object(s), leading heavy flavour b. Lands in 34P_4prong_leptonic at the coarsest resonant rung (R=9) because prong count and hadronic-vs-leptonic character survive every contraction applied above it."
22,label_X_YY_bbtauhtaue,res34p,QQtauhtaul,b+b+tauh+taue,4,4,1,0,0,0,1,1,0,b,label_X_YY_QQtauhtaul,8,0.04,0.023098022231846396,0.0028872527789807994,0.023098022231846396,0.0028872527789807994,0.28872527789807995,-5.847449824468614,-3.768008282788778,22,label_X_YY_bbtauhtaue,21,label_X_YY_bbtauhtaue,10,34P_QQtauhtaul_b,8,34P_QQtauhtaul,8,34P_4prong_tau,5,34P_4prong_leptonic,,n/a (rung partitions the other block),,n/a (rung partitions the other block),15,other_resonant,6,rand_res34p_03,6,rand_res34p_05,9,rand_res34p_03,0,"X->YY with b quark + b quark + hadronic tau + tau->e; topology QQtauhtaul, 4 visible object(s), leading heavy flavour b. Lands in 34P_4prong_leptonic at the coarsest resonant rung (R=9) because prong count and hadronic-vs-leptonic character survive every contraction applied above it."
23,label_X_YY_bbtauhtaum,res34p,QQtauhtaul,b+b+tauh+taum,4,4,1,0,0,0,1,1,0,b,label_X_YY_QQtauhtaul,8,0.04,0.023098022231846396,0.0028872527789807994,0.023098022231846396,0.0028872527789807994,0.28872527789807995,-5.847449824468614,-3.768008282788778,23,label_X_YY_bbtauhtaum,22,label_X_YY_bbtauhtaum,10,34P_QQtauhtaul_b,8,34P_QQtauhtaul,8,34P_4prong_tau,5,34P_4prong_leptonic,,n/a (rung partitions the other block),,n/a (rung partitions the other block),15,other_resonant,5,rand_res34p_06,10,rand_res34p_02,6,rand_res34p_04,0,"X->YY with b quark + b quark + hadronic tau + tau->mu; topology QQtauhtaul, 4 visible object(s), leading heavy flavour b. Lands in 34P_4prong_leptonic at the coarsest resonant rung (R=9) because prong count and hadronic-vs-leptonic character survive every contraction applied above it."
24,label_X_YY_bbtauhtauh,res34p,QQtauhtauh,b+b+tauh+tauh,4,4,1,0,0,0,1,1,0,b,label_X_YY_QQtauhtauh,4,0.04,0.023098022231846396,0.005774505557961599,0.023098022231846396,0.005774505557961599,0.5774505557961599,-5.154302643908669,-3.768008282788778,24,label_X_YY_bbtauhtauh,23,label_X_YY_bbtauhtauh,11,34P_QQtauhtauh_b,9,34P_QQtauhtauh,8,34P_4prong_tau,5,34P_4prong_leptonic,,n/a (rung partitions the other block),,n/a (rung partitions the other block),15,other_resonant,8,rand_res34p_04,10,rand_res34p_02,10,rand_res34p_06,0,"X->YY with b quark + b quark + hadronic tau + hadronic tau; topology QQtauhtauh, 4 visible object(s), leading heavy flavour b. Lands in 34P_4prong_leptonic at the coarsest resonant rung (R=9) because prong count and hadronic-vs-leptonic character survive every contraction applied above it."
25,label_X_YY_bbb,res34p,QQQ,b+b+b,3,3,1,0,0,0,0,0,0,b,label_X_YY_QQQ,20,0.05,0.028872527789808,0.0014436263894904,0.028872527789808,0.0014436263894904,0.14436263894903997,-6.540597005028559,-3.5448647314745685,25,label_X_YY_bbb,24,label_X_YY_bbb,12,34P_QQQ_b,10,34P_QQQ,9,34P_3prong_had_quarks,6,34P_3prong_hadronic,,n/a (rung partitions the other block),,n/a (rung partitions the other block),15,other_resonant,9,rand_res34p_08,11,rand_res34p_06,5,rand_res34p_09,0,"X->YY with b quark + b quark + b quark; topology QQQ, 3 visible object(s), leading heavy flavour b. Lands in 34P_3prong_hadronic at the coarsest resonant rung (R=9) because prong count and hadronic-vs-leptonic character survive every contraction applied above it."
26,label_X_YY_bbc,res34p,QQQ,b+b+c,3,3,1,1,0,0,0,0,0,b,label_X_YY_QQQ,20,0.05,0.028872527789808,0.0014436263894904,0.028872527789808,0.0014436263894904,0.14436263894903997,-6.540597005028559,-3.5448647314745685,26,label_X_YY_bbc,25,label_X_YY_bbc,12,34P_QQQ_b,10,34P_QQQ,9,34P_3prong_had_quarks,6,34P_3prong_hadronic,,n/a (rung partitions the other block),,n/a (rung partitions the other block),15,other_resonant,10,rand_res34p_05,12,rand_res34p_07,11,rand_res34p_05,0,"X->YY with b quark + b quark + c quark; topology QQQ, 3 visible object(s), leading heavy flavour b. Lands in 34P_3prong_hadronic at the coarsest resonant rung (R=9) because prong count and hadronic-vs-leptonic character survive every contraction applied above it."
27,label_X_YY_bbs,res34p,QQQ,b+b+s,3,3,1,0,1,0,0,0,0,b,label_X_YY_QQQ,20,0.05,0.028872527789808,0.0014436263894904,0.028872527789808,0.0014436263894904,0.14436263894903997,-6.540597005028559,-3.5448647314745685,27,label_X_YY_bbs,26,label_X_YY_bbs,12,34P_QQQ_b,10,34P_QQQ,9,34P_3prong_had_quarks,6,34P_3prong_hadronic,,n/a (rung partitions the other block),,n/a (rung partitions the other block),15,other_resonant,11,rand_res34p_07,13,rand_res34p_09,6,rand_res34p_04,1,"X->YY with b quark + b quark + s quark; topology QQQ, 3 visible object(s), leading heavy flavour b. Lands in 34P_3prong_hadronic at the coarsest resonant rung (R=9) because prong count and hadronic-vs-leptonic character survive every contraction applied above it."
28,label_X_YY_bbq,res34p,QQQ,b+b+q,3,3,1,0,0,0,0,0,0,b,label_X_YY_QQQ,20,0.05,0.028872527789808,0.0014436263894904,0.028872527789808,0.0014436263894904,0.14436263894903997,-6.540597005028559,-3.5448647314745685,28,label_X_YY_bbq,27,label_X_YY_bbq,12,34P_QQQ_b,10,34P_QQQ,9,34P_3prong_had_quarks,6,34P_3prong_hadronic,,n/a (rung partitions the other block),,n/a (rung partitions the other block),15,other_resonant,7,rand_res34p_09,5,rand_res34p_03,12,rand_res34p_02,0,"X->YY with b quark + b quark + light quark (u/d); topology QQQ, 3 visible object(s), leading heavy flavour b. Lands in 34P_3prong_hadronic at the coarsest resonant rung (R=9) because prong count and hadronic-vs-leptonic character survive every contraction applied above it."
29,label_X_YY_bbg,res34p,QQg,b+b+g,3,3,1,0,0,1,0,0,0,b,label_X_YY_QQg,4,0.005,0.0028872527789807994,0.0007218131947451999,0.0028872527789807994,0.0007218131947451999,0.07218131947451999,-7.233744185588505,-5.847449824468614,29,label_X_YY_bbg,28,label_X_YY_bbg,13,34P_QQg_b,11,34P_QQg,10,34P_3prong_had_gluon,6,34P_3prong_hadronic,,n/a (rung partitions the other block),,n/a (rung partitions the other block),15,other_resonant,8,rand_res34p_04,7,rand_res34p_04,5,rand_res34p_09,0,"X->YY with b quark + b quark + gluon; topology QQg, 3 visible object(s), leading heavy flavour b. Lands in 34P_3prong_hadronic at the coarsest resonant rung (R=9) because prong count and hadronic-vs-leptonic character survive every contraction applied above it."
30,label_X_YY_bbe,res34p,QQl,b+b+e,3,3,1,0,0,0,1,0,0,b,label_X_YY_QQl,8,0.01,0.005774505557961599,0.0007218131947451999,0.005774505557961599,0.0007218131947451999,0.07218131947451999,-7.233744185588505,-5.154302643908669,30,label_X_YY_bbe,29,label_X_YY_bbe,14,34P_QQl_b,12,34P_QQl,11,34P_3prong_lightlep,7,34P_3prong_leptonic,,n/a (rung partitions the other block),,n/a (rung partitions the other block),15,other_resonant,12,rand_res34p_00,11,rand_res34p_06,6,rand_res34p_04,0,"X->YY with b quark + b quark + electron; topology QQl, 3 visible object(s), leading heavy flavour b. Lands in 34P_3prong_leptonic at the coarsest resonant rung (R=9) because prong count and hadronic-vs-leptonic character survive every contraction applied above it."
31,label_X_YY_bbm,res34p,QQl,b+b+m,3,3,1,0,0,0,1,0,0,b,label_X_YY_QQl,8,0.01,0.005774505557961599,0.0007218131947451999,0.005774505557961599,0.0007218131947451999,0.07218131947451999,-7.233744185588505,-5.154302643908669,31,label_X_YY_bbm,30,label_X_YY_bbm,14,34P_QQl_b,12,34P_QQl,11,34P_3prong_lightlep,7,34P_3prong_leptonic,,n/a (rung partitions the other block),,n/a (rung partitions the other block),15,other_resonant,7,rand_res34p_09,12,rand_res34p_07,6,rand_res34p_04,0,"X->YY with b quark + b quark + muon; topology QQl, 3 visible object(s), leading heavy flavour b. Lands in 34P_3prong_leptonic at the coarsest resonant rung (R=9) because prong count and hadronic-vs-leptonic character survive every contraction applied above it."
32,label_X_YY_cccc,res34p,QQQQ,c+c+c+c,4,4,0,1,0,0,0,0,0,c,label_X_YY_QQQQ,22,0.32,0.18478417785477116,0.008399280811580508,0.18478417785477116,0.008399280811580508,0.8399280811580507,-4.779609194467258,-1.6885667411089422,32,label_X_YY_cccc,31,label_X_YY_cccc,15,34P_QQQQ_nob,5,34P_QQQQ,5,34P_4prong_had_quarks,4,34P_4prong_hadronic,,n/a (rung partitions the other block),,n/a (rung partitions the other block),15,other_resonant,7,rand_res34p_09,11,rand_res34p_06,8,rand_res34p_07,0,"X->YY with c quark + c quark + c quark + c quark; topology QQQQ, 4 visible object(s), leading heavy flavour c. Lands in 34P_4prong_hadronic at the coarsest resonant rung (R=9) because prong count and hadronic-vs-leptonic character survive every contraction applied above it."
33,label_X_YY_ccss,res34p,QQQQ,c+c+s+s,4,4,0,1,1,0,0,0,0,c,label_X_YY_QQQQ,22,0.32,0.18478417785477116,0.008399280811580508,0.18478417785477116,0.008399280811580508,0.8399280811580507,-4.779609194467258,-1.6885667411089422,33,label_X_YY_ccss,32,label_X_YY_ccss,15,34P_QQQQ_nob,5,34P_QQQQ,5,34P_4prong_had_quarks,4,34P_4prong_hadronic,,n/a (rung partitions the other block),,n/a (rung partitions the other block),15,other_resonant,11,rand_res34p_07,13,rand_res34p_09,6,rand_res34p_04,0,"X->YY with c quark + c quark + s quark + s quark; topology QQQQ, 4 visible object(s), leading heavy flavour c. Lands in 34P_4prong_hadronic at the coarsest resonant rung (R=9) because prong count and hadronic-vs-leptonic character survive every contraction applied above it."
34,label_X_YY_ccqq,res34p,QQQQ,c+c+q+q,4,4,0,1,0,0,0,0,0,c,label_X_YY_QQQQ,22,0.32,0.18478417785477116,0.008399280811580508,0.18478417785477116,0.008399280811580508,0.8399280811580507,-4.779609194467258,-1.6885667411089422,34,label_X_YY_ccqq,33,label_X_YY_ccqq,15,34P_QQQQ_nob,5,34P_QQQQ,5,34P_4prong_had_quarks,4,34P_4prong_hadronic,,n/a (rung partitions the other block),,n/a (rung partitions the other block),15,other_resonant,8,rand_res34p_04,11,rand_res34p_06,9,rand_res34p_03,0,"X->YY with c quark + c quark + light quark (u/d) + light quark (u/d); topology QQQQ, 4 visible object(s), leading heavy flavour c. Lands in 34P_4prong_hadronic at the coarsest resonant rung (R=9) because prong count and hadronic-vs-leptonic character survive every contraction applied above it."
35,label_X_YY_ccgg,res34p,QQgg,c+c+g+g,4,4,0,1,0,1,0,0,0,c,label_X_YY_QQgg,4,0.06,0.03464703334776959,0.008661758336942398,0.03464703334776959,0.008661758336942398,0.8661758336942399,-4.748837535800504,-3.362543174680614,35,label_X_YY_ccgg,34,label_X_YY_ccgg,16,34P_QQgg_nob,6,34P_QQgg,6,34P_4prong_had_gluon,4,34P_4prong_hadronic,,n/a (rung partitions the other block),,n/a (rung partitions the other block),15,other_resonant,8,rand_res34p_04,11,rand_res34p_06,13,rand_res34p_00,0,"X->YY with c quark + c quark + gluon + gluon; topology QQgg, 4 visible object(s), leading heavy flavour c. Lands in 34P_4prong_hadronic at the coarsest resonant rung (R=9) because prong count and hadronic-vs-leptonic character survive every contraction applied above it."
36,label_X_YY_ccee,res34p,QQll,c+c+e+e,4,4,0,1,0,0,1,0,0,c,label_X_YY_QQll,8,0.16,0.09239208892738558,0.011549011115923198,0.09239208892738558,0.011549011115923198,1.1549011115923198,-4.461155463348724,-2.3817139216688874,36,label_X_YY_ccee,35,label_X_YY_ccee,17,34P_QQll_nob,7,34P_QQll,7,34P_4prong_lightlep,5,34P_4prong_leptonic,,n/a (rung partitions the other block),,n/a (rung partitions the other block),15,other_resonant,12,rand_res34p_00,13,rand_res34p_09,8,rand_res34p_07,0,"X->YY with c quark + c quark + electron + electron; topology QQll, 4 visible object(s), leading heavy flavour c. Lands in 34P_4prong_leptonic at the coarsest resonant rung (R=9) because prong count and hadronic-vs-leptonic character survive every contraction applied above it."
37,label_X_YY_ccmm,res34p,QQll,c+c+m+m,4,4,0,1,0,0,1,0,0,c,label_X_YY_QQll,8,0.16,0.09239208892738558,0.011549011115923198,0.09239208892738558,0.011549011115923198,1.1549011115923198,-4.461155463348724,-2.3817139216688874,37,label_X_YY_ccmm,36,label_X_YY_ccmm,17,34P_QQll_nob,7,34P_QQll,7,34P_4prong_lightlep,5,34P_4prong_leptonic,,n/a (rung partitions the other block),,n/a (rung partitions the other block),15,other_resonant,7,rand_res34p_09,9,rand_res34p_00,7,rand_res34p_08,0,"X->YY with c quark + c quark + muon + muon; topology QQll, 4 visible object(s), leading heavy flavour c. Lands in 34P_4prong_leptonic at the coarsest resonant rung (R=9) because prong count and hadronic-vs-leptonic character survive every contraction applied above it."
38,label_X_YY_cctauhtaue,res34p,QQtauhtaul,c+c+tauh+taue,4,4,0,1,0,0,1,1,0,c,label_X_YY_QQtauhtaul,8,0.04,0.023098022231846396,0.0028872527789807994,0.023098022231846396,0.0028872527789807994,0.28872527789807995,-5.847449824468614,-3.768008282788778,38,label_X_YY_cctauhtaue,37,label_X_YY_cctauhtaue,18,34P_QQtauhtaul_nob,8,34P_QQtauhtaul,8,34P_4prong_tau,5,34P_4prong_leptonic,,n/a (rung partitions the other block),,n/a (rung partitions the other block),15,other_resonant,10,rand_res34p_05,14,rand_res34p_01,10,rand_res34p_06,0,"X->YY with c quark + c quark + hadronic tau + tau->e; topology QQtauhtaul, 4 visible object(s), leading heavy flavour c. Lands in 34P_4prong_leptonic at the coarsest resonant rung (R=9) because prong count and hadronic-vs-leptonic character survive every contraction applied above it."
39,label_X_YY_cctauhtaum,res34p,QQtauhtaul,c+c+tauh+taum,4,4,0,1,0,0,1,1,0,c,label_X_YY_QQtauhtaul,8,0.04,0.023098022231846396,0.0028872527789807994,0.023098022231846396,0.0028872527789807994,0.28872527789807995,-5.847449824468614,-3.768008282788778,39,label_X_YY_cctauhtaum,38,label_X_YY_cctauhtaum,18,34P_QQtauhtaul_nob,8,34P_QQtauhtaul,8,34P_4prong_tau,5,34P_4prong_leptonic,,n/a (rung partitions the other block),,n/a (rung partitions the other block),15,other_resonant,13,rand_res34p_01,5,rand_res34p_03,12,rand_res34p_02,0,"X->YY with c quark + c quark + hadronic tau + tau->mu; topology QQtauhtaul, 4 visible object(s), leading heavy flavour c. Lands in 34P_4prong_leptonic at the coarsest resonant rung (R=9) because prong count and hadronic-vs-leptonic character survive every contraction applied above it."
40,label_X_YY_cctauhtauh,res34p,QQtauhtauh,c+c+tauh+tauh,4,4,0,1,0,0,1,1,0,c,label_X_YY_QQtauhtauh,4,0.04,0.023098022231846396,0.005774505557961599,0.023098022231846396,0.005774505557961599,0.5774505557961599,-5.154302643908669,-3.768008282788778,40,label_X_YY_cctauhtauh,39,label_X_YY_cctauhtauh,19,34P_QQtauhtauh_nob,9,34P_QQtauhtauh,8,34P_4prong_tau,5,34P_4prong_leptonic,,n/a (rung partitions the other block),,n/a (rung partitions the other block),15,other_resonant,8,rand_res34p_04,12,rand_res34p_07,14,rand_res34p_01,0,"X->YY with c quark + c quark + hadronic tau + hadronic tau; topology QQtauhtauh, 4 visible object(s), leading heavy flavour c. Lands in 34P_4prong_leptonic at the coarsest resonant rung (R=9) because prong count and hadronic-vs-leptonic character survive every contraction applied above it."
41,label_X_YY_ccb,res34p,QQQ,c+c+b,3,3,1,1,0,0,0,0,0,b,label_X_YY_QQQ,20,0.05,0.028872527789808,0.0014436263894904,0.028872527789808,0.0014436263894904,0.14436263894903997,-6.540597005028559,-3.5448647314745685,41,label_X_YY_ccb,40,label_X_YY_ccb,12,34P_QQQ_b,10,34P_QQQ,9,34P_3prong_had_quarks,6,34P_3prong_hadronic,,n/a (rung partitions the other block),,n/a (rung partitions the other block),15,other_resonant,14,rand_res34p_02,7,rand_res34p_04,10,rand_res34p_06,0,"X->YY with c quark + c quark + b quark; topology QQQ, 3 visible object(s), leading heavy flavour b. Lands in 34P_3prong_hadronic at the coarsest resonant rung (R=9) because prong count and hadronic-vs-leptonic character survive every contraction applied above it."
42,label_X_YY_ccc,res34p,QQQ,c+c+c,3,3,0,1,0,0,0,0,0,c,label_X_YY_QQQ,20,0.05,0.028872527789808,0.0014436263894904,0.028872527789808,0.0014436263894904,0.14436263894903997,-6.540597005028559,-3.5448647314745685,42,label_X_YY_ccc,41,label_X_YY_ccc,20,34P_QQQ_nob,10,34P_QQQ,9,34P_3prong_had_quarks,6,34P_3prong_hadronic,,n/a (rung partitions the other block),,n/a (rung partitions the other block),15,other_resonant,14,rand_res34p_02,11,rand_res34p_06,11,rand_res34p_05,0,"X->YY with c quark + c quark + c quark; topology QQQ, 3 visible object(s), leading heavy flavour c. Lands in 34P_3prong_hadronic at the coarsest resonant rung (R=9) because prong count and hadronic-vs-leptonic character survive every contraction applied above it."
43,label_X_YY_ccs,res34p,QQQ,c+c+s,3,3,0,1,1,0,0,0,0,c,label_X_YY_QQQ,20,0.05,0.028872527789808,0.0014436263894904,0.028872527789808,0.0014436263894904,0.14436263894903997,-6.540597005028559,-3.5448647314745685,43,label_X_YY_ccs,42,label_X_YY_ccs,20,34P_QQQ_nob,10,34P_QQQ,9,34P_3prong_had_quarks,6,34P_3prong_hadronic,,n/a (rung partitions the other block),,n/a (rung partitions the other block),15,other_resonant,6,rand_res34p_03,7,rand_res34p_04,13,rand_res34p_00,0,"X->YY with c quark + c quark + s quark; topology QQQ, 3 visible object(s), leading heavy flavour c. Lands in 34P_3prong_hadronic at the coarsest resonant rung (R=9) because prong count and hadronic-vs-leptonic character survive every contraction applied above it."
44,label_X_YY_ccq,res34p,QQQ,c+c+q,3,3,0,1,0,0,0,0,0,c,label_X_YY_QQQ,20,0.05,0.028872527789808,0.0014436263894904,0.028872527789808,0.0014436263894904,0.14436263894903997,-6.540597005028559,-3.5448647314745685,44,label_X_YY_ccq,43,label_X_YY_ccq,20,34P_QQQ_nob,10,34P_QQQ,9,34P_3prong_had_quarks,6,34P_3prong_hadronic,,n/a (rung partitions the other block),,n/a (rung partitions the other block),15,other_resonant,8,rand_res34p_04,13,rand_res34p_09,5,rand_res34p_09,0,"X->YY with c quark + c quark + light quark (u/d); topology QQQ, 3 visible object(s), leading heavy flavour c. Lands in 34P_3prong_hadronic at the coarsest resonant rung (R=9) because prong count and hadronic-vs-leptonic character survive every contraction applied above it."
45,label_X_YY_ccg,res34p,QQg,c+c+g,3,3,0,1,0,1,0,0,0,c,label_X_YY_QQg,4,0.005,0.0028872527789807994,0.0007218131947451999,0.0028872527789807994,0.0007218131947451999,0.07218131947451999,-7.233744185588505,-5.847449824468614,45,label_X_YY_ccg,44,label_X_YY_ccg,21,34P_QQg_nob,11,34P_QQg,10,34P_3prong_had_gluon,6,34P_3prong_hadronic,,n/a (rung partitions the other block),,n/a (rung partitions the other block),15,other_resonant,13,rand_res34p_01,7,rand_res34p_04,8,rand_res34p_07,0,"X->YY with c quark + c quark + gluon; topology QQg, 3 visible object(s), leading heavy flavour c. Lands in 34P_3prong_hadronic at the coarsest resonant rung (R=9) because prong count and hadronic-vs-leptonic character survive every contraction applied above it."
46,label_X_YY_cce,res34p,QQl,c+c+e,3,3,0,1,0,0,1,0,0,c,label_X_YY_QQl,8,0.01,0.005774505557961599,0.0007218131947451999,0.005774505557961599,0.0007218131947451999,0.07218131947451999,-7.233744185588505,-5.154302643908669,46,label_X_YY_cce,45,label_X_YY_cce,22,34P_QQl_nob,12,34P_QQl,11,34P_3prong_lightlep,7,34P_3prong_leptonic,,n/a (rung partitions the other block),,n/a (rung partitions the other block),15,other_resonant,8,rand_res34p_04,5,rand_res34p_03,9,rand_res34p_03,0,"X->YY with c quark + c quark + electron; topology QQl, 3 visible object(s), leading heavy flavour c. Lands in 34P_3prong_leptonic at the coarsest resonant rung (R=9) because prong count and hadronic-vs-leptonic character survive every contraction applied above it."
47,label_X_YY_ccm,res34p,QQl,c+c+m,3,3,0,1,0,0,1,0,0,c,label_X_YY_QQl,8,0.01,0.005774505557961599,0.0007218131947451999,0.005774505557961599,0.0007218131947451999,0.07218131947451999,-7.233744185588505,-5.154302643908669,47,label_X_YY_ccm,46,label_X_YY_ccm,22,34P_QQl_nob,12,34P_QQl,11,34P_3prong_lightlep,7,34P_3prong_leptonic,,n/a (rung partitions the other block),,n/a (rung partitions the other block),15,other_resonant,13,rand_res34p_01,12,rand_res34p_07,13,rand_res34p_00,0,"X->YY with c quark + c quark + muon; topology QQl, 3 visible object(s), leading heavy flavour c. Lands in 34P_3prong_leptonic at the coarsest resonant rung (R=9) because prong count and hadronic-vs-leptonic character survive every contraction applied above it."
48,label_X_YY_ssss,res34p,QQQQ,s+s+s+s,4,4,0,0,1,0,0,0,0,s,label_X_YY_QQQQ,22,0.32,0.18478417785477116,0.008399280811580508,0.18478417785477116,0.008399280811580508,0.8399280811580507,-4.779609194467258,-1.6885667411089422,48,label_X_YY_ssss,47,label_X_YY_ssss,15,34P_QQQQ_nob,5,34P_QQQQ,5,34P_4prong_had_quarks,4,34P_4prong_hadronic,,n/a (rung partitions the other block),,n/a (rung partitions the other block),15,other_resonant,10,rand_res34p_05,10,rand_res34p_02,11,rand_res34p_05,0,"X->YY with s quark + s quark + s quark + s quark; topology QQQQ, 4 visible object(s), leading heavy flavour s. Lands in 34P_4prong_hadronic at the coarsest resonant rung (R=9) because prong count and hadronic-vs-leptonic character survive every contraction applied above it."
49,label_X_YY_ssqq,res34p,QQQQ,s+s+q+q,4,4,0,0,1,0,0,0,0,s,label_X_YY_QQQQ,22,0.32,0.18478417785477116,0.008399280811580508,0.18478417785477116,0.008399280811580508,0.8399280811580507,-4.779609194467258,-1.6885667411089422,49,label_X_YY_ssqq,48,label_X_YY_ssqq,15,34P_QQQQ_nob,5,34P_QQQQ,5,34P_4prong_had_quarks,4,34P_4prong_hadronic,,n/a (rung partitions the other block),,n/a (rung partitions the other block),15,other_resonant,12,rand_res34p_00,9,rand_res34p_00,13,rand_res34p_00,0,"X->YY with s quark + s quark + light quark (u/d) + light quark (u/d); topology QQQQ, 4 visible object(s), leading heavy flavour s. Lands in 34P_4prong_hadronic at the coarsest resonant rung (R=9) because prong count and hadronic-vs-leptonic character survive every contraction applied above it."
50,label_X_YY_ssgg,res34p,QQgg,s+s+g+g,4,4,0,0,1,1,0,0,0,s,label_X_YY_QQgg,4,0.06,0.03464703334776959,0.008661758336942398,0.03464703334776959,0.008661758336942398,0.8661758336942399,-4.748837535800504,-3.362543174680614,50,label_X_YY_ssgg,49,label_X_YY_ssgg,16,34P_QQgg_nob,6,34P_QQgg,6,34P_4prong_had_gluon,4,34P_4prong_hadronic,,n/a (rung partitions the other block),,n/a (rung partitions the other block),15,other_resonant,6,rand_res34p_03,12,rand_res34p_07,13,rand_res34p_00,0,"X->YY with s quark + s quark + gluon + gluon; topology QQgg, 4 visible object(s), leading heavy flavour s. Lands in 34P_4prong_hadronic at the coarsest resonant rung (R=9) because prong count and hadronic-vs-leptonic character survive every contraction applied above it."
51,label_X_YY_ssee,res34p,QQll,s+s+e+e,4,4,0,0,1,0,1,0,0,s,label_X_YY_QQll,8,0.16,0.09239208892738558,0.011549011115923198,0.09239208892738558,0.011549011115923198,1.1549011115923198,-4.461155463348724,-2.3817139216688874,51,label_X_YY_ssee,50,label_X_YY_ssee,17,34P_QQll_nob,7,34P_QQll,7,34P_4prong_lightlep,5,34P_4prong_leptonic,,n/a (rung partitions the other block),,n/a (rung partitions the other block),15,other_resonant,10,rand_res34p_05,9,rand_res34p_00,6,rand_res34p_04,0,"X->YY with s quark + s quark + electron + electron; topology QQll, 4 visible object(s), leading heavy flavour s. Lands in 34P_4prong_leptonic at the coarsest resonant rung (R=9) because prong count and hadronic-vs-leptonic character survive every contraction applied above it."
52,label_X_YY_ssmm,res34p,QQll,s+s+m+m,4,4,0,0,1,0,1,0,0,s,label_X_YY_QQll,8,0.16,0.09239208892738558,0.011549011115923198,0.09239208892738558,0.011549011115923198,1.1549011115923198,-4.461155463348724,-2.3817139216688874,52,label_X_YY_ssmm,51,label_X_YY_ssmm,17,34P_QQll_nob,7,34P_QQll,7,34P_4prong_lightlep,5,34P_4prong_leptonic,,n/a (rung partitions the other block),,n/a (rung partitions the other block),15,other_resonant,8,rand_res34p_04,7,rand_res34p_04,12,rand_res34p_02,0,"X->YY with s quark + s quark + muon + muon; topology QQll, 4 visible object(s), leading heavy flavour s. Lands in 34P_4prong_leptonic at the coarsest resonant rung (R=9) because prong count and hadronic-vs-leptonic character survive every contraction applied above it."
53,label_X_YY_sstauhtaue,res34p,QQtauhtaul,s+s+tauh+taue,4,4,0,0,1,0,1,1,0,s,label_X_YY_QQtauhtaul,8,0.04,0.023098022231846396,0.0028872527789807994,0.023098022231846396,0.0028872527789807994,0.28872527789807995,-5.847449824468614,-3.768008282788778,53,label_X_YY_sstauhtaue,52,label_X_YY_sstauhtaue,18,34P_QQtauhtaul_nob,8,34P_QQtauhtaul,8,34P_4prong_tau,5,34P_4prong_leptonic,,n/a (rung partitions the other block),,n/a (rung partitions the other block),15,other_resonant,13,rand_res34p_01,12,rand_res34p_07,10,rand_res34p_06,0,"X->YY with s quark + s quark + hadronic tau + tau->e; topology QQtauhtaul, 4 visible object(s), leading heavy flavour s. Lands in 34P_4prong_leptonic at the coarsest resonant rung (R=9) because prong count and hadronic-vs-leptonic character survive every contraction applied above it."
54,label_X_YY_sstauhtaum,res34p,QQtauhtaul,s+s+tauh+taum,4,4,0,0,1,0,1,1,0,s,label_X_YY_QQtauhtaul,8,0.04,0.023098022231846396,0.0028872527789807994,0.023098022231846396,0.0028872527789807994,0.28872527789807995,-5.847449824468614,-3.768008282788778,54,label_X_YY_sstauhtaum,53,label_X_YY_sstauhtaum,18,34P_QQtauhtaul_nob,8,34P_QQtauhtaul,8,34P_4prong_tau,5,34P_4prong_leptonic,,n/a (rung partitions the other block),,n/a (rung partitions the other block),15,other_resonant,14,rand_res34p_02,7,rand_res34p_04,13,rand_res34p_00,0,"X->YY with s quark + s quark + hadronic tau + tau->mu; topology QQtauhtaul, 4 visible object(s), leading heavy flavour s. Lands in 34P_4prong_leptonic at the coarsest resonant rung (R=9) because prong count and hadronic-vs-leptonic character survive every contraction applied above it."
55,label_X_YY_sstauhtauh,res34p,QQtauhtauh,s+s+tauh+tauh,4,4,0,0,1,0,1,1,0,s,label_X_YY_QQtauhtauh,4,0.04,0.023098022231846396,0.005774505557961599,0.023098022231846396,0.005774505557961599,0.5774505557961599,-5.154302643908669,-3.768008282788778,55,label_X_YY_sstauhtauh,54,label_X_YY_sstauhtauh,19,34P_QQtauhtauh_nob,9,34P_QQtauhtauh,8,34P_4prong_tau,5,34P_4prong_leptonic,,n/a (rung partitions the other block),,n/a (rung partitions the other block),15,other_resonant,7,rand_res34p_09,7,rand_res34p_04,5,rand_res34p_09,0,"X->YY with s quark + s quark + hadronic tau + hadronic tau; topology QQtauhtauh, 4 visible object(s), leading heavy flavour s. Lands in 34P_4prong_leptonic at the coarsest resonant rung (R=9) because prong count and hadronic-vs-leptonic character survive every contraction applied above it."
56,label_X_YY_ssb,res34p,QQQ,s+s+b,3,3,1,0,1,0,0,0,0,b,label_X_YY_QQQ,20,0.05,0.028872527789808,0.0014436263894904,0.028872527789808,0.0014436263894904,0.14436263894903997,-6.540597005028559,-3.5448647314745685,56,label_X_YY_ssb,55,label_X_YY_ssb,12,34P_QQQ_b,10,34P_QQQ,9,34P_3prong_had_quarks,6,34P_3prong_hadronic,,n/a (rung partitions the other block),,n/a (rung partitions the other block),15,other_resonant,6,rand_res34p_03,8,rand_res34p_08,8,rand_res34p_07,1,"X->YY with s quark + s quark + b quark; topology QQQ, 3 visible object(s), leading heavy flavour b. Lands in 34P_3prong_hadronic at the coarsest resonant rung (R=9) because prong count and hadronic-vs-leptonic character survive every contraction applied above it."
57,label_X_YY_ssc,res34p,QQQ,s+s+c,3,3,0,1,1,0,0,0,0,c,label_X_YY_QQQ,20,0.05,0.028872527789808,0.0014436263894904,0.028872527789808,0.0014436263894904,0.14436263894903997,-6.540597005028559,-3.5448647314745685,57,label_X_YY_ssc,56,label_X_YY_ssc,20,34P_QQQ_nob,10,34P_QQQ,9,34P_3prong_had_quarks,6,34P_3prong_hadronic,,n/a (rung partitions the other block),,n/a (rung partitions the other block),15,other_resonant,11,rand_res34p_07,9,rand_res34p_00,13,rand_res34p_00,0,"X->YY with s quark + s quark + c quark; topology QQQ, 3 visible object(s), leading heavy flavour c. Lands in 34P_3prong_hadronic at the coarsest resonant rung (R=9) because prong count and hadronic-vs-leptonic character survive every contraction applied above it."
58,label_X_YY_sss,res34p,QQQ,s+s+s,3,3,0,0,1,0,0,0,0,s,label_X_YY_QQQ,20,0.05,0.028872527789808,0.0014436263894904,0.028872527789808,0.0014436263894904,0.14436263894903997,-6.540597005028559,-3.5448647314745685,58,label_X_YY_sss,57,label_X_YY_sss,20,34P_QQQ_nob,10,34P_QQQ,9,34P_3prong_had_quarks,6,34P_3prong_hadronic,,n/a (rung partitions the other block),,n/a (rung partitions the other block),15,other_resonant,7,rand_res34p_09,9,rand_res34p_00,7,rand_res34p_08,0,"X->YY with s quark + s quark + s quark; topology QQQ, 3 visible object(s), leading heavy flavour s. Lands in 34P_3prong_hadronic at the coarsest resonant rung (R=9) because prong count and hadronic-vs-leptonic character survive every contraction applied above it."
59,label_X_YY_ssq,res34p,QQQ,s+s+q,3,3,0,0,1,0,0,0,0,s,label_X_YY_QQQ,20,0.05,0.028872527789808,0.0014436263894904,0.028872527789808,0.0014436263894904,0.14436263894903997,-6.540597005028559,-3.5448647314745685,59,label_X_YY_ssq,58,label_X_YY_ssq,20,34P_QQQ_nob,10,34P_QQQ,9,34P_3prong_had_quarks,6,34P_3prong_hadronic,,n/a (rung partitions the other block),,n/a (rung partitions the other block),15,other_resonant,6,rand_res34p_03,12,rand_res34p_07,9,rand_res34p_03,0,"X->YY with s quark + s quark + light quark (u/d); topology QQQ, 3 visible object(s), leading heavy flavour s. Lands in 34P_3prong_hadronic at the coarsest resonant rung (R=9) because prong count and hadronic-vs-leptonic character survive every contraction applied above it."
60,label_X_YY_ssg,res34p,QQg,s+s+g,3,3,0,0,1,1,0,0,0,s,label_X_YY_QQg,4,0.005,0.0028872527789807994,0.0007218131947451999,0.0028872527789807994,0.0007218131947451999,0.07218131947451999,-7.233744185588505,-5.847449824468614,60,label_X_YY_ssg,59,label_X_YY_ssg,21,34P_QQg_nob,11,34P_QQg,10,34P_3prong_had_gluon,6,34P_3prong_hadronic,,n/a (rung partitions the other block),,n/a (rung partitions the other block),15,other_resonant,8,rand_res34p_04,11,rand_res34p_06,9,rand_res34p_03,0,"X->YY with s quark + s quark + gluon; topology QQg, 3 visible object(s), leading heavy flavour s. Lands in 34P_3prong_hadronic at the coarsest resonant rung (R=9) because prong count and hadronic-vs-leptonic character survive every contraction applied above it."
61,label_X_YY_sse,res34p,QQl,s+s+e,3,3,0,0,1,0,1,0,0,s,label_X_YY_QQl,8,0.01,0.005774505557961599,0.0007218131947451999,0.005774505557961599,0.0007218131947451999,0.07218131947451999,-7.233744185588505,-5.154302643908669,61,label_X_YY_sse,60,label_X_YY_sse,22,34P_QQl_nob,12,34P_QQl,11,34P_3prong_lightlep,7,34P_3prong_leptonic,,n/a (rung partitions the other block),,n/a (rung partitions the other block),15,other_resonant,9,rand_res34p_08,6,rand_res34p_05,6,rand_res34p_04,0,"X->YY with s quark + s quark + electron; topology QQl, 3 visible object(s), leading heavy flavour s. Lands in 34P_3prong_leptonic at the coarsest resonant rung (R=9) because prong count and hadronic-vs-leptonic character survive every contraction applied above it."
62,label_X_YY_ssm,res34p,QQl,s+s+m,3,3,0,0,1,0,1,0,0,s,label_X_YY_QQl,8,0.01,0.005774505557961599,0.0007218131947451999,0.005774505557961599,0.0007218131947451999,0.07218131947451999,-7.233744185588505,-5.154302643908669,62,label_X_YY_ssm,61,label_X_YY_ssm,22,34P_QQl_nob,12,34P_QQl,11,34P_3prong_lightlep,7,34P_3prong_leptonic,,n/a (rung partitions the other block),,n/a (rung partitions the other block),15,other_resonant,6,rand_res34p_03,13,rand_res34p_09,14,rand_res34p_01,0,"X->YY with s quark + s quark + muon; topology QQl, 3 visible object(s), leading heavy flavour s. Lands in 34P_3prong_leptonic at the coarsest resonant rung (R=9) because prong count and hadronic-vs-leptonic character survive every contraction applied above it."
63,label_X_YY_qqqq,res34p,QQQQ,q+q+q+q,4,4,0,0,0,0,0,0,0,light,label_X_YY_QQQQ,22,0.32,0.18478417785477116,0.008399280811580508,0.18478417785477116,0.008399280811580508,0.8399280811580507,-4.779609194467258,-1.6885667411089422,63,label_X_YY_qqqq,62,label_X_YY_qqqq,15,34P_QQQQ_nob,5,34P_QQQQ,5,34P_4prong_had_quarks,4,34P_4prong_hadronic,,n/a (rung partitions the other block),,n/a (rung partitions the other block),15,other_resonant,11,rand_res34p_07,8,rand_res34p_08,7,rand_res34p_08,0,"X->YY with light quark (u/d) + light quark (u/d) + light quark (u/d) + light quark (u/d); topology QQQQ, 4 visible object(s), leading heavy flavour light. Lands in 34P_4prong_hadronic at the coarsest resonant rung (R=9) because prong count and hadronic-vs-leptonic character survive every contraction applied above it."
64,label_X_YY_qqgg,res34p,QQgg,q+q+g+g,4,4,0,0,0,1,0,0,0,light,label_X_YY_QQgg,4,0.06,0.03464703334776959,0.008661758336942398,0.03464703334776959,0.008661758336942398,0.8661758336942399,-4.748837535800504,-3.362543174680614,64,label_X_YY_qqgg,63,label_X_YY_qqgg,16,34P_QQgg_nob,6,34P_QQgg,6,34P_4prong_had_gluon,4,34P_4prong_hadronic,,n/a (rung partitions the other block),,n/a (rung partitions the other block),15,other_resonant,12,rand_res34p_00,10,rand_res34p_02,5,rand_res34p_09,0,"X->YY with light quark (u/d) + light quark (u/d) + gluon + gluon; topology QQgg, 4 visible object(s), leading heavy flavour light. Lands in 34P_4prong_hadronic at the coarsest resonant rung (R=9) because prong count and hadronic-vs-leptonic character survive every contraction applied above it."
65,label_X_YY_qqee,res34p,QQll,q+q+e+e,4,4,0,0,0,0,1,0,0,light,label_X_YY_QQll,8,0.16,0.09239208892738558,0.011549011115923198,0.09239208892738558,0.011549011115923198,1.1549011115923198,-4.461155463348724,-2.3817139216688874,65,label_X_YY_qqee,64,label_X_YY_qqee,17,34P_QQll_nob,7,34P_QQll,7,34P_4prong_lightlep,5,34P_4prong_leptonic,,n/a (rung partitions the other block),,n/a (rung partitions the other block),15,other_resonant,10,rand_res34p_05,12,rand_res34p_07,9,rand_res34p_03,0,"X->YY with light quark (u/d) + light quark (u/d) + electron + electron; topology QQll, 4 visible object(s), leading heavy flavour light. Lands in 34P_4prong_leptonic at the coarsest resonant rung (R=9) because prong count and hadronic-vs-leptonic character survive every contraction applied above it."
66,label_X_YY_qqmm,res34p,QQll,q+q+m+m,4,4,0,0,0,0,1,0,0,light,label_X_YY_QQll,8,0.16,0.09239208892738558,0.011549011115923198,0.09239208892738558,0.011549011115923198,1.1549011115923198,-4.461155463348724,-2.3817139216688874,66,label_X_YY_qqmm,65,label_X_YY_qqmm,17,34P_QQll_nob,7,34P_QQll,7,34P_4prong_lightlep,5,34P_4prong_leptonic,,n/a (rung partitions the other block),,n/a (rung partitions the other block),15,other_resonant,7,rand_res34p_09,7,rand_res34p_04,8,rand_res34p_07,0,"X->YY with light quark (u/d) + light quark (u/d) + muon + muon; topology QQll, 4 visible object(s), leading heavy flavour light. Lands in 34P_4prong_leptonic at the coarsest resonant rung (R=9) because prong count and hadronic-vs-leptonic character survive every contraction applied above it."
67,label_X_YY_qqtauhtaue,res34p,QQtauhtaul,q+q+tauh+taue,4,4,0,0,0,0,1,1,0,light,label_X_YY_QQtauhtaul,8,0.04,0.023098022231846396,0.0028872527789807994,0.023098022231846396,0.0028872527789807994,0.28872527789807995,-5.847449824468614,-3.768008282788778,67,label_X_YY_qqtauhtaue,66,label_X_YY_qqtauhtaue,18,34P_QQtauhtaul_nob,8,34P_QQtauhtaul,8,34P_4prong_tau,5,34P_4prong_leptonic,,n/a (rung partitions the other block),,n/a (rung partitions the other block),15,other_resonant,14,rand_res34p_02,8,rand_res34p_08,11,rand_res34p_05,0,"X->YY with light quark (u/d) + light quark (u/d) + hadronic tau + tau->e; topology QQtauhtaul, 4 visible object(s), leading heavy flavour light. Lands in 34P_4prong_leptonic at the coarsest resonant rung (R=9) because prong count and hadronic-vs-leptonic character survive every contraction applied above it."
68,label_X_YY_qqtauhtaum,res34p,QQtauhtaul,q+q+tauh+taum,4,4,0,0,0,0,1,1,0,light,label_X_YY_QQtauhtaul,8,0.04,0.023098022231846396,0.0028872527789807994,0.023098022231846396,0.0028872527789807994,0.28872527789807995,-5.847449824468614,-3.768008282788778,68,label_X_YY_qqtauhtaum,67,label_X_YY_qqtauhtaum,18,34P_QQtauhtaul_nob,8,34P_QQtauhtaul,8,34P_4prong_tau,5,34P_4prong_leptonic,,n/a (rung partitions the other block),,n/a (rung partitions the other block),15,other_resonant,6,rand_res34p_03,13,rand_res34p_09,7,rand_res34p_08,0,"X->YY with light quark (u/d) + light quark (u/d) + hadronic tau + tau->mu; topology QQtauhtaul, 4 visible object(s), leading heavy flavour light. Lands in 34P_4prong_leptonic at the coarsest resonant rung (R=9) because prong count and hadronic-vs-leptonic character survive every contraction applied above it."
69,label_X_YY_qqtauhtauh,res34p,QQtauhtauh,q+q+tauh+tauh,4,4,0,0,0,0,1,1,0,light,label_X_YY_QQtauhtauh,4,0.04,0.023098022231846396,0.005774505557961599,0.023098022231846396,0.005774505557961599,0.5774505557961599,-5.154302643908669,-3.768008282788778,69,label_X_YY_qqtauhtauh,68,label_X_YY_qqtauhtauh,19,34P_QQtauhtauh_nob,9,34P_QQtauhtauh,8,34P_4prong_tau,5,34P_4prong_leptonic,,n/a (rung partitions the other block),,n/a (rung partitions the other block),15,other_resonant,7,rand_res34p_09,7,rand_res34p_04,13,rand_res34p_00,0,"X->YY with light quark (u/d) + light quark (u/d) + hadronic tau + hadronic tau; topology QQtauhtauh, 4 visible object(s), leading heavy flavour light. Lands in 34P_4prong_leptonic at the coarsest resonant rung (R=9) because prong count and hadronic-vs-leptonic character survive every contraction applied above it."
70,label_X_YY_qqb,res34p,QQQ,q+q+b,3,3,1,0,0,0,0,0,0,b,label_X_YY_QQQ,20,0.05,0.028872527789808,0.0014436263894904,0.028872527789808,0.0014436263894904,0.14436263894903997,-6.540597005028559,-3.5448647314745685,70,label_X_YY_qqb,69,label_X_YY_qqb,12,34P_QQQ_b,10,34P_QQQ,9,34P_3prong_had_quarks,6,34P_3prong_hadronic,,n/a (rung partitions the other block),,n/a (rung partitions the other block),15,other_resonant,12,rand_res34p_00,9,rand_res34p_00,10,rand_res34p_06,0,"X->YY with light quark (u/d) + light quark (u/d) + b quark; topology QQQ, 3 visible object(s), leading heavy flavour b. Lands in 34P_3prong_hadronic at the coarsest resonant rung (R=9) because prong count and hadronic-vs-leptonic character survive every contraction applied above it."
71,label_X_YY_qqc,res34p,QQQ,q+q+c,3,3,0,1,0,0,0,0,0,c,label_X_YY_QQQ,20,0.05,0.028872527789808,0.0014436263894904,0.028872527789808,0.0014436263894904,0.14436263894903997,-6.540597005028559,-3.5448647314745685,71,label_X_YY_qqc,70,label_X_YY_qqc,20,34P_QQQ_nob,10,34P_QQQ,9,34P_3prong_had_quarks,6,34P_3prong_hadronic,,n/a (rung partitions the other block),,n/a (rung partitions the other block),15,other_resonant,5,rand_res34p_06,13,rand_res34p_09,13,rand_res34p_00,0,"X->YY with light quark (u/d) + light quark (u/d) + c quark; topology QQQ, 3 visible object(s), leading heavy flavour c. Lands in 34P_3prong_hadronic at the coarsest resonant rung (R=9) because prong count and hadronic-vs-leptonic character survive every contraction applied above it."
72,label_X_YY_qqs,res34p,QQQ,q+q+s,3,3,0,0,1,0,0,0,0,s,label_X_YY_QQQ,20,0.05,0.028872527789808,0.0014436263894904,0.028872527789808,0.0014436263894904,0.14436263894903997,-6.540597005028559,-3.5448647314745685,72,label_X_YY_qqs,71,label_X_YY_qqs,20,34P_QQQ_nob,10,34P_QQQ,9,34P_3prong_had_quarks,6,34P_3prong_hadronic,,n/a (rung partitions the other block),,n/a (rung partitions the other block),15,other_resonant,11,rand_res34p_07,11,rand_res34p_06,13,rand_res34p_00,0,"X->YY with light quark (u/d) + light quark (u/d) + s quark; topology QQQ, 3 visible object(s), leading heavy flavour s. Lands in 34P_3prong_hadronic at the coarsest resonant rung (R=9) because prong count and hadronic-vs-leptonic character survive every contraction applied above it."
73,label_X_YY_qqq,res34p,QQQ,q+q+q,3,3,0,0,0,0,0,0,0,light,label_X_YY_QQQ,20,0.05,0.028872527789808,0.0014436263894904,0.028872527789808,0.0014436263894904,0.14436263894903997,-6.540597005028559,-3.5448647314745685,73,label_X_YY_qqq,72,label_X_YY_qqq,20,34P_QQQ_nob,10,34P_QQQ,9,34P_3prong_had_quarks,6,34P_3prong_hadronic,,n/a (rung partitions the other block),,n/a (rung partitions the other block),15,other_resonant,11,rand_res34p_07,6,rand_res34p_05,10,rand_res34p_06,0,"X->YY with light quark (u/d) + light quark (u/d) + light quark (u/d); topology QQQ, 3 visible object(s), leading heavy flavour light. Lands in 34P_3prong_hadronic at the coarsest resonant rung (R=9) because prong count and hadronic-vs-leptonic character survive every contraction applied above it."
74,label_X_YY_qqg,res34p,QQg,q+q+g,3,3,0,0,0,1,0,0,0,light,label_X_YY_QQg,4,0.005,0.0028872527789807994,0.0007218131947451999,0.0028872527789807994,0.0007218131947451999,0.07218131947451999,-7.233744185588505,-5.847449824468614,74,label_X_YY_qqg,73,label_X_YY_qqg,21,34P_QQg_nob,11,34P_QQg,10,34P_3prong_had_gluon,6,34P_3prong_hadronic,,n/a (rung partitions the other block),,n/a (rung partitions the other block),15,other_resonant,7,rand_res34p_09,5,rand_res34p_03,13,rand_res34p_00,0,"X->YY with light quark (u/d) + light quark (u/d) + gluon; topology QQg, 3 visible object(s), leading heavy flavour light. Lands in 34P_3prong_hadronic at the coarsest resonant rung (R=9) because prong count and hadronic-vs-leptonic character survive every contraction applied above it."
75,label_X_YY_qqe,res34p,QQl,q+q+e,3,3,0,0,0,0,1,0,0,light,label_X_YY_QQl,8,0.01,0.005774505557961599,0.0007218131947451999,0.005774505557961599,0.0007218131947451999,0.07218131947451999,-7.233744185588505,-5.154302643908669,75,label_X_YY_qqe,74,label_X_YY_qqe,22,34P_QQl_nob,12,34P_QQl,11,34P_3prong_lightlep,7,34P_3prong_leptonic,,n/a (rung partitions the other block),,n/a (rung partitions the other block),15,other_resonant,6,rand_res34p_03,13,rand_res34p_09,8,rand_res34p_07,0,"X->YY with light quark (u/d) + light quark (u/d) + electron; topology QQl, 3 visible object(s), leading heavy flavour light. Lands in 34P_3prong_leptonic at the coarsest resonant rung (R=9) because prong count and hadronic-vs-leptonic character survive every contraction applied above it."
76,label_X_YY_qqm,res34p,QQl,q+q+m,3,3,0,0,0,0,1,0,0,light,label_X_YY_QQl,8,0.01,0.005774505557961599,0.0007218131947451999,0.005774505557961599,0.0007218131947451999,0.07218131947451999,-7.233744185588505,-5.154302643908669,76,label_X_YY_qqm,75,label_X_YY_qqm,22,34P_QQl_nob,12,34P_QQl,11,34P_3prong_lightlep,7,34P_3prong_leptonic,,n/a (rung partitions the other block),,n/a (rung partitions the other block),15,other_resonant,5,rand_res34p_06,13,rand_res34p_09,9,rand_res34p_03,0,"X->YY with light quark (u/d) + light quark (u/d) + muon; topology QQl, 3 visible object(s), leading heavy flavour light. Lands in 34P_3prong_leptonic at the coarsest resonant rung (R=9) because prong count and hadronic-vs-leptonic character survive every contraction applied above it."
77,label_X_YY_gggg,res34p,gggg,g+g+g+g,4,4,0,0,0,1,0,0,0,light,label_X_YY_gggg,1,0.0075,0.004330879168471199,0.004330879168471199,0.004330879168471199,0.004330879168471199,0.43308791684711995,-5.44198471636045,-5.44198471636045,77,label_X_YY_gggg,76,label_X_YY_gggg,23,34P_gggg,13,34P_gggg,6,34P_4prong_had_gluon,4,34P_4prong_hadronic,,n/a (rung partitions the other block),,n/a (rung partitions the other block),15,other_resonant,9,rand_res34p_08,9,rand_res34p_00,6,rand_res34p_04,0,"X->YY with gluon + gluon + gluon + gluon; topology gggg, 4 visible object(s), leading heavy flavour light. Lands in 34P_4prong_hadronic at the coarsest resonant rung (R=9) because prong count and hadronic-vs-leptonic character survive every contraction applied above it."
78,label_X_YY_ggee,res34p,ggll,g+g+e+e,4,4,0,0,0,1,1,0,0,light,label_X_YY_ggll,2,0.04,0.023098022231846396,0.011549011115923198,0.023098022231846396,0.011549011115923198,1.1549011115923198,-4.461155463348724,-3.768008282788778,78,label_X_YY_ggee,77,label_X_YY_ggee,24,34P_ggll,14,34P_ggll,7,34P_4prong_lightlep,5,34P_4prong_leptonic,,n/a (rung partitions the other block),,n/a (rung partitions the other block),15,other_resonant,6,rand_res34p_03,11,rand_res34p_06,7,rand_res34p_08,0,"X->YY with gluon + gluon + electron + electron; topology ggll, 4 visible object(s), leading heavy flavour light. Lands in 34P_4prong_leptonic at the coarsest resonant rung (R=9) because prong count and hadronic-vs-leptonic character survive every contraction applied above it."
79,label_X_YY_ggmm,res34p,ggll,g+g+m+m,4,4,0,0,0,1,1,0,0,light,label_X_YY_ggll,2,0.04,0.023098022231846396,0.011549011115923198,0.023098022231846396,0.011549011115923198,1.1549011115923198,-4.461155463348724,-3.768008282788778,79,label_X_YY_ggmm,78,label_X_YY_ggmm,24,34P_ggll,14,34P_ggll,7,34P_4prong_lightlep,5,34P_4prong_leptonic,,n/a (rung partitions the other block),,n/a (rung partitions the other block),15,other_resonant,8,rand_res34p_04,9,rand_res34p_00,8,rand_res34p_07,0,"X->YY with gluon + gluon + muon + muon; topology ggll, 4 visible object(s), leading heavy flavour light. Lands in 34P_4prong_leptonic at the coarsest resonant rung (R=9) because prong count and hadronic-vs-leptonic character survive every contraction applied above it."
80,label_X_YY_ggtauhtaue,res34p,ggtauhtaul,g+g+tauh+taue,4,4,0,0,0,1,1,1,0,light,label_X_YY_ggtauhtaul,2,0.01,0.005774505557961599,0.0028872527789807994,0.005774505557961599,0.0028872527789807994,0.28872527789807995,-5.847449824468614,-5.154302643908669,80,label_X_YY_ggtauhtaue,79,label_X_YY_ggtauhtaue,25,34P_ggtauhtaul,15,34P_ggtauhtaul,8,34P_4prong_tau,5,34P_4prong_leptonic,,n/a (rung partitions the other block),,n/a (rung partitions the other block),15,other_resonant,5,rand_res34p_06,9,rand_res34p_00,10,rand_res34p_06,0,"X->YY with gluon + gluon + hadronic tau + tau->e; topology ggtauhtaul, 4 visible object(s), leading heavy flavour light. Lands in 34P_4prong_leptonic at the coarsest resonant rung (R=9) because prong count and hadronic-vs-leptonic character survive every contraction applied above it."
81,label_X_YY_ggtauhtaum,res34p,ggtauhtaul,g+g+tauh+taum,4,4,0,0,0,1,1,1,0,light,label_X_YY_ggtauhtaul,2,0.01,0.005774505557961599,0.0028872527789807994,0.005774505557961599,0.0028872527789807994,0.28872527789807995,-5.847449824468614,-5.154302643908669,81,label_X_YY_ggtauhtaum,80,label_X_YY_ggtauhtaum,25,34P_ggtauhtaul,15,34P_ggtauhtaul,8,34P_4prong_tau,5,34P_4prong_leptonic,,n/a (rung partitions the other block),,n/a (rung partitions the other block),15,other_resonant,7,rand_res34p_09,13,rand_res34p_09,6,rand_res34p_04,0,"X->YY with gluon + gluon + hadronic tau + tau->mu; topology ggtauhtaul, 4 visible object(s), leading heavy flavour light. Lands in 34P_4prong_leptonic at the coarsest resonant rung (R=9) because prong count and hadronic-vs-leptonic character survive every contraction applied above it."
82,label_X_YY_ggtauhtauh,res34p,ggtauhtauh,g+g+tauh+tauh,4,4,0,0,0,1,1,1,0,light,label_X_YY_ggtauhtauh,1,0.01,0.005774505557961599,0.005774505557961599,0.005774505557961599,0.005774505557961599,0.5774505557961599,-5.154302643908669,-5.154302643908669,82,label_X_YY_ggtauhtauh,81,label_X_YY_ggtauhtauh,26,34P_ggtauhtauh,16,34P_ggtauhtauh,8,34P_4prong_tau,5,34P_4prong_leptonic,,n/a (rung partitions the other block),,n/a (rung partitions the other block),15,other_resonant,5,rand_res34p_06,9,rand_res34p_00,12,rand_res34p_02,0,"X->YY with gluon + gluon + hadronic tau + hadronic tau; topology ggtauhtauh, 4 visible object(s), leading heavy flavour light. Lands in 34P_4prong_leptonic at the coarsest resonant rung (R=9) because prong count and hadronic-vs-leptonic character survive every contraction applied above it."
83,label_X_YY_ggb,res34p,Qgg,g+g+b,3,3,1,0,0,1,0,0,0,b,label_X_YY_Qgg,4,0.005,0.0028872527789807994,0.0007218131947451999,0.0028872527789807994,0.0007218131947451999,0.07218131947451999,-7.233744185588505,-5.847449824468614,83,label_X_YY_ggb,82,label_X_YY_ggb,27,34P_Qgg_b,17,34P_Qgg,10,34P_3prong_had_gluon,6,34P_3prong_hadronic,,n/a (rung partitions the other block),,n/a (rung partitions the other block),15,other_resonant,11,rand_res34p_07,9,rand_res34p_00,5,rand_res34p_09,0,"X->YY with gluon + gluon + b quark; topology Qgg, 3 visible object(s), leading heavy flavour b. Lands in 34P_3prong_hadronic at the coarsest resonant rung (R=9) because prong count and hadronic-vs-leptonic character survive every contraction applied above it."
84,label_X_YY_ggc,res34p,Qgg,g+g+c,3,3,0,1,0,1,0,0,0,c,label_X_YY_Qgg,4,0.005,0.0028872527789807994,0.0007218131947451999,0.0028872527789807994,0.0007218131947451999,0.07218131947451999,-7.233744185588505,-5.847449824468614,84,label_X_YY_ggc,83,label_X_YY_ggc,28,34P_Qgg_nob,17,34P_Qgg,10,34P_3prong_had_gluon,6,34P_3prong_hadronic,,n/a (rung partitions the other block),,n/a (rung partitions the other block),15,other_resonant,14,rand_res34p_02,12,rand_res34p_07,5,rand_res34p_09,0,"X->YY with gluon + gluon + c quark; topology Qgg, 3 visible object(s), leading heavy flavour c. Lands in 34P_3prong_hadronic at the coarsest resonant rung (R=9) because prong count and hadronic-vs-leptonic character survive every contraction applied above it."
85,label_X_YY_ggs,res34p,Qgg,g+g+s,3,3,0,0,1,1,0,0,0,s,label_X_YY_Qgg,4,0.005,0.0028872527789807994,0.0007218131947451999,0.0028872527789807994,0.0007218131947451999,0.07218131947451999,-7.233744185588505,-5.847449824468614,85,label_X_YY_ggs,84,label_X_YY_ggs,28,34P_Qgg_nob,17,34P_Qgg,10,34P_3prong_had_gluon,6,34P_3prong_hadronic,,n/a (rung partitions the other block),,n/a (rung partitions the other block),15,other_resonant,12,rand_res34p_00,9,rand_res34p_00,14,rand_res34p_01,0,"X->YY with gluon + gluon + s quark; topology Qgg, 3 visible object(s), leading heavy flavour s. Lands in 34P_3prong_hadronic at the coarsest resonant rung (R=9) because prong count and hadronic-vs-leptonic character survive every contraction applied above it."
86,label_X_YY_ggq,res34p,Qgg,g+g+q,3,3,0,0,0,1,0,0,0,light,label_X_YY_Qgg,4,0.005,0.0028872527789807994,0.0007218131947451999,0.0028872527789807994,0.0007218131947451999,0.07218131947451999,-7.233744185588505,-5.847449824468614,86,label_X_YY_ggq,85,label_X_YY_ggq,28,34P_Qgg_nob,17,34P_Qgg,10,34P_3prong_had_gluon,6,34P_3prong_hadronic,,n/a (rung partitions the other block),,n/a (rung partitions the other block),15,other_resonant,11,rand_res34p_07,11,rand_res34p_06,6,rand_res34p_04,0,"X->YY with gluon + gluon + light quark (u/d); topology Qgg, 3 visible object(s), leading heavy flavour light. Lands in 34P_3prong_hadronic at the coarsest resonant rung (R=9) because prong count and hadronic-vs-leptonic character survive every contraction applied above it."
87,label_X_YY_ggg,res34p,ggg,g+g+g,3,3,0,0,0,1,0,0,0,light,label_X_YY_ggg,1,0.0015,0.0008661758336942399,0.0008661758336942399,0.0008661758336942399,0.0008661758336942399,0.08661758336942399,-7.05142262879455,-7.05142262879455,87,label_X_YY_ggg,86,label_X_YY_ggg,29,34P_ggg,18,34P_ggg,10,34P_3prong_had_gluon,6,34P_3prong_hadronic,,n/a (rung partitions the other block),,n/a (rung partitions the other block),15,other_resonant,12,rand_res34p_00,9,rand_res34p_00,8,rand_res34p_07,0,"X->YY with gluon + gluon + gluon; topology ggg, 3 visible object(s), leading heavy flavour light. Lands in 34P_3prong_hadronic at the coarsest resonant rung (R=9) because prong count and hadronic-vs-leptonic character survive every contraction applied above it."
88,label_X_YY_gge,res34p,ggl,g+g+e,3,3,0,0,0,1,1,0,0,light,label_X_YY_ggl,2,0.0025,0.0014436263894903997,0.0007218131947451999,0.0014436263894903997,0.0007218131947451999,0.07218131947451999,-7.233744185588505,-6.54059700502856,88,label_X_YY_gge,87,label_X_YY_gge,30,34P_ggl,19,34P_ggl,11,34P_3prong_lightlep,7,34P_3prong_leptonic,,n/a (rung partitions the other block),,n/a (rung partitions the other block),15,other_resonant,13,rand_res34p_01,5,rand_res34p_03,14,rand_res34p_01,0,"X->YY with gluon + gluon + electron; topology ggl, 3 visible object(s), leading heavy flavour light. Lands in 34P_3prong_leptonic at the coarsest resonant rung (R=9) because prong count and hadronic-vs-leptonic character survive every contraction applied above it."
89,label_X_YY_ggm,res34p,ggl,g+g+m,3,3,0,0,0,1,1,0,0,light,label_X_YY_ggl,2,0.0025,0.0014436263894903997,0.0007218131947451999,0.0014436263894903997,0.0007218131947451999,0.07218131947451999,-7.233744185588505,-6.54059700502856,89,label_X_YY_ggm,88,label_X_YY_ggm,30,34P_ggl,19,34P_ggl,11,34P_3prong_lightlep,7,34P_3prong_leptonic,,n/a (rung partitions the other block),,n/a (rung partitions the other block),15,other_resonant,12,rand_res34p_00,7,rand_res34p_04,13,rand_res34p_00,0,"X->YY with gluon + gluon + muon; topology ggl, 3 visible object(s), leading heavy flavour light. Lands in 34P_3prong_leptonic at the coarsest resonant rung (R=9) because prong count and hadronic-vs-leptonic character survive every contraction applied above it."
90,label_X_YY_bee,res34p,Qll,b+e+e,3,3,1,0,0,0,1,0,0,b,label_X_YY_Qll,8,0.012,0.006929406669553919,0.0008661758336942399,0.006929406669553919,0.0008661758336942399,0.08661758336942399,-7.05142262879455,-4.971981087114714,90,label_X_YY_bee,89,label_X_YY_bee,31,34P_Qll_b,20,34P_Qll,11,34P_3prong_lightlep,7,34P_3prong_leptonic,,n/a (rung partitions the other block),,n/a (rung partitions the other block),15,other_resonant,5,rand_res34p_06,10,rand_res34p_02,11,rand_res34p_05,0,"X->YY with b quark + electron + electron; topology Qll, 3 visible object(s), leading heavy flavour b. Lands in 34P_3prong_leptonic at the coarsest resonant rung (R=9) because prong count and hadronic-vs-leptonic character survive every contraction applied above it."
91,label_X_YY_cee,res34p,Qll,c+e+e,3,3,0,1,0,0,1,0,0,c,label_X_YY_Qll,8,0.012,0.006929406669553919,0.0008661758336942399,0.006929406669553919,0.0008661758336942399,0.08661758336942399,-7.05142262879455,-4.971981087114714,91,label_X_YY_cee,90,label_X_YY_cee,32,34P_Qll_nob,20,34P_Qll,11,34P_3prong_lightlep,7,34P_3prong_leptonic,,n/a (rung partitions the other block),,n/a (rung partitions the other block),15,other_resonant,12,rand_res34p_00,5,rand_res34p_03,10,rand_res34p_06,0,"X->YY with c quark + electron + electron; topology Qll, 3 visible object(s), leading heavy flavour c. Lands in 34P_3prong_leptonic at the coarsest resonant rung (R=9) because prong count and hadronic-vs-leptonic character survive every contraction applied above it."
92,label_X_YY_see,res34p,Qll,s+e+e,3,3,0,0,1,0,1,0,0,s,label_X_YY_Qll,8,0.012,0.006929406669553919,0.0008661758336942399,0.006929406669553919,0.0008661758336942399,0.08661758336942399,-7.05142262879455,-4.971981087114714,92,label_X_YY_see,91,label_X_YY_see,32,34P_Qll_nob,20,34P_Qll,11,34P_3prong_lightlep,7,34P_3prong_leptonic,,n/a (rung partitions the other block),,n/a (rung partitions the other block),15,other_resonant,9,rand_res34p_08,11,rand_res34p_06,6,rand_res34p_04,0,"X->YY with s quark + electron + electron; topology Qll, 3 visible object(s), leading heavy flavour s. Lands in 34P_3prong_leptonic at the coarsest resonant rung (R=9) because prong count and hadronic-vs-leptonic character survive every contraction applied above it."
93,label_X_YY_qee,res34p,Qll,q+e+e,3,3,0,0,0,0,1,0,0,light,label_X_YY_Qll,8,0.012,0.006929406669553919,0.0008661758336942399,0.006929406669553919,0.0008661758336942399,0.08661758336942399,-7.05142262879455,-4.971981087114714,93,label_X_YY_qee,92,label_X_YY_qee,32,34P_Qll_nob,20,34P_Qll,11,34P_3prong_lightlep,7,34P_3prong_leptonic,,n/a (rung partitions the other block),,n/a (rung partitions the other block),15,other_resonant,5,rand_res34p_06,11,rand_res34p_06,8,rand_res34p_07,0,"X->YY with light quark (u/d) + electron + electron; topology Qll, 3 visible object(s), leading heavy flavour light. Lands in 34P_3prong_leptonic at the coarsest resonant rung (R=9) because prong count and hadronic-vs-leptonic character survive every contraction applied above it."
94,label_X_YY_gee,res34p,gll,g+e+e,3,3,0,0,0,1,1,0,0,light,label_X_YY_gll,2,0.003,0.0017323516673884798,0.0008661758336942399,0.0017323516673884798,0.0008661758336942399,0.08661758336942399,-7.05142262879455,-6.358275448234605,94,label_X_YY_gee,93,label_X_YY_gee,33,34P_gll,21,34P_gll,11,34P_3prong_lightlep,7,34P_3prong_leptonic,,n/a (rung partitions the other block),,n/a (rung partitions the other block),15,other_resonant,14,rand_res34p_02,13,rand_res34p_09,13,rand_res34p_00,0,"X->YY with gluon + electron + electron; topology gll, 3 visible object(s), leading heavy flavour light. Lands in 34P_3prong_leptonic at the coarsest resonant rung (R=9) because prong count and hadronic-vs-leptonic character survive every contraction applied above it."
95,label_X_YY_bmm,res34p,Qll,b+m+m,3,3,1,0,0,0,1,0,0,b,label_X_YY_Qll,8,0.012,0.006929406669553919,0.0008661758336942399,0.006929406669553919,0.0008661758336942399,0.08661758336942399,-7.05142262879455,-4.971981087114714,95,label_X_YY_bmm,94,label_X_YY_bmm,31,34P_Qll_b,20,34P_Qll,11,34P_3prong_lightlep,7,34P_3prong_leptonic,,n/a (rung partitions the other block),,n/a (rung partitions the other block),15,other_resonant,14,rand_res34p_02,10,rand_res34p_02,14,rand_res34p_01,0,"X->YY with b quark + muon + muon; topology Qll, 3 visible object(s), leading heavy flavour b. Lands in 34P_3prong_leptonic at the coarsest resonant rung (R=9) because prong count and hadronic-vs-leptonic character survive every contraction applied above it."
96,label_X_YY_cmm,res34p,Qll,c+m+m,3,3,0,1,0,0,1,0,0,c,label_X_YY_Qll,8,0.012,0.006929406669553919,0.0008661758336942399,0.006929406669553919,0.0008661758336942399,0.08661758336942399,-7.05142262879455,-4.971981087114714,96,label_X_YY_cmm,95,label_X_YY_cmm,32,34P_Qll_nob,20,34P_Qll,11,34P_3prong_lightlep,7,34P_3prong_leptonic,,n/a (rung partitions the other block),,n/a (rung partitions the other block),15,other_resonant,12,rand_res34p_00,7,rand_res34p_04,10,rand_res34p_06,0,"X->YY with c quark + muon + muon; topology Qll, 3 visible object(s), leading heavy flavour c. Lands in 34P_3prong_leptonic at the coarsest resonant rung (R=9) because prong count and hadronic-vs-leptonic character survive every contraction applied above it."
97,label_X_YY_smm,res34p,Qll,s+m+m,3,3,0,0,1,0,1,0,0,s,label_X_YY_Qll,8,0.012,0.006929406669553919,0.0008661758336942399,0.006929406669553919,0.0008661758336942399,0.08661758336942399,-7.05142262879455,-4.971981087114714,97,label_X_YY_smm,96,label_X_YY_smm,32,34P_Qll_nob,20,34P_Qll,11,34P_3prong_lightlep,7,34P_3prong_leptonic,,n/a (rung partitions the other block),,n/a (rung partitions the other block),15,other_resonant,9,rand_res34p_08,11,rand_res34p_06,7,rand_res34p_08,0,"X->YY with s quark + muon + muon; topology Qll, 3 visible object(s), leading heavy flavour s. Lands in 34P_3prong_leptonic at the coarsest resonant rung (R=9) because prong count and hadronic-vs-leptonic character survive every contraction applied above it."
98,label_X_YY_qmm,res34p,Qll,q+m+m,3,3,0,0,0,0,1,0,0,light,label_X_YY_Qll,8,0.012,0.006929406669553919,0.0008661758336942399,0.006929406669553919,0.0008661758336942399,0.08661758336942399,-7.05142262879455,-4.971981087114714,98,label_X_YY_qmm,97,label_X_YY_qmm,32,34P_Qll_nob,20,34P_Qll,11,34P_3prong_lightlep,7,34P_3prong_leptonic,,n/a (rung partitions the other block),,n/a (rung partitions the other block),15,other_resonant,5,rand_res34p_06,5,rand_res34p_03,12,rand_res34p_02,0,"X->YY with light quark (u/d) + muon + muon; topology Qll, 3 visible object(s), leading heavy flavour light. Lands in 34P_3prong_leptonic at the coarsest resonant rung (R=9) because prong count and hadronic-vs-leptonic character survive every contraction applied above it."
99,label_X_YY_gmm,res34p,gll,g+m+m,3,3,0,0,0,1,1,0,0,light,label_X_YY_gll,2,0.003,0.0017323516673884798,0.0008661758336942399,0.0017323516673884798,0.0008661758336942399,0.08661758336942399,-7.05142262879455,-6.358275448234605,99,label_X_YY_gmm,98,label_X_YY_gmm,33,34P_gll,21,34P_gll,11,34P_3prong_lightlep,7,34P_3prong_leptonic,,n/a (rung partitions the other block),,n/a (rung partitions the other block),15,other_resonant,9,rand_res34p_08,6,rand_res34p_05,9,rand_res34p_03,0,"X->YY with gluon + muon + muon; topology gll, 3 visible object(s), leading heavy flavour light. Lands in 34P_3prong_leptonic at the coarsest resonant rung (R=9) because prong count and hadronic-vs-leptonic character survive every contraction applied above it."
100,label_X_YY_btauhtaue,res34p,Qtauhtaul,b+tauh+taue,3,3,1,0,0,0,1,1,0,b,label_X_YY_Qtauhtaul,8,0.0018,0.0010394110004330879,0.00012992637505413598,0.0010394110004330879,0.00012992637505413598,0.012992637505413598,-8.94854261368043,-6.869101072000595,100,label_X_YY_btauhtaue,99,label_X_YY_btauhtaue,34,34P_Qtauhtaul,22,34P_Qtauhtaul,12,34P_3prong_tau,7,34P_3prong_leptonic,,n/a (rung partitions the other block),,n/a (rung partitions the other block),15,other_resonant,12,rand_res34p_00,12,rand_res34p_07,10,rand_res34p_06,0,"X->YY with b quark + hadronic tau + tau->e; topology Qtauhtaul, 3 visible object(s), leading heavy flavour b. Lands in 34P_3prong_leptonic at the coarsest resonant rung (R=9) because prong count and hadronic-vs-leptonic character survive every contraction applied above it."
101,label_X_YY_ctauhtaue,res34p,Qtauhtaul,c+tauh+taue,3,3,0,1,0,0,1,1,0,c,label_X_YY_Qtauhtaul,8,0.0018,0.0010394110004330879,0.00012992637505413598,0.0010394110004330879,0.00012992637505413598,0.012992637505413598,-8.94854261368043,-6.869101072000595,101,label_X_YY_ctauhtaue,100,label_X_YY_ctauhtaue,34,34P_Qtauhtaul,22,34P_Qtauhtaul,12,34P_3prong_tau,7,34P_3prong_leptonic,,n/a (rung partitions the other block),,n/a (rung partitions the other block),15,other_resonant,9,rand_res34p_08,9,rand_res34p_00,10,rand_res34p_06,0,"X->YY with c quark + hadronic tau + tau->e; topology Qtauhtaul, 3 visible object(s), leading heavy flavour c. Lands in 34P_3prong_leptonic at the coarsest resonant rung (R=9) because prong count and hadronic-vs-leptonic character survive every contraction applied above it."
102,label_X_YY_stauhtaue,res34p,Qtauhtaul,s+tauh+taue,3,3,0,0,1,0,1,1,0,s,label_X_YY_Qtauhtaul,8,0.0018,0.0010394110004330879,0.00012992637505413598,0.0010394110004330879,0.00012992637505413598,0.012992637505413598,-8.94854261368043,-6.869101072000595,102,label_X_YY_stauhtaue,101,label_X_YY_stauhtaue,34,34P_Qtauhtaul,22,34P_Qtauhtaul,12,34P_3prong_tau,7,34P_3prong_leptonic,,n/a (rung partitions the other block),,n/a (rung partitions the other block),15,other_resonant,6,rand_res34p_03,8,rand_res34p_08,9,rand_res34p_03,0,"X->YY with s quark + hadronic tau + tau->e; topology Qtauhtaul, 3 visible object(s), leading heavy flavour s. Lands in 34P_3prong_leptonic at the coarsest resonant rung (R=9) because prong count and hadronic-vs-leptonic character survive every contraction applied above it."
103,label_X_YY_qtauhtaue,res34p,Qtauhtaul,q+tauh+taue,3,3,0,0,0,0,1,1,0,light,label_X_YY_Qtauhtaul,8,0.0018,0.0010394110004330879,0.00012992637505413598,0.0010394110004330879,0.00012992637505413598,0.012992637505413598,-8.94854261368043,-6.869101072000595,103,label_X_YY_qtauhtaue,102,label_X_YY_qtauhtaue,34,34P_Qtauhtaul,22,34P_Qtauhtaul,12,34P_3prong_tau,7,34P_3prong_leptonic,,n/a (rung partitions the other block),,n/a (rung partitions the other block),15,other_resonant,7,rand_res34p_09,14,rand_res34p_01,13,rand_res34p_00,0,"X->YY with light quark (u/d) + hadronic tau + tau->e; topology Qtauhtaul, 3 visible object(s), leading heavy flavour light. Lands in 34P_3prong_leptonic at the coarsest resonant rung (R=9) because prong count and hadronic-vs-leptonic character survive every contraction applied above it."
104,label_X_YY_gtauhtaue,res34p,gtauhtaul,g+tauh+taue,3,3,0,0,0,1,1,1,0,light,label_X_YY_gtauhtaul,2,0.00045,0.00025985275010827197,0.00012992637505413598,0.00025985275010827197,0.00012992637505413598,0.012992637505413598,-8.94854261368043,-8.255395433120485,104,label_X_YY_gtauhtaue,103,label_X_YY_gtauhtaue,35,34P_gtauhtaul,23,34P_gtauhtaul,12,34P_3prong_tau,7,34P_3prong_leptonic,,n/a (rung partitions the other block),,n/a (rung partitions the other block),15,other_resonant,10,rand_res34p_05,8,rand_res34p_08,13,rand_res34p_00,0,"X->YY with gluon + hadronic tau + tau->e; topology gtauhtaul, 3 visible object(s), leading heavy flavour light. Lands in 34P_3prong_leptonic at the coarsest resonant rung (R=9) because prong count and hadronic-vs-leptonic character survive every contraction applied above it."
105,label_X_YY_btauhtaum,res34p,Qtauhtaul,b+tauh+taum,3,3,1,0,0,0,1,1,0,b,label_X_YY_Qtauhtaul,8,0.0018,0.0010394110004330879,0.00012992637505413598,0.0010394110004330879,0.00012992637505413598,0.012992637505413598,-8.94854261368043,-6.869101072000595,105,label_X_YY_btauhtaum,104,label_X_YY_btauhtaum,34,34P_Qtauhtaul,22,34P_Qtauhtaul,12,34P_3prong_tau,7,34P_3prong_leptonic,,n/a (rung partitions the other block),,n/a (rung partitions the other block),15,other_resonant,11,rand_res34p_07,7,rand_res34p_04,6,rand_res34p_04,0,"X->YY with b quark + hadronic tau + tau->mu; topology Qtauhtaul, 3 visible object(s), leading heavy flavour b. Lands in 34P_3prong_leptonic at the coarsest resonant rung (R=9) because prong count and hadronic-vs-leptonic character survive every contraction applied above it."
106,label_X_YY_ctauhtaum,res34p,Qtauhtaul,c+tauh+taum,3,3,0,1,0,0,1,1,0,c,label_X_YY_Qtauhtaul,8,0.0018,0.0010394110004330879,0.00012992637505413598,0.0010394110004330879,0.00012992637505413598,0.012992637505413598,-8.94854261368043,-6.869101072000595,106,label_X_YY_ctauhtaum,105,label_X_YY_ctauhtaum,34,34P_Qtauhtaul,22,34P_Qtauhtaul,12,34P_3prong_tau,7,34P_3prong_leptonic,,n/a (rung partitions the other block),,n/a (rung partitions the other block),15,other_resonant,7,rand_res34p_09,6,rand_res34p_05,5,rand_res34p_09,0,"X->YY with c quark + hadronic tau + tau->mu; topology Qtauhtaul, 3 visible object(s), leading heavy flavour c. Lands in 34P_3prong_leptonic at the coarsest resonant rung (R=9) because prong count and hadronic-vs-leptonic character survive every contraction applied above it."
107,label_X_YY_stauhtaum,res34p,Qtauhtaul,s+tauh+taum,3,3,0,0,1,0,1,1,0,s,label_X_YY_Qtauhtaul,8,0.0018,0.0010394110004330879,0.00012992637505413598,0.0010394110004330879,0.00012992637505413598,0.012992637505413598,-8.94854261368043,-6.869101072000595,107,label_X_YY_stauhtaum,106,label_X_YY_stauhtaum,34,34P_Qtauhtaul,22,34P_Qtauhtaul,12,34P_3prong_tau,7,34P_3prong_leptonic,,n/a (rung partitions the other block),,n/a (rung partitions the other block),15,other_resonant,7,rand_res34p_09,6,rand_res34p_05,10,rand_res34p_06,0,"X->YY with s quark + hadronic tau + tau->mu; topology Qtauhtaul, 3 visible object(s), leading heavy flavour s. Lands in 34P_3prong_leptonic at the coarsest resonant rung (R=9) because prong count and hadronic-vs-leptonic character survive every contraction applied above it."
108,label_X_YY_qtauhtaum,res34p,Qtauhtaul,q+tauh+taum,3,3,0,0,0,0,1,1,0,light,label_X_YY_Qtauhtaul,8,0.0018,0.0010394110004330879,0.00012992637505413598,0.0010394110004330879,0.00012992637505413598,0.012992637505413598,-8.94854261368043,-6.869101072000595,108,label_X_YY_qtauhtaum,107,label_X_YY_qtauhtaum,34,34P_Qtauhtaul,22,34P_Qtauhtaul,12,34P_3prong_tau,7,34P_3prong_leptonic,,n/a (rung partitions the other block),,n/a (rung partitions the other block),15,other_resonant,12,rand_res34p_00,11,rand_res34p_06,6,rand_res34p_04,0,"X->YY with light quark (u/d) + hadronic tau + tau->mu; topology Qtauhtaul, 3 visible object(s), leading heavy flavour light. Lands in 34P_3prong_leptonic at the coarsest resonant rung (R=9) because prong count and hadronic-vs-leptonic character survive every contraction applied above it."
109,label_X_YY_gtauhtaum,res34p,gtauhtaul,g+tauh+taum,3,3,0,0,0,1,1,1,0,light,label_X_YY_gtauhtaul,2,0.00045,0.00025985275010827197,0.00012992637505413598,0.00025985275010827197,0.00012992637505413598,0.012992637505413598,-8.94854261368043,-8.255395433120485,109,label_X_YY_gtauhtaum,108,label_X_YY_gtauhtaum,35,34P_gtauhtaul,23,34P_gtauhtaul,12,34P_3prong_tau,7,34P_3prong_leptonic,,n/a (rung partitions the other block),,n/a (rung partitions the other block),15,other_resonant,5,rand_res34p_06,7,rand_res34p_04,6,rand_res34p_04,0,"X->YY with gluon + hadronic tau + tau->mu; topology gtauhtaul, 3 visible object(s), leading heavy flavour light. Lands in 34P_3prong_leptonic at the coarsest resonant rung (R=9) because prong count and hadronic-vs-leptonic character survive every contraction applied above it."
110,label_X_YY_btauhtauh,res34p,Qtauhtauh,b+tauh+tauh,3,3,1,0,0,0,1,1,0,b,label_X_YY_Qtauhtauh,4,0.0024,0.0013858813339107836,0.0003464703334776959,0.0013858813339107836,0.0003464703334776959,0.03464703334776959,-7.967713360668705,-6.581418999548815,110,label_X_YY_btauhtauh,109,label_X_YY_btauhtauh,36,34P_Qtauhtauh_b,24,34P_Qtauhtauh,12,34P_3prong_tau,7,34P_3prong_leptonic,,n/a (rung partitions the other block),,n/a (rung partitions the other block),15,other_resonant,8,rand_res34p_04,7,rand_res34p_04,10,rand_res34p_06,0,"X->YY with b quark + hadronic tau + hadronic tau; topology Qtauhtauh, 3 visible object(s), leading heavy flavour b. Lands in 34P_3prong_leptonic at the coarsest resonant rung (R=9) because prong count and hadronic-vs-leptonic character survive every contraction applied above it."
111,label_X_YY_ctauhtauh,res34p,Qtauhtauh,c+tauh+tauh,3,3,0,1,0,0,1,1,0,c,label_X_YY_Qtauhtauh,4,0.0024,0.0013858813339107836,0.0003464703334776959,0.0013858813339107836,0.0003464703334776959,0.03464703334776959,-7.967713360668705,-6.581418999548815,111,label_X_YY_ctauhtauh,110,label_X_YY_ctauhtauh,37,34P_Qtauhtauh_nob,24,34P_Qtauhtauh,12,34P_3prong_tau,7,34P_3prong_leptonic,,n/a (rung partitions the other block),,n/a (rung partitions the other block),15,other_resonant,10,rand_res34p_05,13,rand_res34p_09,12,rand_res34p_02,0,"X->YY with c quark + hadronic tau + hadronic tau; topology Qtauhtauh, 3 visible object(s), leading heavy flavour c. Lands in 34P_3prong_leptonic at the coarsest resonant rung (R=9) because prong count and hadronic-vs-leptonic character survive every contraction applied above it."
112,label_X_YY_stauhtauh,res34p,Qtauhtauh,s+tauh+tauh,3,3,0,0,1,0,1,1,0,s,label_X_YY_Qtauhtauh,4,0.0024,0.0013858813339107836,0.0003464703334776959,0.0013858813339107836,0.0003464703334776959,0.03464703334776959,-7.967713360668705,-6.581418999548815,112,label_X_YY_stauhtauh,111,label_X_YY_stauhtauh,37,34P_Qtauhtauh_nob,24,34P_Qtauhtauh,12,34P_3prong_tau,7,34P_3prong_leptonic,,n/a (rung partitions the other block),,n/a (rung partitions the other block),15,other_resonant,7,rand_res34p_09,5,rand_res34p_03,6,rand_res34p_04,0,"X->YY with s quark + hadronic tau + hadronic tau; topology Qtauhtauh, 3 visible object(s), leading heavy flavour s. Lands in 34P_3prong_leptonic at the coarsest resonant rung (R=9) because prong count and hadronic-vs-leptonic character survive every contraction applied above it."
113,label_X_YY_qtauhtauh,res34p,Qtauhtauh,q+tauh+tauh,3,3,0,0,0,0,1,1,0,light,label_X_YY_Qtauhtauh,4,0.0024,0.0013858813339107836,0.0003464703334776959,0.0013858813339107836,0.0003464703334776959,0.03464703334776959,-7.967713360668705,-6.581418999548815,113,label_X_YY_qtauhtauh,112,label_X_YY_qtauhtauh,37,34P_Qtauhtauh_nob,24,34P_Qtauhtauh,12,34P_3prong_tau,7,34P_3prong_leptonic,,n/a (rung partitions the other block),,n/a (rung partitions the other block),15,other_resonant,5,rand_res34p_06,10,rand_res34p_02,10,rand_res34p_06,0,"X->YY with light quark (u/d) + hadronic tau + hadronic tau; topology Qtauhtauh, 3 visible object(s), leading heavy flavour light. Lands in 34P_3prong_leptonic at the coarsest resonant rung (R=9) because prong count and hadronic-vs-leptonic character survive every contraction applied above it."
114,label_X_YY_gtauhtauh,res34p,gtauhtauh,g+tauh+tauh,3,3,0,0,0,1,1,1,0,light,label_X_YY_gtauhtauh,1,0.0006,0.0003464703334776959,0.0003464703334776959,0.0003464703334776959,0.0003464703334776959,0.03464703334776959,-7.967713360668705,-7.967713360668705,114,label_X_YY_gtauhtauh,113,label_X_YY_gtauhtauh,38,34P_gtauhtauh,25,34P_gtauhtauh,12,34P_3prong_tau,7,34P_3prong_leptonic,,n/a (rung partitions the other block),,n/a (rung partitions the other block),15,other_resonant,14,rand_res34p_02,14,rand_res34p_01,5,rand_res34p_09,0,"X->YY with gluon + hadronic tau + hadronic tau; topology gtauhtauh, 3 visible object(s), leading heavy flavour light. Lands in 34P_3prong_leptonic at the coarsest resonant rung (R=9) because prong count and hadronic-vs-leptonic character survive every contraction applied above it."
115,label_X_YY_qqqb,res34p,QQQQ,q+q+q+b,4,4,1,0,0,0,0,0,0,b,label_X_YY_QQQQ,22,0.32,0.18478417785477116,0.008399280811580508,0.18478417785477116,0.008399280811580508,0.8399280811580507,-4.779609194467258,-1.6885667411089422,115,label_X_YY_qqqb,114,label_X_YY_qqqb,7,34P_QQQQ_b,5,34P_QQQQ,5,34P_4prong_had_quarks,4,34P_4prong_hadronic,,n/a (rung partitions the other block),,n/a (rung partitions the other block),15,other_resonant,7,rand_res34p_09,11,rand_res34p_06,12,rand_res34p_02,0,"X->YY with light quark (u/d) + light quark (u/d) + light quark (u/d) + b quark; topology QQQQ, 4 visible object(s), leading heavy flavour b. Lands in 34P_4prong_hadronic at the coarsest resonant rung (R=9) because prong count and hadronic-vs-leptonic character survive every contraction applied above it."
116,label_X_YY_qqqc,res34p,QQQQ,q+q+q+c,4,4,0,1,0,0,0,0,0,c,label_X_YY_QQQQ,22,0.32,0.18478417785477116,0.008399280811580508,0.18478417785477116,0.008399280811580508,0.8399280811580507,-4.779609194467258,-1.6885667411089422,116,label_X_YY_qqqc,115,label_X_YY_qqqc,15,34P_QQQQ_nob,5,34P_QQQQ,5,34P_4prong_had_quarks,4,34P_4prong_hadronic,,n/a (rung partitions the other block),,n/a (rung partitions the other block),15,other_resonant,10,rand_res34p_05,9,rand_res34p_00,5,rand_res34p_09,0,"X->YY with light quark (u/d) + light quark (u/d) + light quark (u/d) + c quark; topology QQQQ, 4 visible object(s), leading heavy flavour c. Lands in 34P_4prong_hadronic at the coarsest resonant rung (R=9) because prong count and hadronic-vs-leptonic character survive every contraction applied above it."
117,label_X_YY_qqqs,res34p,QQQQ,q+q+q+s,4,4,0,0,1,0,0,0,0,s,label_X_YY_QQQQ,22,0.32,0.18478417785477116,0.008399280811580508,0.18478417785477116,0.008399280811580508,0.8399280811580507,-4.779609194467258,-1.6885667411089422,117,label_X_YY_qqqs,116,label_X_YY_qqqs,15,34P_QQQQ_nob,5,34P_QQQQ,5,34P_4prong_had_quarks,4,34P_4prong_hadronic,,n/a (rung partitions the other block),,n/a (rung partitions the other block),15,other_resonant,11,rand_res34p_07,10,rand_res34p_02,8,rand_res34p_07,0,"X->YY with light quark (u/d) + light quark (u/d) + light quark (u/d) + s quark; topology QQQQ, 4 visible object(s), leading heavy flavour s. Lands in 34P_4prong_hadronic at the coarsest resonant rung (R=9) because prong count and hadronic-vs-leptonic character survive every contraction applied above it."
118,label_X_YY_bbcq,res34p,QQQQ,b+b+c+q,4,4,1,1,0,0,0,0,0,b,label_X_YY_QQQQ,22,0.32,0.18478417785477116,0.008399280811580508,0.18478417785477116,0.008399280811580508,0.8399280811580507,-4.779609194467258,-1.6885667411089422,118,label_X_YY_bbcq,117,label_X_YY_bbcq,7,34P_QQQQ_b,5,34P_QQQQ,5,34P_4prong_had_quarks,4,34P_4prong_hadronic,,n/a (rung partitions the other block),,n/a (rung partitions the other block),15,other_resonant,10,rand_res34p_05,11,rand_res34p_06,5,rand_res34p_09,0,"X->YY with b quark + b quark + c quark + light quark (u/d); topology QQQQ, 4 visible object(s), leading heavy flavour b. Lands in 34P_4prong_hadronic at the coarsest resonant rung (R=9) because prong count and hadronic-vs-leptonic character survive every contraction applied above it."
119,label_X_YY_ccbs,res34p,QQQQ,c+c+b+s,4,4,1,1,1,0,0,0,0,b,label_X_YY_QQQQ,22,0.32,0.18478417785477116,0.008399280811580508,0.18478417785477116,0.008399280811580508,0.8399280811580507,-4.779609194467258,-1.6885667411089422,119,label_X_YY_ccbs,118,label_X_YY_ccbs,7,34P_QQQQ_b,5,34P_QQQQ,5,34P_4prong_had_quarks,4,34P_4prong_hadronic,,n/a (rung partitions the other block),,n/a (rung partitions the other block),15,other_resonant,6,rand_res34p_03,9,rand_res34p_00,10,rand_res34p_06,1,"X->YY with c quark + c quark + b quark + s quark; topology QQQQ, 4 visible object(s), leading heavy flavour b. Lands in 34P_4prong_hadronic at the coarsest resonant rung (R=9) because prong count and hadronic-vs-leptonic character survive every contraction applied above it."
120,label_X_YY_ccbq,res34p,QQQQ,c+c+b+q,4,4,1,1,0,0,0,0,0,b,label_X_YY_QQQQ,22,0.32,0.18478417785477116,0.008399280811580508,0.18478417785477116,0.008399280811580508,0.8399280811580507,-4.779609194467258,-1.6885667411089422,120,label_X_YY_ccbq,119,label_X_YY_ccbq,7,34P_QQQQ_b,5,34P_QQQQ,5,34P_4prong_had_quarks,4,34P_4prong_hadronic,,n/a (rung partitions the other block),,n/a (rung partitions the other block),15,other_resonant,9,rand_res34p_08,11,rand_res34p_06,13,rand_res34p_00,0,"X->YY with c quark + c quark + b quark + light quark (u/d); topology QQQQ, 4 visible object(s), leading heavy flavour b. Lands in 34P_4prong_hadronic at the coarsest resonant rung (R=9) because prong count and hadronic-vs-leptonic character survive every contraction applied above it."
121,label_X_YY_ccsq,res34p,QQQQ,c+c+s+q,4,4,0,1,1,0,0,0,0,c,label_X_YY_QQQQ,22,0.32,0.18478417785477116,0.008399280811580508,0.18478417785477116,0.008399280811580508,0.8399280811580507,-4.779609194467258,-1.6885667411089422,121,label_X_YY_ccsq,120,label_X_YY_ccsq,15,34P_QQQQ_nob,5,34P_QQQQ,5,34P_4prong_had_quarks,4,34P_4prong_hadronic,,n/a (rung partitions the other block),,n/a (rung partitions the other block),15,other_resonant,12,rand_res34p_00,8,rand_res34p_08,7,rand_res34p_08,0,"X->YY with c quark + c quark + s quark + light quark (u/d); topology QQQQ, 4 visible object(s), leading heavy flavour c. Lands in 34P_4prong_hadronic at the coarsest resonant rung (R=9) because prong count and hadronic-vs-leptonic character survive every contraction applied above it."
122,label_X_YY_sscq,res34p,QQQQ,s+s+c+q,4,4,0,1,1,0,0,0,0,c,label_X_YY_QQQQ,22,0.32,0.18478417785477116,0.008399280811580508,0.18478417785477116,0.008399280811580508,0.8399280811580507,-4.779609194467258,-1.6885667411089422,122,label_X_YY_sscq,121,label_X_YY_sscq,15,34P_QQQQ_nob,5,34P_QQQQ,5,34P_4prong_had_quarks,4,34P_4prong_hadronic,,n/a (rung partitions the other block),,n/a (rung partitions the other block),15,other_resonant,8,rand_res34p_04,9,rand_res34p_00,7,rand_res34p_08,0,"X->YY with s quark + s quark + c quark + light quark (u/d); topology QQQQ, 4 visible object(s), leading heavy flavour c. Lands in 34P_4prong_hadronic at the coarsest resonant rung (R=9) because prong count and hadronic-vs-leptonic character survive every contraction applied above it."
123,label_X_YY_qqbc,res34p,QQQQ,q+q+b+c,4,4,1,1,0,0,0,0,0,b,label_X_YY_QQQQ,22,0.32,0.18478417785477116,0.008399280811580508,0.18478417785477116,0.008399280811580508,0.8399280811580507,-4.779609194467258,-1.6885667411089422,123,label_X_YY_qqbc,122,label_X_YY_qqbc,7,34P_QQQQ_b,5,34P_QQQQ,5,34P_4prong_had_quarks,4,34P_4prong_hadronic,,n/a (rung partitions the other block),,n/a (rung partitions the other block),15,other_resonant,12,rand_res34p_00,7,rand_res34p_04,10,rand_res34p_06,0,"X->YY with light quark (u/d) + light quark (u/d) + b quark + c quark; topology QQQQ, 4 visible object(s), leading heavy flavour b. Lands in 34P_4prong_hadronic at the coarsest resonant rung (R=9) because prong count and hadronic-vs-leptonic character survive every contraction applied above it."
124,label_X_YY_qqbs,res34p,QQQQ,q+q+b+s,4,4,1,0,1,0,0,0,0,b,label_X_YY_QQQQ,22,0.32,0.18478417785477116,0.008399280811580508,0.18478417785477116,0.008399280811580508,0.8399280811580507,-4.779609194467258,-1.6885667411089422,124,label_X_YY_qqbs,123,label_X_YY_qqbs,7,34P_QQQQ_b,5,34P_QQQQ,5,34P_4prong_had_quarks,4,34P_4prong_hadronic,,n/a (rung partitions the other block),,n/a (rung partitions the other block),15,other_resonant,11,rand_res34p_07,8,rand_res34p_08,11,rand_res34p_05,1,"X->YY with light quark (u/d) + light quark (u/d) + b quark + s quark; topology QQQQ, 4 visible object(s), leading heavy flavour b. Lands in 34P_4prong_hadronic at the coarsest resonant rung (R=9) because prong count and hadronic-vs-leptonic character survive every contraction applied above it."
125,label_X_YY_qqcs,res34p,QQQQ,q+q+c+s,4,4,0,1,1,0,0,0,0,c,label_X_YY_QQQQ,22,0.32,0.18478417785477116,0.008399280811580508,0.18478417785477116,0.008399280811580508,0.8399280811580507,-4.779609194467258,-1.6885667411089422,125,label_X_YY_qqcs,124,label_X_YY_qqcs,15,34P_QQQQ_nob,5,34P_QQQQ,5,34P_4prong_had_quarks,4,34P_4prong_hadronic,,n/a (rung partitions the other block),,n/a (rung partitions the other block),15,other_resonant,12,rand_res34p_00,10,rand_res34p_02,13,rand_res34p_00,0,"X->YY with light quark (u/d) + light quark (u/d) + c quark + s quark; topology QQQQ, 4 visible object(s), leading heavy flavour c. Lands in 34P_4prong_hadronic at the coarsest resonant rung (R=9) because prong count and hadronic-vs-leptonic character survive every contraction applied above it."
126,label_X_YY_bcsq,res34p,QQQQ,b+c+s+q,4,4,1,1,1,0,0,0,0,b,label_X_YY_QQQQ,22,0.32,0.18478417785477116,0.008399280811580508,0.18478417785477116,0.008399280811580508,0.8399280811580507,-4.779609194467258,-1.6885667411089422,126,label_X_YY_bcsq,125,label_X_YY_bcsq,7,34P_QQQQ_b,5,34P_QQQQ,5,34P_4prong_had_quarks,4,34P_4prong_hadronic,,n/a (rung partitions the other block),,n/a (rung partitions the other block),15,other_resonant,6,rand_res34p_03,5,rand_res34p_03,9,rand_res34p_03,1,"X->YY with b quark + c quark + s quark + light quark (u/d); topology QQQQ, 4 visible object(s), leading heavy flavour b. Lands in 34P_4prong_hadronic at the coarsest resonant rung (R=9) because prong count and hadronic-vs-leptonic character survive every contraction applied above it."
127,label_X_YY_bcs,res34p,QQQ,b+c+s,3,3,1,1,1,0,0,0,0,b,label_X_YY_QQQ,20,0.05,0.028872527789808,0.0014436263894904,0.028872527789808,0.0014436263894904,0.14436263894903997,-6.540597005028559,-3.5448647314745685,127,label_X_YY_bcs,126,label_X_YY_bcs,12,34P_QQQ_b,10,34P_QQQ,9,34P_3prong_had_quarks,6,34P_3prong_hadronic,,n/a (rung partitions the other block),,n/a (rung partitions the other block),15,other_resonant,5,rand_res34p_06,5,rand_res34p_03,10,rand_res34p_06,1,"X->YY with b quark + c quark + s quark; topology QQQ, 3 visible object(s), leading heavy flavour b. Lands in 34P_3prong_hadronic at the coarsest resonant rung (R=9) because prong count and hadronic-vs-leptonic character survive every contraction applied above it."
128,label_X_YY_bcq,res34p,QQQ,b+c+q,3,3,1,1,0,0,0,0,0,b,label_X_YY_QQQ,20,0.05,0.028872527789808,0.0014436263894904,0.028872527789808,0.0014436263894904,0.14436263894903997,-6.540597005028559,-3.5448647314745685,128,label_X_YY_bcq,127,label_X_YY_bcq,12,34P_QQQ_b,10,34P_QQQ,9,34P_3prong_had_quarks,6,34P_3prong_hadronic,,n/a (rung partitions the other block),,n/a (rung partitions the other block),15,other_resonant,7,rand_res34p_09,5,rand_res34p_03,5,rand_res34p_09,0,"X->YY with b quark + c quark + light quark (u/d); topology QQQ, 3 visible object(s), leading heavy flavour b. Lands in 34P_3prong_hadronic at the coarsest resonant rung (R=9) because prong count and hadronic-vs-leptonic character survive every contraction applied above it."
129,label_X_YY_bsq,res34p,QQQ,b+s+q,3,3,1,0,1,0,0,0,0,b,label_X_YY_QQQ,20,0.05,0.028872527789808,0.0014436263894904,0.028872527789808,0.0014436263894904,0.14436263894903997,-6.540597005028559,-3.5448647314745685,129,label_X_YY_bsq,128,label_X_YY_bsq,12,34P_QQQ_b,10,34P_QQQ,9,34P_3prong_had_quarks,6,34P_3prong_hadronic,,n/a (rung partitions the other block),,n/a (rung partitions the other block),15,other_resonant,12,rand_res34p_00,6,rand_res34p_05,13,rand_res34p_00,1,"X->YY with b quark + s quark + light quark (u/d); topology QQQ, 3 visible object(s), leading heavy flavour b. Lands in 34P_3prong_hadronic at the coarsest resonant rung (R=9) because prong count and hadronic-vs-leptonic character survive every contraction applied above it."
130,label_X_YY_csq,res34p,QQQ,c+s+q,3,3,0,1,1,0,0,0,0,c,label_X_YY_QQQ,20,0.05,0.028872527789808,0.0014436263894904,0.028872527789808,0.0014436263894904,0.14436263894903997,-6.540597005028559,-3.5448647314745685,130,label_X_YY_csq,129,label_X_YY_csq,20,34P_QQQ_nob,10,34P_QQQ,9,34P_3prong_had_quarks,6,34P_3prong_hadronic,,n/a (rung partitions the other block),,n/a (rung partitions the other block),15,other_resonant,11,rand_res34p_07,9,rand_res34p_00,9,rand_res34p_03,0,"X->YY with c quark + s quark + light quark (u/d); topology QQQ, 3 visible object(s), leading heavy flavour c. Lands in 34P_3prong_hadronic at the coarsest resonant rung (R=9) because prong count and hadronic-vs-leptonic character survive every contraction applied above it."
131,label_X_YY_bcev,res34p,QQlv,b+c+e+v,4,3,1,1,0,0,1,0,1,b,label_X_YY_QQlv,12,0.08,0.04619604446369279,0.003849670371974399,0.04619604446369279,0.003849670371974399,0.3849670371974399,-5.559767752016834,-3.074861102228833,131,label_X_YY_bcev,130,label_X_YY_bcev,39,34P_QQlv_b,26,34P_QQlv,13,34P_semilep_lnu,8,34P_semileptonic_nu,,n/a (rung partitions the other block),,n/a (rung partitions the other block),15,other_resonant,8,rand_res34p_04,12,rand_res34p_07,12,rand_res34p_02,0,"X->YY with b quark + c quark + electron + neutrino; topology QQlv, 3 visible object(s), leading heavy flavour b. Lands in 34P_semileptonic_nu at the coarsest resonant rung (R=9) because prong count and hadronic-vs-leptonic character survive every contraction applied above it."
132,label_X_YY_csev,res34p,QQlv,c+s+e+v,4,3,0,1,1,0,1,0,1,c,label_X_YY_QQlv,12,0.08,0.04619604446369279,0.003849670371974399,0.04619604446369279,0.003849670371974399,0.3849670371974399,-5.559767752016834,-3.074861102228833,132,label_X_YY_csev,131,label_X_YY_csev,40,34P_QQlv_nob,26,34P_QQlv,13,34P_semilep_lnu,8,34P_semileptonic_nu,,n/a (rung partitions the other block),,n/a (rung partitions the other block),15,other_resonant,9,rand_res34p_08,12,rand_res34p_07,13,rand_res34p_00,0,"X->YY with c quark + s quark + electron + neutrino; topology QQlv, 3 visible object(s), leading heavy flavour c. Lands in 34P_semileptonic_nu at the coarsest resonant rung (R=9) because prong count and hadronic-vs-leptonic character survive every contraction applied above it."
133,label_X_YY_bqev,res34p,QQlv,b+q+e+v,4,3,1,0,0,0,1,0,1,b,label_X_YY_QQlv,12,0.08,0.04619604446369279,0.003849670371974399,0.04619604446369279,0.003849670371974399,0.3849670371974399,-5.559767752016834,-3.074861102228833,133,label_X_YY_bqev,132,label_X_YY_bqev,39,34P_QQlv_b,26,34P_QQlv,13,34P_semilep_lnu,8,34P_semileptonic_nu,,n/a (rung partitions the other block),,n/a (rung partitions the other block),15,other_resonant,9,rand_res34p_08,7,rand_res34p_04,9,rand_res34p_03,0,"X->YY with b quark + light quark (u/d) + electron + neutrino; topology QQlv, 3 visible object(s), leading heavy flavour b. Lands in 34P_semileptonic_nu at the coarsest resonant rung (R=9) because prong count and hadronic-vs-leptonic character survive every contraction applied above it."
134,label_X_YY_cqev,res34p,QQlv,c+q+e+v,4,3,0,1,0,0,1,0,1,c,label_X_YY_QQlv,12,0.08,0.04619604446369279,0.003849670371974399,0.04619604446369279,0.003849670371974399,0.3849670371974399,-5.559767752016834,-3.074861102228833,134,label_X_YY_cqev,133,label_X_YY_cqev,40,34P_QQlv_nob,26,34P_QQlv,13,34P_semilep_lnu,8,34P_semileptonic_nu,,n/a (rung partitions the other block),,n/a (rung partitions the other block),15,other_resonant,12,rand_res34p_00,12,rand_res34p_07,6,rand_res34p_04,0,"X->YY with c quark + light quark (u/d) + electron + neutrino; topology QQlv, 3 visible object(s), leading heavy flavour c. Lands in 34P_semileptonic_nu at the coarsest resonant rung (R=9) because prong count and hadronic-vs-leptonic character survive every contraction applied above it."
135,label_X_YY_sqev,res34p,QQlv,s+q+e+v,4,3,0,0,1,0,1,0,1,s,label_X_YY_QQlv,12,0.08,0.04619604446369279,0.003849670371974399,0.04619604446369279,0.003849670371974399,0.3849670371974399,-5.559767752016834,-3.074861102228833,135,label_X_YY_sqev,134,label_X_YY_sqev,40,34P_QQlv_nob,26,34P_QQlv,13,34P_semilep_lnu,8,34P_semileptonic_nu,,n/a (rung partitions the other block),,n/a (rung partitions the other block),15,other_resonant,8,rand_res34p_04,5,rand_res34p_03,6,rand_res34p_04,0,"X->YY with s quark + light quark (u/d) + electron + neutrino; topology QQlv, 3 visible object(s), leading heavy flavour s. Lands in 34P_semileptonic_nu at the coarsest resonant rung (R=9) because prong count and hadronic-vs-leptonic character survive every contraction applied above it."
136,label_X_YY_qqev,res34p,QQlv,q+q+e+v,4,3,0,0,0,0,1,0,1,light,label_X_YY_QQlv,12,0.08,0.04619604446369279,0.003849670371974399,0.04619604446369279,0.003849670371974399,0.3849670371974399,-5.559767752016834,-3.074861102228833,136,label_X_YY_qqev,135,label_X_YY_qqev,40,34P_QQlv_nob,26,34P_QQlv,13,34P_semilep_lnu,8,34P_semileptonic_nu,,n/a (rung partitions the other block),,n/a (rung partitions the other block),15,other_resonant,12,rand_res34p_00,5,rand_res34p_03,13,rand_res34p_00,0,"X->YY with light quark (u/d) + light quark (u/d) + electron + neutrino; topology QQlv, 3 visible object(s), leading heavy flavour light. Lands in 34P_semileptonic_nu at the coarsest resonant rung (R=9) because prong count and hadronic-vs-leptonic character survive every contraction applied above it."
137,label_X_YY_bcmv,res34p,QQlv,b+c+m+v,4,3,1,1,0,0,1,0,1,b,label_X_YY_QQlv,12,0.08,0.04619604446369279,0.003849670371974399,0.04619604446369279,0.003849670371974399,0.3849670371974399,-5.559767752016834,-3.074861102228833,137,label_X_YY_bcmv,136,label_X_YY_bcmv,39,34P_QQlv_b,26,34P_QQlv,13,34P_semilep_lnu,8,34P_semileptonic_nu,,n/a (rung partitions the other block),,n/a (rung partitions the other block),15,other_resonant,8,rand_res34p_04,13,rand_res34p_09,7,rand_res34p_08,0,"X->YY with b quark + c quark + muon + neutrino; topology QQlv, 3 visible object(s), leading heavy flavour b. Lands in 34P_semileptonic_nu at the coarsest resonant rung (R=9) because prong count and hadronic-vs-leptonic character survive every contraction applied above it."
138,label_X_YY_csmv,res34p,QQlv,c+s+m+v,4,3,0,1,1,0,1,0,1,c,label_X_YY_QQlv,12,0.08,0.04619604446369279,0.003849670371974399,0.04619604446369279,0.003849670371974399,0.3849670371974399,-5.559767752016834,-3.074861102228833,138,label_X_YY_csmv,137,label_X_YY_csmv,40,34P_QQlv_nob,26,34P_QQlv,13,34P_semilep_lnu,8,34P_semileptonic_nu,,n/a (rung partitions the other block),,n/a (rung partitions the other block),15,other_resonant,12,rand_res34p_00,12,rand_res34p_07,5,rand_res34p_09,0,"X->YY with c quark + s quark + muon + neutrino; topology QQlv, 3 visible object(s), leading heavy flavour c. Lands in 34P_semileptonic_nu at the coarsest resonant rung (R=9) because prong count and hadronic-vs-leptonic character survive every contraction applied above it."
139,label_X_YY_bqmv,res34p,QQlv,b+q+m+v,4,3,1,0,0,0,1,0,1,b,label_X_YY_QQlv,12,0.08,0.04619604446369279,0.003849670371974399,0.04619604446369279,0.003849670371974399,0.3849670371974399,-5.559767752016834,-3.074861102228833,139,label_X_YY_bqmv,138,label_X_YY_bqmv,39,34P_QQlv_b,26,34P_QQlv,13,34P_semilep_lnu,8,34P_semileptonic_nu,,n/a (rung partitions the other block),,n/a (rung partitions the other block),15,other_resonant,14,rand_res34p_02,7,rand_res34p_04,6,rand_res34p_04,0,"X->YY with b quark + light quark (u/d) + muon + neutrino; topology QQlv, 3 visible object(s), leading heavy flavour b. Lands in 34P_semileptonic_nu at the coarsest resonant rung (R=9) because prong count and hadronic-vs-leptonic character survive every contraction applied above it."
140,label_X_YY_cqmv,res34p,QQlv,c+q+m+v,4,3,0,1,0,0,1,0,1,c,label_X_YY_QQlv,12,0.08,0.04619604446369279,0.003849670371974399,0.04619604446369279,0.003849670371974399,0.3849670371974399,-5.559767752016834,-3.074861102228833,140,label_X_YY_cqmv,139,label_X_YY_cqmv,40,34P_QQlv_nob,26,34P_QQlv,13,34P_semilep_lnu,8,34P_semileptonic_nu,,n/a (rung partitions the other block),,n/a (rung partitions the other block),15,other_resonant,5,rand_res34p_06,8,rand_res34p_08,8,rand_res34p_07,0,"X->YY with c quark + light quark (u/d) + muon + neutrino; topology QQlv, 3 visible object(s), leading heavy flavour c. Lands in 34P_semileptonic_nu at the coarsest resonant rung (R=9) because prong count and hadronic-vs-leptonic character survive every contraction applied above it."
141,label_X_YY_sqmv,res34p,QQlv,s+q+m+v,4,3,0,0,1,0,1,0,1,s,label_X_YY_QQlv,12,0.08,0.04619604446369279,0.003849670371974399,0.04619604446369279,0.003849670371974399,0.3849670371974399,-5.559767752016834,-3.074861102228833,141,label_X_YY_sqmv,140,label_X_YY_sqmv,40,34P_QQlv_nob,26,34P_QQlv,13,34P_semilep_lnu,8,34P_semileptonic_nu,,n/a (rung partitions the other block),,n/a (rung partitions the other block),15,other_resonant,9,rand_res34p_08,13,rand_res34p_09,11,rand_res34p_05,0,"X->YY with s quark + light quark (u/d) + muon + neutrino; topology QQlv, 3 visible object(s), leading heavy flavour s. Lands in 34P_semileptonic_nu at the coarsest resonant rung (R=9) because prong count and hadronic-vs-leptonic character survive every contraction applied above it."
142,label_X_YY_qqmv,res34p,QQlv,q+q+m+v,4,3,0,0,0,0,1,0,1,light,label_X_YY_QQlv,12,0.08,0.04619604446369279,0.003849670371974399,0.04619604446369279,0.003849670371974399,0.3849670371974399,-5.559767752016834,-3.074861102228833,142,label_X_YY_qqmv,141,label_X_YY_qqmv,40,34P_QQlv_nob,26,34P_QQlv,13,34P_semilep_lnu,8,34P_semileptonic_nu,,n/a (rung partitions the other block),,n/a (rung partitions the other block),15,other_resonant,11,rand_res34p_07,13,rand_res34p_09,12,rand_res34p_02,0,"X->YY with light quark (u/d) + light quark (u/d) + muon + neutrino; topology QQlv, 3 visible object(s), leading heavy flavour light. Lands in 34P_semileptonic_nu at the coarsest resonant rung (R=9) because prong count and hadronic-vs-leptonic character survive every contraction applied above it."
143,label_X_YY_bctauev,res34p,QQtaulv,b+c+taue+v,4,3,1,1,0,0,1,1,1,b,label_X_YY_QQtaulv,12,0.015,0.008661758336942398,0.0007218131947451999,0.008661758336942398,0.0007218131947451999,0.07218131947451999,-7.233744185588505,-4.748837535800504,143,label_X_YY_bctauev,142,label_X_YY_bctauev,41,34P_QQtaulv_b,27,34P_QQtaulv,14,34P_semilep_taunu,8,34P_semileptonic_nu,,n/a (rung partitions the other block),,n/a (rung partitions the other block),15,other_resonant,11,rand_res34p_07,9,rand_res34p_00,5,rand_res34p_09,0,"X->YY with b quark + c quark + tau->e + neutrino; topology QQtaulv, 3 visible object(s), leading heavy flavour b. Lands in 34P_semileptonic_nu at the coarsest resonant rung (R=9) because prong count and hadronic-vs-leptonic character survive every contraction applied above it."
144,label_X_YY_cstauev,res34p,QQtaulv,c+s+taue+v,4,3,0,1,1,0,1,1,1,c,label_X_YY_QQtaulv,12,0.015,0.008661758336942398,0.0007218131947451999,0.008661758336942398,0.0007218131947451999,0.07218131947451999,-7.233744185588505,-4.748837535800504,144,label_X_YY_cstauev,143,label_X_YY_cstauev,42,34P_QQtaulv_nob,27,34P_QQtaulv,14,34P_semilep_taunu,8,34P_semileptonic_nu,,n/a (rung partitions the other block),,n/a (rung partitions the other block),15,other_resonant,6,rand_res34p_03,9,rand_res34p_00,9,rand_res34p_03,0,"X->YY with c quark + s quark + tau->e + neutrino; topology QQtaulv, 3 visible object(s), leading heavy flavour c. Lands in 34P_semileptonic_nu at the coarsest resonant rung (R=9) because prong count and hadronic-vs-leptonic character survive every contraction applied above it."
145,label_X_YY_bqtauev,res34p,QQtaulv,b+q+taue+v,4,3,1,0,0,0,1,1,1,b,label_X_YY_QQtaulv,12,0.015,0.008661758336942398,0.0007218131947451999,0.008661758336942398,0.0007218131947451999,0.07218131947451999,-7.233744185588505,-4.748837535800504,145,label_X_YY_bqtauev,144,label_X_YY_bqtauev,41,34P_QQtaulv_b,27,34P_QQtaulv,14,34P_semilep_taunu,8,34P_semileptonic_nu,,n/a (rung partitions the other block),,n/a (rung partitions the other block),15,other_resonant,14,rand_res34p_02,13,rand_res34p_09,7,rand_res34p_08,0,"X->YY with b quark + light quark (u/d) + tau->e + neutrino; topology QQtaulv, 3 visible object(s), leading heavy flavour b. Lands in 34P_semileptonic_nu at the coarsest resonant rung (R=9) because prong count and hadronic-vs-leptonic character survive every contraction applied above it."
146,label_X_YY_cqtauev,res34p,QQtaulv,c+q+taue+v,4,3,0,1,0,0,1,1,1,c,label_X_YY_QQtaulv,12,0.015,0.008661758336942398,0.0007218131947451999,0.008661758336942398,0.0007218131947451999,0.07218131947451999,-7.233744185588505,-4.748837535800504,146,label_X_YY_cqtauev,145,label_X_YY_cqtauev,42,34P_QQtaulv_nob,27,34P_QQtaulv,14,34P_semilep_taunu,8,34P_semileptonic_nu,,n/a (rung partitions the other block),,n/a (rung partitions the other block),15,other_resonant,9,rand_res34p_08,8,rand_res34p_08,8,rand_res34p_07,0,"X->YY with c quark + light quark (u/d) + tau->e + neutrino; topology QQtaulv, 3 visible object(s), leading heavy flavour c. Lands in 34P_semileptonic_nu at the coarsest resonant rung (R=9) because prong count and hadronic-vs-leptonic character survive every contraction applied above it."
147,label_X_YY_sqtauev,res34p,QQtaulv,s+q+taue+v,4,3,0,0,1,0,1,1,1,s,label_X_YY_QQtaulv,12,0.015,0.008661758336942398,0.0007218131947451999,0.008661758336942398,0.0007218131947451999,0.07218131947451999,-7.233744185588505,-4.748837535800504,147,label_X_YY_sqtauev,146,label_X_YY_sqtauev,42,34P_QQtaulv_nob,27,34P_QQtaulv,14,34P_semilep_taunu,8,34P_semileptonic_nu,,n/a (rung partitions the other block),,n/a (rung partitions the other block),15,other_resonant,7,rand_res34p_09,10,rand_res34p_02,9,rand_res34p_03,0,"X->YY with s quark + light quark (u/d) + tau->e + neutrino; topology QQtaulv, 3 visible object(s), leading heavy flavour s. Lands in 34P_semileptonic_nu at the coarsest resonant rung (R=9) because prong count and hadronic-vs-leptonic character survive every contraction applied above it."
148,label_X_YY_qqtauev,res34p,QQtaulv,q+q+taue+v,4,3,0,0,0,0,1,1,1,light,label_X_YY_QQtaulv,12,0.015,0.008661758336942398,0.0007218131947451999,0.008661758336942398,0.0007218131947451999,0.07218131947451999,-7.233744185588505,-4.748837535800504,148,label_X_YY_qqtauev,147,label_X_YY_qqtauev,42,34P_QQtaulv_nob,27,34P_QQtaulv,14,34P_semilep_taunu,8,34P_semileptonic_nu,,n/a (rung partitions the other block),,n/a (rung partitions the other block),15,other_resonant,11,rand_res34p_07,11,rand_res34p_06,7,rand_res34p_08,0,"X->YY with light quark (u/d) + light quark (u/d) + tau->e + neutrino; topology QQtaulv, 3 visible object(s), leading heavy flavour light. Lands in 34P_semileptonic_nu at the coarsest resonant rung (R=9) because prong count and hadronic-vs-leptonic character survive every contraction applied above it."
149,label_X_YY_bctaumv,res34p,QQtaulv,b+c+taum+v,4,3,1,1,0,0,1,1,1,b,label_X_YY_QQtaulv,12,0.015,0.008661758336942398,0.0007218131947451999,0.008661758336942398,0.0007218131947451999,0.07218131947451999,-7.233744185588505,-4.748837535800504,149,label_X_YY_bctaumv,148,label_X_YY_bctaumv,41,34P_QQtaulv_b,27,34P_QQtaulv,14,34P_semilep_taunu,8,34P_semileptonic_nu,,n/a (rung partitions the other block),,n/a (rung partitions the other block),15,other_resonant,6,rand_res34p_03,5,rand_res34p_03,13,rand_res34p_00,0,"X->YY with b quark + c quark + tau->mu + neutrino; topology QQtaulv, 3 visible object(s), leading heavy flavour b. Lands in 34P_semileptonic_nu at the coarsest resonant rung (R=9) because prong count and hadronic-vs-leptonic character survive every contraction applied above it."
150,label_X_YY_cstaumv,res34p,QQtaulv,c+s+taum+v,4,3,0,1,1,0,1,1,1,c,label_X_YY_QQtaulv,12,0.015,0.008661758336942398,0.0007218131947451999,0.008661758336942398,0.0007218131947451999,0.07218131947451999,-7.233744185588505,-4.748837535800504,150,label_X_YY_cstaumv,149,label_X_YY_cstaumv,42,34P_QQtaulv_nob,27,34P_QQtaulv,14,34P_semilep_taunu,8,34P_semileptonic_nu,,n/a (rung partitions the other block),,n/a (rung partitions the other block),15,other_resonant,5,rand_res34p_06,7,rand_res34p_04,5,rand_res34p_09,0,"X->YY with c quark + s quark + tau->mu + neutrino; topology QQtaulv, 3 visible object(s), leading heavy flavour c. Lands in 34P_semileptonic_nu at the coarsest resonant rung (R=9) because prong count and hadronic-vs-leptonic character survive every contraction applied above it."
151,label_X_YY_bqtaumv,res34p,QQtaulv,b+q+taum+v,4,3,1,0,0,0,1,1,1,b,label_X_YY_QQtaulv,12,0.015,0.008661758336942398,0.0007218131947451999,0.008661758336942398,0.0007218131947451999,0.07218131947451999,-7.233744185588505,-4.748837535800504,151,label_X_YY_bqtaumv,150,label_X_YY_bqtaumv,41,34P_QQtaulv_b,27,34P_QQtaulv,14,34P_semilep_taunu,8,34P_semileptonic_nu,,n/a (rung partitions the other block),,n/a (rung partitions the other block),15,other_resonant,12,rand_res34p_00,11,rand_res34p_06,11,rand_res34p_05,0,"X->YY with b quark + light quark (u/d) + tau->mu + neutrino; topology QQtaulv, 3 visible object(s), leading heavy flavour b. Lands in 34P_semileptonic_nu at the coarsest resonant rung (R=9) because prong count and hadronic-vs-leptonic character survive every contraction applied above it."
152,label_X_YY_cqtaumv,res34p,QQtaulv,c+q+taum+v,4,3,0,1,0,0,1,1,1,c,label_X_YY_QQtaulv,12,0.015,0.008661758336942398,0.0007218131947451999,0.008661758336942398,0.0007218131947451999,0.07218131947451999,-7.233744185588505,-4.748837535800504,152,label_X_YY_cqtaumv,151,label_X_YY_cqtaumv,42,34P_QQtaulv_nob,27,34P_QQtaulv,14,34P_semilep_taunu,8,34P_semileptonic_nu,,n/a (rung partitions the other block),,n/a (rung partitions the other block),15,other_resonant,5,rand_res34p_06,14,rand_res34p_01,13,rand_res34p_00,0,"X->YY with c quark + light quark (u/d) + tau->mu + neutrino; topology QQtaulv, 3 visible object(s), leading heavy flavour c. Lands in 34P_semileptonic_nu at the coarsest resonant rung (R=9) because prong count and hadronic-vs-leptonic character survive every contraction applied above it."
153,label_X_YY_sqtaumv,res34p,QQtaulv,s+q+taum+v,4,3,0,0,1,0,1,1,1,s,label_X_YY_QQtaulv,12,0.015,0.008661758336942398,0.0007218131947451999,0.008661758336942398,0.0007218131947451999,0.07218131947451999,-7.233744185588505,-4.748837535800504,153,label_X_YY_sqtaumv,152,label_X_YY_sqtaumv,42,34P_QQtaulv_nob,27,34P_QQtaulv,14,34P_semilep_taunu,8,34P_semileptonic_nu,,n/a (rung partitions the other block),,n/a (rung partitions the other block),15,other_resonant,5,rand_res34p_06,8,rand_res34p_08,10,rand_res34p_06,0,"X->YY with s quark + light quark (u/d) + tau->mu + neutrino; topology QQtaulv, 3 visible object(s), leading heavy flavour s. Lands in 34P_semileptonic_nu at the coarsest resonant rung (R=9) because prong count and hadronic-vs-leptonic character survive every contraction applied above it."
154,label_X_YY_qqtaumv,res34p,QQtaulv,q+q+taum+v,4,3,0,0,0,0,1,1,1,light,label_X_YY_QQtaulv,12,0.015,0.008661758336942398,0.0007218131947451999,0.008661758336942398,0.0007218131947451999,0.07218131947451999,-7.233744185588505,-4.748837535800504,154,label_X_YY_qqtaumv,153,label_X_YY_qqtaumv,42,34P_QQtaulv_nob,27,34P_QQtaulv,14,34P_semilep_taunu,8,34P_semileptonic_nu,,n/a (rung partitions the other block),,n/a (rung partitions the other block),15,other_resonant,8,rand_res34p_04,11,rand_res34p_06,12,rand_res34p_02,0,"X->YY with light quark (u/d) + light quark (u/d) + tau->mu + neutrino; topology QQtaulv, 3 visible object(s), leading heavy flavour light. Lands in 34P_semileptonic_nu at the coarsest resonant rung (R=9) because prong count and hadronic-vs-leptonic character survive every contraction applied above it."
155,label_X_YY_bctauhv,res34p,QQtauhv,b+c+tauh+v,4,3,1,1,0,0,1,1,1,b,label_X_YY_QQtauhv,6,0.05,0.028872527789808,0.004812087964968,0.028872527789808,0.004812087964968,0.48120879649679993,-5.336624200702623,-3.5448647314745685,155,label_X_YY_bctauhv,154,label_X_YY_bctauhv,43,34P_QQtauhv_b,28,34P_QQtauhv,14,34P_semilep_taunu,8,34P_semileptonic_nu,,n/a (rung partitions the other block),,n/a (rung partitions the other block),15,other_resonant,8,rand_res34p_04,6,rand_res34p_05,11,rand_res34p_05,0,"X->YY with b quark + c quark + hadronic tau + neutrino; topology QQtauhv, 3 visible object(s), leading heavy flavour b. Lands in 34P_semileptonic_nu at the coarsest resonant rung (R=9) because prong count and hadronic-vs-leptonic character survive every contraction applied above it."
156,label_X_YY_cstauhv,res34p,QQtauhv,c+s+tauh+v,4,3,0,1,1,0,1,1,1,c,label_X_YY_QQtauhv,6,0.05,0.028872527789808,0.004812087964968,0.028872527789808,0.004812087964968,0.48120879649679993,-5.336624200702623,-3.5448647314745685,156,label_X_YY_cstauhv,155,label_X_YY_cstauhv,44,34P_QQtauhv_nob,28,34P_QQtauhv,14,34P_semilep_taunu,8,34P_semileptonic_nu,,n/a (rung partitions the other block),,n/a (rung partitions the other block),15,other_resonant,12,rand_res34p_00,9,rand_res34p_00,5,rand_res34p_09,0,"X->YY with c quark + s quark + hadronic tau + neutrino; topology QQtauhv, 3 visible object(s), leading heavy flavour c. Lands in 34P_semileptonic_nu at the coarsest resonant rung (R=9) because prong count and hadronic-vs-leptonic character survive every contraction applied above it."
157,label_X_YY_bqtauhv,res34p,QQtauhv,b+q+tauh+v,4,3,1,0,0,0,1,1,1,b,label_X_YY_QQtauhv,6,0.05,0.028872527789808,0.004812087964968,0.028872527789808,0.004812087964968,0.48120879649679993,-5.336624200702623,-3.5448647314745685,157,label_X_YY_bqtauhv,156,label_X_YY_bqtauhv,43,34P_QQtauhv_b,28,34P_QQtauhv,14,34P_semilep_taunu,8,34P_semileptonic_nu,,n/a (rung partitions the other block),,n/a (rung partitions the other block),15,other_resonant,12,rand_res34p_00,14,rand_res34p_01,6,rand_res34p_04,0,"X->YY with b quark + light quark (u/d) + hadronic tau + neutrino; topology QQtauhv, 3 visible object(s), leading heavy flavour b. Lands in 34P_semileptonic_nu at the coarsest resonant rung (R=9) because prong count and hadronic-vs-leptonic character survive every contraction applied above it."
158,label_X_YY_cqtauhv,res34p,QQtauhv,c+q+tauh+v,4,3,0,1,0,0,1,1,1,c,label_X_YY_QQtauhv,6,0.05,0.028872527789808,0.004812087964968,0.028872527789808,0.004812087964968,0.48120879649679993,-5.336624200702623,-3.5448647314745685,158,label_X_YY_cqtauhv,157,label_X_YY_cqtauhv,44,34P_QQtauhv_nob,28,34P_QQtauhv,14,34P_semilep_taunu,8,34P_semileptonic_nu,,n/a (rung partitions the other block),,n/a (rung partitions the other block),15,other_resonant,5,rand_res34p_06,13,rand_res34p_09,10,rand_res34p_06,0,"X->YY with c quark + light quark (u/d) + hadronic tau + neutrino; topology QQtauhv, 3 visible object(s), leading heavy flavour c. Lands in 34P_semileptonic_nu at the coarsest resonant rung (R=9) because prong count and hadronic-vs-leptonic character survive every contraction applied above it."
159,label_X_YY_sqtauhv,res34p,QQtauhv,s+q+tauh+v,4,3,0,0,1,0,1,1,1,s,label_X_YY_QQtauhv,6,0.05,0.028872527789808,0.004812087964968,0.028872527789808,0.004812087964968,0.48120879649679993,-5.336624200702623,-3.5448647314745685,159,label_X_YY_sqtauhv,158,label_X_YY_sqtauhv,44,34P_QQtauhv_nob,28,34P_QQtauhv,14,34P_semilep_taunu,8,34P_semileptonic_nu,,n/a (rung partitions the other block),,n/a (rung partitions the other block),15,other_resonant,8,rand_res34p_04,13,rand_res34p_09,10,rand_res34p_06,0,"X->YY with s quark + light quark (u/d) + hadronic tau + neutrino; topology QQtauhv, 3 visible object(s), leading heavy flavour s. Lands in 34P_semileptonic_nu at the coarsest resonant rung (R=9) because prong count and hadronic-vs-leptonic character survive every contraction applied above it."
160,label_X_YY_qqtauhv,res34p,QQtauhv,q+q+tauh+v,4,3,0,0,0,0,1,1,1,light,label_X_YY_QQtauhv,6,0.05,0.028872527789808,0.004812087964968,0.028872527789808,0.004812087964968,0.48120879649679993,-5.336624200702623,-3.5448647314745685,160,label_X_YY_qqtauhv,159,label_X_YY_qqtauhv,44,34P_QQtauhv_nob,28,34P_QQtauhv,14,34P_semilep_taunu,8,34P_semileptonic_nu,,n/a (rung partitions the other block),,n/a (rung partitions the other block),15,other_resonant,5,rand_res34p_06,12,rand_res34p_07,5,rand_res34p_09,0,"X->YY with light quark (u/d) + light quark (u/d) + hadronic tau + neutrino; topology QQtauhv, 3 visible object(s), leading heavy flavour light. Lands in 34P_semileptonic_nu at the coarsest resonant rung (R=9) because prong count and hadronic-vs-leptonic character survive every contraction applied above it."
161,label_QCD_bbccss,qcd,QCD,b+b+c+c+s+s,,,1,1,1,0,0,0,0,b,label_QCD,27,0.25,0.14436263894903997,0.005346764405519999,0.14436263894903997,0.005346764405519999,0.5346764405519999,-5.231263685044797,-1.9354268190404682,,n/a (rung partitions the other block),160,label_QCD_bbccss,,n/a (rung partitions the other block),,n/a (rung partitions the other block),,n/a (rung partitions the other block),,n/a (rung partitions the other block),0,label_QCD_bbccss,0,QCD_all,,n/a (rung partitions the other block),,n/a (rung partitions the other block),,n/a (rung partitions the other block),,n/a (rung partitions the other block),1,QCD multijet background; heavy-flavour partons matched to the jet: b quark + b quark + c quark + c quark + s quark + s quark. Distinguishable only by displaced vertices and track kinematics; survives as its own node at Q=27 and is destroyed at Q=1.
162,label_QCD_bbccs,qcd,QCD,b+b+c+c+s,,,1,1,1,0,0,0,0,b,label_QCD,27,0.25,0.14436263894903997,0.005346764405519999,0.14436263894903997,0.005346764405519999,0.5346764405519999,-5.231263685044797,-1.9354268190404682,,n/a (rung partitions the other block),161,label_QCD_bbccs,,n/a (rung partitions the other block),,n/a (rung partitions the other block),,n/a (rung partitions the other block),,n/a (rung partitions the other block),1,label_QCD_bbccs,0,QCD_all,,n/a (rung partitions the other block),,n/a (rung partitions the other block),,n/a (rung partitions the other block),,n/a (rung partitions the other block),1,QCD multijet background; heavy-flavour partons matched to the jet: b quark + b quark + c quark + c quark + s quark. Distinguishable only by displaced vertices and track kinematics; survives as its own node at Q=27 and is destroyed at Q=1.
163,label_QCD_bbcc,qcd,QCD,b+b+c+c,,,1,1,0,0,0,0,0,b,label_QCD,27,0.25,0.14436263894903997,0.005346764405519999,0.14436263894903997,0.005346764405519999,0.5346764405519999,-5.231263685044797,-1.9354268190404682,,n/a (rung partitions the other block),162,label_QCD_bbcc,,n/a (rung partitions the other block),,n/a (rung partitions the other block),,n/a (rung partitions the other block),,n/a (rung partitions the other block),2,label_QCD_bbcc,0,QCD_all,,n/a (rung partitions the other block),,n/a (rung partitions the other block),,n/a (rung partitions the other block),,n/a (rung partitions the other block),0,QCD multijet background; heavy-flavour partons matched to the jet: b quark + b quark + c quark + c quark. Distinguishable only by displaced vertices and track kinematics; survives as its own node at Q=27 and is destroyed at Q=1.
164,label_QCD_bbcss,qcd,QCD,b+b+c+s+s,,,1,1,1,0,0,0,0,b,label_QCD,27,0.25,0.14436263894903997,0.005346764405519999,0.14436263894903997,0.005346764405519999,0.5346764405519999,-5.231263685044797,-1.9354268190404682,,n/a (rung partitions the other block),163,label_QCD_bbcss,,n/a (rung partitions the other block),,n/a (rung partitions the other block),,n/a (rung partitions the other block),,n/a (rung partitions the other block),3,label_QCD_bbcss,0,QCD_all,,n/a (rung partitions the other block),,n/a (rung partitions the other block),,n/a (rung partitions the other block),,n/a (rung partitions the other block),1,QCD multijet background; heavy-flavour partons matched to the jet: b quark + b quark + c quark + s quark + s quark. Distinguishable only by displaced vertices and track kinematics; survives as its own node at Q=27 and is destroyed at Q=1.
165,label_QCD_bbcs,qcd,QCD,b+b+c+s,,,1,1,1,0,0,0,0,b,label_QCD,27,0.25,0.14436263894903997,0.005346764405519999,0.14436263894903997,0.005346764405519999,0.5346764405519999,-5.231263685044797,-1.9354268190404682,,n/a (rung partitions the other block),164,label_QCD_bbcs,,n/a (rung partitions the other block),,n/a (rung partitions the other block),,n/a (rung partitions the other block),,n/a (rung partitions the other block),4,label_QCD_bbcs,0,QCD_all,,n/a (rung partitions the other block),,n/a (rung partitions the other block),,n/a (rung partitions the other block),,n/a (rung partitions the other block),1,QCD multijet background; heavy-flavour partons matched to the jet: b quark + b quark + c quark + s quark. Distinguishable only by displaced vertices and track kinematics; survives as its own node at Q=27 and is destroyed at Q=1.
166,label_QCD_bbc,qcd,QCD,b+b+c,,,1,1,0,0,0,0,0,b,label_QCD,27,0.25,0.14436263894903997,0.005346764405519999,0.14436263894903997,0.005346764405519999,0.5346764405519999,-5.231263685044797,-1.9354268190404682,,n/a (rung partitions the other block),165,label_QCD_bbc,,n/a (rung partitions the other block),,n/a (rung partitions the other block),,n/a (rung partitions the other block),,n/a (rung partitions the other block),5,label_QCD_bbc,0,QCD_all,,n/a (rung partitions the other block),,n/a (rung partitions the other block),,n/a (rung partitions the other block),,n/a (rung partitions the other block),0,QCD multijet background; heavy-flavour partons matched to the jet: b quark + b quark + c quark. Distinguishable only by displaced vertices and track kinematics; survives as its own node at Q=27 and is destroyed at Q=1.
167,label_QCD_bbss,qcd,QCD,b+b+s+s,,,1,0,1,0,0,0,0,b,label_QCD,27,0.25,0.14436263894903997,0.005346764405519999,0.14436263894903997,0.005346764405519999,0.5346764405519999,-5.231263685044797,-1.9354268190404682,,n/a (rung partitions the other block),166,label_QCD_bbss,,n/a (rung partitions the other block),,n/a (rung partitions the other block),,n/a (rung partitions the other block),,n/a (rung partitions the other block),6,label_QCD_bbss,0,QCD_all,,n/a (rung partitions the other block),,n/a (rung partitions the other block),,n/a (rung partitions the other block),,n/a (rung partitions the other block),1,QCD multijet background; heavy-flavour partons matched to the jet: b quark + b quark + s quark + s quark. Distinguishable only by displaced vertices and track kinematics; survives as its own node at Q=27 and is destroyed at Q=1.
168,label_QCD_bbs,qcd,QCD,b+b+s,,,1,0,1,0,0,0,0,b,label_QCD,27,0.25,0.14436263894903997,0.005346764405519999,0.14436263894903997,0.005346764405519999,0.5346764405519999,-5.231263685044797,-1.9354268190404682,,n/a (rung partitions the other block),167,label_QCD_bbs,,n/a (rung partitions the other block),,n/a (rung partitions the other block),,n/a (rung partitions the other block),,n/a (rung partitions the other block),7,label_QCD_bbs,0,QCD_all,,n/a (rung partitions the other block),,n/a (rung partitions the other block),,n/a (rung partitions the other block),,n/a (rung partitions the other block),1,QCD multijet background; heavy-flavour partons matched to the jet: b quark + b quark + s quark. Distinguishable only by displaced vertices and track kinematics; survives as its own node at Q=27 and is destroyed at Q=1.
169,label_QCD_bb,qcd,QCD,b+b,,,1,0,0,0,0,0,0,b,label_QCD,27,0.25,0.14436263894903997,0.005346764405519999,0.14436263894903997,0.005346764405519999,0.5346764405519999,-5.231263685044797,-1.9354268190404682,,n/a (rung partitions the other block),168,label_QCD_bb,,n/a (rung partitions the other block),,n/a (rung partitions the other block),,n/a (rung partitions the other block),,n/a (rung partitions the other block),8,label_QCD_bb,0,QCD_all,,n/a (rung partitions the other block),,n/a (rung partitions the other block),,n/a (rung partitions the other block),,n/a (rung partitions the other block),0,QCD multijet background; heavy-flavour partons matched to the jet: b quark + b quark. Distinguishable only by displaced vertices and track kinematics; survives as its own node at Q=27 and is destroyed at Q=1.
170,label_QCD_bccss,qcd,QCD,b+c+c+s+s,,,1,1,1,0,0,0,0,b,label_QCD,27,0.25,0.14436263894903997,0.005346764405519999,0.14436263894903997,0.005346764405519999,0.5346764405519999,-5.231263685044797,-1.9354268190404682,,n/a (rung partitions the other block),169,label_QCD_bccss,,n/a (rung partitions the other block),,n/a (rung partitions the other block),,n/a (rung partitions the other block),,n/a (rung partitions the other block),9,label_QCD_bccss,0,QCD_all,,n/a (rung partitions the other block),,n/a (rung partitions the other block),,n/a (rung partitions the other block),,n/a (rung partitions the other block),1,QCD multijet background; heavy-flavour partons matched to the jet: b quark + c quark + c quark + s quark + s quark. Distinguishable only by displaced vertices and track kinematics; survives as its own node at Q=27 and is destroyed at Q=1.
171,label_QCD_bccs,qcd,QCD,b+c+c+s,,,1,1,1,0,0,0,0,b,label_QCD,27,0.25,0.14436263894903997,0.005346764405519999,0.14436263894903997,0.005346764405519999,0.5346764405519999,-5.231263685044797,-1.9354268190404682,,n/a (rung partitions the other block),170,label_QCD_bccs,,n/a (rung partitions the other block),,n/a (rung partitions the other block),,n/a (rung partitions the other block),,n/a (rung partitions the other block),10,label_QCD_bccs,0,QCD_all,,n/a (rung partitions the other block),,n/a (rung partitions the other block),,n/a (rung partitions the other block),,n/a (rung partitions the other block),1,QCD multijet background; heavy-flavour partons matched to the jet: b quark + c quark + c quark + s quark. Distinguishable only by displaced vertices and track kinematics; survives as its own node at Q=27 and is destroyed at Q=1.
172,label_QCD_bcc,qcd,QCD,b+c+c,,,1,1,0,0,0,0,0,b,label_QCD,27,0.25,0.14436263894903997,0.005346764405519999,0.14436263894903997,0.005346764405519999,0.5346764405519999,-5.231263685044797,-1.9354268190404682,,n/a (rung partitions the other block),171,label_QCD_bcc,,n/a (rung partitions the other block),,n/a (rung partitions the other block),,n/a (rung partitions the other block),,n/a (rung partitions the other block),11,label_QCD_bcc,0,QCD_all,,n/a (rung partitions the other block),,n/a (rung partitions the other block),,n/a (rung partitions the other block),,n/a (rung partitions the other block),0,QCD multijet background; heavy-flavour partons matched to the jet: b quark + c quark + c quark. Distinguishable only by displaced vertices and track kinematics; survives as its own node at Q=27 and is destroyed at Q=1.
173,label_QCD_bcss,qcd,QCD,b+c+s+s,,,1,1,1,0,0,0,0,b,label_QCD,27,0.25,0.14436263894903997,0.005346764405519999,0.14436263894903997,0.005346764405519999,0.5346764405519999,-5.231263685044797,-1.9354268190404682,,n/a (rung partitions the other block),172,label_QCD_bcss,,n/a (rung partitions the other block),,n/a (rung partitions the other block),,n/a (rung partitions the other block),,n/a (rung partitions the other block),12,label_QCD_bcss,0,QCD_all,,n/a (rung partitions the other block),,n/a (rung partitions the other block),,n/a (rung partitions the other block),,n/a (rung partitions the other block),1,QCD multijet background; heavy-flavour partons matched to the jet: b quark + c quark + s quark + s quark. Distinguishable only by displaced vertices and track kinematics; survives as its own node at Q=27 and is destroyed at Q=1.
174,label_QCD_bcs,qcd,QCD,b+c+s,,,1,1,1,0,0,0,0,b,label_QCD,27,0.25,0.14436263894903997,0.005346764405519999,0.14436263894903997,0.005346764405519999,0.5346764405519999,-5.231263685044797,-1.9354268190404682,,n/a (rung partitions the other block),173,label_QCD_bcs,,n/a (rung partitions the other block),,n/a (rung partitions the other block),,n/a (rung partitions the other block),,n/a (rung partitions the other block),13,label_QCD_bcs,0,QCD_all,,n/a (rung partitions the other block),,n/a (rung partitions the other block),,n/a (rung partitions the other block),,n/a (rung partitions the other block),1,QCD multijet background; heavy-flavour partons matched to the jet: b quark + c quark + s quark. Distinguishable only by displaced vertices and track kinematics; survives as its own node at Q=27 and is destroyed at Q=1.
175,label_QCD_bc,qcd,QCD,b+c,,,1,1,0,0,0,0,0,b,label_QCD,27,0.25,0.14436263894903997,0.005346764405519999,0.14436263894903997,0.005346764405519999,0.5346764405519999,-5.231263685044797,-1.9354268190404682,,n/a (rung partitions the other block),174,label_QCD_bc,,n/a (rung partitions the other block),,n/a (rung partitions the other block),,n/a (rung partitions the other block),,n/a (rung partitions the other block),14,label_QCD_bc,0,QCD_all,,n/a (rung partitions the other block),,n/a (rung partitions the other block),,n/a (rung partitions the other block),,n/a (rung partitions the other block),0,QCD multijet background; heavy-flavour partons matched to the jet: b quark + c quark. Distinguishable only by displaced vertices and track kinematics; survives as its own node at Q=27 and is destroyed at Q=1.
176,label_QCD_bss,qcd,QCD,b+s+s,,,1,0,1,0,0,0,0,b,label_QCD,27,0.25,0.14436263894903997,0.005346764405519999,0.14436263894903997,0.005346764405519999,0.5346764405519999,-5.231263685044797,-1.9354268190404682,,n/a (rung partitions the other block),175,label_QCD_bss,,n/a (rung partitions the other block),,n/a (rung partitions the other block),,n/a (rung partitions the other block),,n/a (rung partitions the other block),15,label_QCD_bss,0,QCD_all,,n/a (rung partitions the other block),,n/a (rung partitions the other block),,n/a (rung partitions the other block),,n/a (rung partitions the other block),1,QCD multijet background; heavy-flavour partons matched to the jet: b quark + s quark + s quark. Distinguishable only by displaced vertices and track kinematics; survives as its own node at Q=27 and is destroyed at Q=1.
177,label_QCD_bs,qcd,QCD,b+s,,,1,0,1,0,0,0,0,b,label_QCD,27,0.25,0.14436263894903997,0.005346764405519999,0.14436263894903997,0.005346764405519999,0.5346764405519999,-5.231263685044797,-1.9354268190404682,,n/a (rung partitions the other block),176,label_QCD_bs,,n/a (rung partitions the other block),,n/a (rung partitions the other block),,n/a (rung partitions the other block),,n/a (rung partitions the other block),16,label_QCD_bs,0,QCD_all,,n/a (rung partitions the other block),,n/a (rung partitions the other block),,n/a (rung partitions the other block),,n/a (rung partitions the other block),1,QCD multijet background; heavy-flavour partons matched to the jet: b quark + s quark. Distinguishable only by displaced vertices and track kinematics; survives as its own node at Q=27 and is destroyed at Q=1.
178,label_QCD_b,qcd,QCD,b,,,1,0,0,0,0,0,0,b,label_QCD,27,0.25,0.14436263894903997,0.005346764405519999,0.14436263894903997,0.005346764405519999,0.5346764405519999,-5.231263685044797,-1.9354268190404682,,n/a (rung partitions the other block),177,label_QCD_b,,n/a (rung partitions the other block),,n/a (rung partitions the other block),,n/a (rung partitions the other block),,n/a (rung partitions the other block),17,label_QCD_b,0,QCD_all,,n/a (rung partitions the other block),,n/a (rung partitions the other block),,n/a (rung partitions the other block),,n/a (rung partitions the other block),0,QCD multijet background; heavy-flavour partons matched to the jet: b quark. Distinguishable only by displaced vertices and track kinematics; survives as its own node at Q=27 and is destroyed at Q=1.
179,label_QCD_ccss,qcd,QCD,c+c+s+s,,,0,1,1,0,0,0,0,c,label_QCD,27,0.25,0.14436263894903997,0.005346764405519999,0.14436263894903997,0.005346764405519999,0.5346764405519999,-5.231263685044797,-1.9354268190404682,,n/a (rung partitions the other block),178,label_QCD_ccss,,n/a (rung partitions the other block),,n/a (rung partitions the other block),,n/a (rung partitions the other block),,n/a (rung partitions the other block),18,label_QCD_ccss,0,QCD_all,,n/a (rung partitions the other block),,n/a (rung partitions the other block),,n/a (rung partitions the other block),,n/a (rung partitions the other block),0,QCD multijet background; heavy-flavour partons matched to the jet: c quark + c quark + s quark + s quark. Distinguishable only by displaced vertices and track kinematics; survives as its own node at Q=27 and is destroyed at Q=1.
180,label_QCD_ccs,qcd,QCD,c+c+s,,,0,1,1,0,0,0,0,c,label_QCD,27,0.25,0.14436263894903997,0.005346764405519999,0.14436263894903997,0.005346764405519999,0.5346764405519999,-5.231263685044797,-1.9354268190404682,,n/a (rung partitions the other block),179,label_QCD_ccs,,n/a (rung partitions the other block),,n/a (rung partitions the other block),,n/a (rung partitions the other block),,n/a (rung partitions the other block),19,label_QCD_ccs,0,QCD_all,,n/a (rung partitions the other block),,n/a (rung partitions the other block),,n/a (rung partitions the other block),,n/a (rung partitions the other block),0,QCD multijet background; heavy-flavour partons matched to the jet: c quark + c quark + s quark. Distinguishable only by displaced vertices and track kinematics; survives as its own node at Q=27 and is destroyed at Q=1.
181,label_QCD_cc,qcd,QCD,c+c,,,0,1,0,0,0,0,0,c,label_QCD,27,0.25,0.14436263894903997,0.005346764405519999,0.14436263894903997,0.005346764405519999,0.5346764405519999,-5.231263685044797,-1.9354268190404682,,n/a (rung partitions the other block),180,label_QCD_cc,,n/a (rung partitions the other block),,n/a (rung partitions the other block),,n/a (rung partitions the other block),,n/a (rung partitions the other block),20,label_QCD_cc,0,QCD_all,,n/a (rung partitions the other block),,n/a (rung partitions the other block),,n/a (rung partitions the other block),,n/a (rung partitions the other block),0,QCD multijet background; heavy-flavour partons matched to the jet: c quark + c quark. Distinguishable only by displaced vertices and track kinematics; survives as its own node at Q=27 and is destroyed at Q=1.
182,label_QCD_css,qcd,QCD,c+s+s,,,0,1,1,0,0,0,0,c,label_QCD,27,0.25,0.14436263894903997,0.005346764405519999,0.14436263894903997,0.005346764405519999,0.5346764405519999,-5.231263685044797,-1.9354268190404682,,n/a (rung partitions the other block),181,label_QCD_css,,n/a (rung partitions the other block),,n/a (rung partitions the other block),,n/a (rung partitions the other block),,n/a (rung partitions the other block),21,label_QCD_css,0,QCD_all,,n/a (rung partitions the other block),,n/a (rung partitions the other block),,n/a (rung partitions the other block),,n/a (rung partitions the other block),0,QCD multijet background; heavy-flavour partons matched to the jet: c quark + s quark + s quark. Distinguishable only by displaced vertices and track kinematics; survives as its own node at Q=27 and is destroyed at Q=1.
183,label_QCD_cs,qcd,QCD,c+s,,,0,1,1,0,0,0,0,c,label_QCD,27,0.25,0.14436263894903997,0.005346764405519999,0.14436263894903997,0.005346764405519999,0.5346764405519999,-5.231263685044797,-1.9354268190404682,,n/a (rung partitions the other block),182,label_QCD_cs,,n/a (rung partitions the other block),,n/a (rung partitions the other block),,n/a (rung partitions the other block),,n/a (rung partitions the other block),22,label_QCD_cs,0,QCD_all,,n/a (rung partitions the other block),,n/a (rung partitions the other block),,n/a (rung partitions the other block),,n/a (rung partitions the other block),0,QCD multijet background; heavy-flavour partons matched to the jet: c quark + s quark. Distinguishable only by displaced vertices and track kinematics; survives as its own node at Q=27 and is destroyed at Q=1.
184,label_QCD_c,qcd,QCD,c,,,0,1,0,0,0,0,0,c,label_QCD,27,0.25,0.14436263894903997,0.005346764405519999,0.14436263894903997,0.005346764405519999,0.5346764405519999,-5.231263685044797,-1.9354268190404682,,n/a (rung partitions the other block),183,label_QCD_c,,n/a (rung partitions the other block),,n/a (rung partitions the other block),,n/a (rung partitions the other block),,n/a (rung partitions the other block),23,label_QCD_c,0,QCD_all,,n/a (rung partitions the other block),,n/a (rung partitions the other block),,n/a (rung partitions the other block),,n/a (rung partitions the other block),0,QCD multijet background; heavy-flavour partons matched to the jet: c quark. Distinguishable only by displaced vertices and track kinematics; survives as its own node at Q=27 and is destroyed at Q=1.
185,label_QCD_ss,qcd,QCD,s+s,,,0,0,1,0,0,0,0,s,label_QCD,27,0.25,0.14436263894903997,0.005346764405519999,0.14436263894903997,0.005346764405519999,0.5346764405519999,-5.231263685044797,-1.9354268190404682,,n/a (rung partitions the other block),184,label_QCD_ss,,n/a (rung partitions the other block),,n/a (rung partitions the other block),,n/a (rung partitions the other block),,n/a (rung partitions the other block),24,label_QCD_ss,0,QCD_all,,n/a (rung partitions the other block),,n/a (rung partitions the other block),,n/a (rung partitions the other block),,n/a (rung partitions the other block),0,QCD multijet background; heavy-flavour partons matched to the jet: s quark + s quark. Distinguishable only by displaced vertices and track kinematics; survives as its own node at Q=27 and is destroyed at Q=1.
186,label_QCD_s,qcd,QCD,s,,,0,0,1,0,0,0,0,s,label_QCD,27,0.25,0.14436263894903997,0.005346764405519999,0.14436263894903997,0.005346764405519999,0.5346764405519999,-5.231263685044797,-1.9354268190404682,,n/a (rung partitions the other block),185,label_QCD_s,,n/a (rung partitions the other block),,n/a (rung partitions the other block),,n/a (rung partitions the other block),,n/a (rung partitions the other block),25,label_QCD_s,0,QCD_all,,n/a (rung partitions the other block),,n/a (rung partitions the other block),,n/a (rung partitions the other block),,n/a (rung partitions the other block),0,QCD multijet background; heavy-flavour partons matched to the jet: s quark. Distinguishable only by displaced vertices and track kinematics; survives as its own node at Q=27 and is destroyed at Q=1.
187,label_QCD_light,qcd,QCD,light,,,0,0,0,0,0,0,0,light,label_QCD,27,0.25,0.14436263894903997,0.005346764405519999,0.14436263894903997,0.005346764405519999,0.5346764405519999,-5.231263685044797,-1.9354268190404682,,n/a (rung partitions the other block),186,label_QCD_light,,n/a (rung partitions the other block),,n/a (rung partitions the other block),,n/a (rung partitions the other block),,n/a (rung partitions the other block),26,label_QCD_light,0,QCD_all,,n/a (rung partitions the other block),,n/a (rung partitions the other block),,n/a (rung partitions the other block),,n/a (rung partitions the other block),0,QCD multijet background; heavy-flavour partons matched to the jet: light partons only. Distinguishable only by displaced vertices and track kinematics; survives as its own node at Q=27 and is destroyed at Q=1.
