assertion,category,chain_edge,expectation,result,verdict,detail
sophon_yaml_present,provenance,,MUST_HOLD,PASS,OK,/Users/raunavmendiratta/dev/sophon/data/JetClassII/JetClassII_full.yaml
sophon_commit_pinned,provenance,,MUST_HOLD,PASS,OK,HEAD of /Users/raunavmendiratta/dev/sophon = 9dd6dd6a261aa6d5fd2e56f015068127b36854f9 (expected 9dd6dd6a261aa6d5fd2e56f015068127b36854f9)
sophon_no_tracked_modifications,provenance,,MUST_HOLD,PASS,OK,no tracked file in the pinned clone is modified
sophon_yaml_identical_across_clones,provenance,,MUST_HOLD,PASS,OK,"data/JetClassII/JetClassII_full.yaml is byte-identical across 3 clones (~/sophon, ~/dev/sophon, ~/e1_refs/sophon), sha256 df45b6b9dd0f3e0726ea18132fef7d8525dc9d7e750ecd82ee5fa60cb441e625"
class_name_list_line_129,provenance,,MUST_HOLD,PASS,OK,YAML line 129 is the class-name comment block
class_name_list_bracketed,provenance,,MUST_HOLD,PASS,OK,class-name list is a single closed [...] on one line
class_name_count_188,structure,,MUST_HOLD,PASS,OK,parsed 188 class names from line 129
class_names_unique,structure,,MUST_HOLD,PASS,OK,all 188 class names distinct
reweight_group_count_30,structure,,MUST_HOLD,PASS,OK,parsed 30 reweighting-group expressions from YAML lines 28-61
reweight_expr_safe[label_X_QQ],provenance,,MUST_HOLD,PASS,OK,expression contains only jet_label comparisons and & | ()
reweight_expr_safe[label_X_gg],provenance,,MUST_HOLD,PASS,OK,expression contains only jet_label comparisons and & | ()
reweight_expr_safe[label_X_ll],provenance,,MUST_HOLD,PASS,OK,expression contains only jet_label comparisons and & | ()
reweight_expr_safe[label_X_tauhtaul],provenance,,MUST_HOLD,PASS,OK,expression contains only jet_label comparisons and & | ()
reweight_expr_safe[label_X_tauhtauh],provenance,,MUST_HOLD,PASS,OK,expression contains only jet_label comparisons and & | ()
reweight_expr_safe[label_X_YY_QQQQ],provenance,,MUST_HOLD,PASS,OK,expression contains only jet_label comparisons and & | ()
reweight_expr_safe[label_X_YY_QQgg],provenance,,MUST_HOLD,PASS,OK,expression contains only jet_label comparisons and & | ()
reweight_expr_safe[label_X_YY_gggg],provenance,,MUST_HOLD,PASS,OK,expression contains only jet_label comparisons and & | ()
reweight_expr_safe[label_X_YY_QQQ],provenance,,MUST_HOLD,PASS,OK,expression contains only jet_label comparisons and & | ()
reweight_expr_safe[label_X_YY_QQg],provenance,,MUST_HOLD,PASS,OK,expression contains only jet_label comparisons and & | ()
reweight_expr_safe[label_X_YY_Qgg],provenance,,MUST_HOLD,PASS,OK,expression contains only jet_label comparisons and & | ()
reweight_expr_safe[label_X_YY_ggg],provenance,,MUST_HOLD,PASS,OK,expression contains only jet_label comparisons and & | ()
reweight_expr_safe[label_X_YY_QQll],provenance,,MUST_HOLD,PASS,OK,expression contains only jet_label comparisons and & | ()
reweight_expr_safe[label_X_YY_QQl],provenance,,MUST_HOLD,PASS,OK,expression contains only jet_label comparisons and & | ()
reweight_expr_safe[label_X_YY_Qll],provenance,,MUST_HOLD,PASS,OK,expression contains only jet_label comparisons and & | ()
reweight_expr_safe[label_X_YY_QQtauhtaul],provenance,,MUST_HOLD,PASS,OK,expression contains only jet_label comparisons and & | ()
reweight_expr_safe[label_X_YY_QQtauhtauh],provenance,,MUST_HOLD,PASS,OK,expression contains only jet_label comparisons and & | ()
reweight_expr_safe[label_X_YY_Qtauhtaul],provenance,,MUST_HOLD,PASS,OK,expression contains only jet_label comparisons and & | ()
reweight_expr_safe[label_X_YY_Qtauhtauh],provenance,,MUST_HOLD,PASS,OK,expression contains only jet_label comparisons and & | ()
reweight_expr_safe[label_X_YY_ggll],provenance,,MUST_HOLD,PASS,OK,expression contains only jet_label comparisons and & | ()
reweight_expr_safe[label_X_YY_ggl],provenance,,MUST_HOLD,PASS,OK,expression contains only jet_label comparisons and & | ()
reweight_expr_safe[label_X_YY_gll],provenance,,MUST_HOLD,PASS,OK,expression contains only jet_label comparisons and & | ()
reweight_expr_safe[label_X_YY_ggtauhtaul],provenance,,MUST_HOLD,PASS,OK,expression contains only jet_label comparisons and & | ()
reweight_expr_safe[label_X_YY_ggtauhtauh],provenance,,MUST_HOLD,PASS,OK,expression contains only jet_label comparisons and & | ()
reweight_expr_safe[label_X_YY_gtauhtaul],provenance,,MUST_HOLD,PASS,OK,expression contains only jet_label comparisons and & | ()
reweight_expr_safe[label_X_YY_gtauhtauh],provenance,,MUST_HOLD,PASS,OK,expression contains only jet_label comparisons and & | ()
reweight_expr_safe[label_X_YY_QQlv],provenance,,MUST_HOLD,PASS,OK,expression contains only jet_label comparisons and & | ()
reweight_expr_safe[label_X_YY_QQtaulv],provenance,,MUST_HOLD,PASS,OK,expression contains only jet_label comparisons and & | ()
reweight_expr_safe[label_X_YY_QQtauhv],provenance,,MUST_HOLD,PASS,OK,expression contains only jet_label comparisons and & | ()
reweight_expr_safe[label_QCD],provenance,,MUST_HOLD,PASS,OK,expression contains only jet_label comparisons and & | ()
reweight_classes_count_30,structure,,MUST_HOLD,PASS,OK,reweight_classes lists 30 names
class_weights_count_30,structure,,MUST_HOLD,PASS,OK,class_weights lists 30 values
reweight_classes_match_new_variables,structure,,MUST_HOLD,PASS,OK,reweight_classes order == new_variables definition order
class_weights_sum_1.73175,structure,,MUST_HOLD,PASS,OK,sum(class_weights) = 1.73175 (expected 1.73175)
reweight_pt_bins_14,structure,,MUST_HOLD,PASS,OK,jet_pt: 15 edges -> 14 bins over 200-2500
reweight_sdmass_bins_48,structure,,MUST_HOLD,PASS,OK,jet_sdmass: 49 edges -> 48 bins over 20-500
selection_line,provenance,,MUST_HOLD,PASS,OK,selection = (jet_pt > 200) & (jet_pt < 2500) & (jet_sdmass > 20) & (jet_sdmass < 500)
reweight_groups_disjoint,structure,,MUST_HOLD,PASS,OK,class 0 in two reweighting groups
reweight_groups_disjoint,structure,,MUST_HOLD,PASS,OK,class 1 in two reweighting groups
reweight_groups_disjoint,structure,,MUST_HOLD,PASS,OK,class 2 in two reweighting groups
reweight_groups_disjoint,structure,,MUST_HOLD,PASS,OK,class 3 in two reweighting groups
reweight_groups_disjoint,structure,,MUST_HOLD,PASS,OK,class 4 in two reweighting groups
reweight_groups_disjoint,structure,,MUST_HOLD,PASS,OK,class 5 in two reweighting groups
reweight_groups_disjoint,structure,,MUST_HOLD,PASS,OK,class 6 in two reweighting groups
reweight_groups_disjoint,structure,,MUST_HOLD,PASS,OK,class 7 in two reweighting groups
reweight_groups_disjoint,structure,,MUST_HOLD,PASS,OK,class 8 in two reweighting groups
reweight_groups_disjoint,structure,,MUST_HOLD,PASS,OK,class 9 in two reweighting groups
reweight_groups_disjoint,structure,,MUST_HOLD,PASS,OK,class 10 in two reweighting groups
reweight_groups_disjoint,structure,,MUST_HOLD,PASS,OK,class 11 in two reweighting groups
reweight_groups_disjoint,structure,,MUST_HOLD,PASS,OK,class 12 in two reweighting groups
reweight_groups_disjoint,structure,,MUST_HOLD,PASS,OK,class 13 in two reweighting groups
reweight_groups_disjoint,structure,,MUST_HOLD,PASS,OK,class 14 in two reweighting groups
reweight_groups_disjoint,structure,,MUST_HOLD,PASS,OK,class 15 in two reweighting groups
reweight_groups_disjoint,structure,,MUST_HOLD,PASS,OK,class 16 in two reweighting groups
reweight_groups_disjoint,structure,,MUST_HOLD,PASS,OK,class 17 in two reweighting groups
reweight_groups_disjoint,structure,,MUST_HOLD,PASS,OK,class 18 in two reweighting groups
reweight_groups_disjoint,structure,,MUST_HOLD,PASS,OK,class 32 in two reweighting groups
reweight_groups_disjoint,structure,,MUST_HOLD,PASS,OK,class 33 in two reweighting groups
reweight_groups_disjoint,structure,,MUST_HOLD,PASS,OK,class 34 in two reweighting groups
reweight_groups_disjoint,structure,,MUST_HOLD,PASS,OK,class 48 in two reweighting groups
reweight_groups_disjoint,structure,,MUST_HOLD,PASS,OK,class 49 in two reweighting groups
reweight_groups_disjoint,structure,,MUST_HOLD,PASS,OK,class 63 in two reweighting groups
reweight_groups_disjoint,structure,,MUST_HOLD,PASS,OK,class 115 in two reweighting groups
reweight_groups_disjoint,structure,,MUST_HOLD,PASS,OK,class 116 in two reweighting groups
reweight_groups_disjoint,structure,,MUST_HOLD,PASS,OK,class 117 in two reweighting groups
reweight_groups_disjoint,structure,,MUST_HOLD,PASS,OK,class 118 in two reweighting groups
reweight_groups_disjoint,structure,,MUST_HOLD,PASS,OK,class 119 in two reweighting groups
reweight_groups_disjoint,structure,,MUST_HOLD,PASS,OK,class 120 in two reweighting groups
reweight_groups_disjoint,structure,,MUST_HOLD,PASS,OK,class 121 in two reweighting groups
reweight_groups_disjoint,structure,,MUST_HOLD,PASS,OK,class 122 in two reweighting groups
reweight_groups_disjoint,structure,,MUST_HOLD,PASS,OK,class 123 in two reweighting groups
reweight_groups_disjoint,structure,,MUST_HOLD,PASS,OK,class 124 in two reweighting groups
reweight_groups_disjoint,structure,,MUST_HOLD,PASS,OK,class 125 in two reweighting groups
reweight_groups_disjoint,structure,,MUST_HOLD,PASS,OK,class 126 in two reweighting groups
reweight_groups_disjoint,structure,,MUST_HOLD,PASS,OK,class 19 in two reweighting groups
reweight_groups_disjoint,structure,,MUST_HOLD,PASS,OK,class 35 in two reweighting groups
reweight_groups_disjoint,structure,,MUST_HOLD,PASS,OK,class 50 in two reweighting groups
reweight_groups_disjoint,structure,,MUST_HOLD,PASS,OK,class 64 in two reweighting groups
reweight_groups_disjoint,structure,,MUST_HOLD,PASS,OK,class 77 in two reweighting groups
reweight_groups_disjoint,structure,,MUST_HOLD,PASS,OK,class 25 in two reweighting groups
reweight_groups_disjoint,structure,,MUST_HOLD,PASS,OK,class 26 in two reweighting groups
reweight_groups_disjoint,structure,,MUST_HOLD,PASS,OK,class 27 in two reweighting groups
reweight_groups_disjoint,structure,,MUST_HOLD,PASS,OK,class 28 in two reweighting groups
reweight_groups_disjoint,structure,,MUST_HOLD,PASS,OK,class 41 in two reweighting groups
reweight_groups_disjoint,structure,,MUST_HOLD,PASS,OK,class 42 in two reweighting groups
reweight_groups_disjoint,structure,,MUST_HOLD,PASS,OK,class 43 in two reweighting groups
reweight_groups_disjoint,structure,,MUST_HOLD,PASS,OK,class 44 in two reweighting groups
reweight_groups_disjoint,structure,,MUST_HOLD,PASS,OK,class 56 in two reweighting groups
reweight_groups_disjoint,structure,,MUST_HOLD,PASS,OK,class 57 in two reweighting groups
reweight_groups_disjoint,structure,,MUST_HOLD,PASS,OK,class 58 in two reweighting groups
reweight_groups_disjoint,structure,,MUST_HOLD,PASS,OK,class 59 in two reweighting groups
reweight_groups_disjoint,structure,,MUST_HOLD,PASS,OK,class 70 in two reweighting groups
reweight_groups_disjoint,structure,,MUST_HOLD,PASS,OK,class 71 in two reweighting groups
reweight_groups_disjoint,structure,,MUST_HOLD,PASS,OK,class 72 in two reweighting groups
reweight_groups_disjoint,structure,,MUST_HOLD,PASS,OK,class 73 in two reweighting groups
reweight_groups_disjoint,structure,,MUST_HOLD,PASS,OK,class 127 in two reweighting groups
reweight_groups_disjoint,structure,,MUST_HOLD,PASS,OK,class 128 in two reweighting groups
reweight_groups_disjoint,structure,,MUST_HOLD,PASS,OK,class 129 in two reweighting groups
reweight_groups_disjoint,structure,,MUST_HOLD,PASS,OK,class 130 in two reweighting groups
reweight_groups_disjoint,structure,,MUST_HOLD,PASS,OK,class 29 in two reweighting groups
reweight_groups_disjoint,structure,,MUST_HOLD,PASS,OK,class 45 in two reweighting groups
reweight_groups_disjoint,structure,,MUST_HOLD,PASS,OK,class 60 in two reweighting groups
reweight_groups_disjoint,structure,,MUST_HOLD,PASS,OK,class 74 in two reweighting groups
reweight_groups_disjoint,structure,,MUST_HOLD,PASS,OK,class 83 in two reweighting groups
reweight_groups_disjoint,structure,,MUST_HOLD,PASS,OK,class 84 in two reweighting groups
reweight_groups_disjoint,structure,,MUST_HOLD,PASS,OK,class 85 in two reweighting groups
reweight_groups_disjoint,structure,,MUST_HOLD,PASS,OK,class 86 in two reweighting groups
reweight_groups_disjoint,structure,,MUST_HOLD,PASS,OK,class 87 in two reweighting groups
reweight_groups_disjoint,structure,,MUST_HOLD,PASS,OK,class 20 in two reweighting groups
reweight_groups_disjoint,structure,,MUST_HOLD,PASS,OK,class 21 in two reweighting groups
reweight_groups_disjoint,structure,,MUST_HOLD,PASS,OK,class 36 in two reweighting groups
reweight_groups_disjoint,structure,,MUST_HOLD,PASS,OK,class 37 in two reweighting groups
reweight_groups_disjoint,structure,,MUST_HOLD,PASS,OK,class 51 in two reweighting groups
reweight_groups_disjoint,structure,,MUST_HOLD,PASS,OK,class 52 in two reweighting groups
reweight_groups_disjoint,structure,,MUST_HOLD,PASS,OK,class 65 in two reweighting groups
reweight_groups_disjoint,structure,,MUST_HOLD,PASS,OK,class 66 in two reweighting groups
reweight_groups_disjoint,structure,,MUST_HOLD,PASS,OK,class 30 in two reweighting groups
reweight_groups_disjoint,structure,,MUST_HOLD,PASS,OK,class 31 in two reweighting groups
reweight_groups_disjoint,structure,,MUST_HOLD,PASS,OK,class 46 in two reweighting groups
reweight_groups_disjoint,structure,,MUST_HOLD,PASS,OK,class 47 in two reweighting groups
reweight_groups_disjoint,structure,,MUST_HOLD,PASS,OK,class 61 in two reweighting groups
reweight_groups_disjoint,structure,,MUST_HOLD,PASS,OK,class 62 in two reweighting groups
reweight_groups_disjoint,structure,,MUST_HOLD,PASS,OK,class 75 in two reweighting groups
reweight_groups_disjoint,structure,,MUST_HOLD,PASS,OK,class 76 in two reweighting groups
reweight_groups_disjoint,structure,,MUST_HOLD,PASS,OK,class 90 in two reweighting groups
reweight_groups_disjoint,structure,,MUST_HOLD,PASS,OK,class 91 in two reweighting groups
reweight_groups_disjoint,structure,,MUST_HOLD,PASS,OK,class 92 in two reweighting groups
reweight_groups_disjoint,structure,,MUST_HOLD,PASS,OK,class 93 in two reweighting groups
reweight_groups_disjoint,structure,,MUST_HOLD,PASS,OK,class 95 in two reweighting groups
reweight_groups_disjoint,structure,,MUST_HOLD,PASS,OK,class 96 in two reweighting groups
reweight_groups_disjoint,structure,,MUST_HOLD,PASS,OK,class 97 in two reweighting groups
reweight_groups_disjoint,structure,,MUST_HOLD,PASS,OK,class 98 in two reweighting groups
reweight_groups_disjoint,structure,,MUST_HOLD,PASS,OK,class 22 in two reweighting groups
reweight_groups_disjoint,structure,,MUST_HOLD,PASS,OK,class 23 in two reweighting groups
reweight_groups_disjoint,structure,,MUST_HOLD,PASS,OK,class 38 in two reweighting groups
reweight_groups_disjoint,structure,,MUST_HOLD,PASS,OK,class 39 in two reweighting groups
reweight_groups_disjoint,structure,,MUST_HOLD,PASS,OK,class 53 in two reweighting groups
reweight_groups_disjoint,structure,,MUST_HOLD,PASS,OK,class 54 in two reweighting groups
reweight_groups_disjoint,structure,,MUST_HOLD,PASS,OK,class 67 in two reweighting groups
reweight_groups_disjoint,structure,,MUST_HOLD,PASS,OK,class 68 in two reweighting groups
reweight_groups_disjoint,structure,,MUST_HOLD,PASS,OK,class 24 in two reweighting groups
reweight_groups_disjoint,structure,,MUST_HOLD,PASS,OK,class 40 in two reweighting groups
reweight_groups_disjoint,structure,,MUST_HOLD,PASS,OK,class 55 in two reweighting groups
reweight_groups_disjoint,structure,,MUST_HOLD,PASS,OK,class 69 in two reweighting groups
reweight_groups_disjoint,structure,,MUST_HOLD,PASS,OK,class 100 in two reweighting groups
reweight_groups_disjoint,structure,,MUST_HOLD,PASS,OK,class 101 in two reweighting groups
reweight_groups_disjoint,structure,,MUST_HOLD,PASS,OK,class 102 in two reweighting groups
reweight_groups_disjoint,structure,,MUST_HOLD,PASS,OK,class 103 in two reweighting groups
reweight_groups_disjoint,structure,,MUST_HOLD,PASS,OK,class 105 in two reweighting groups
reweight_groups_disjoint,structure,,MUST_HOLD,PASS,OK,class 106 in two reweighting groups
reweight_groups_disjoint,structure,,MUST_HOLD,PASS,OK,class 107 in two reweighting groups
reweight_groups_disjoint,structure,,MUST_HOLD,PASS,OK,class 108 in two reweighting groups
reweight_groups_disjoint,structure,,MUST_HOLD,PASS,OK,class 110 in two reweighting groups
reweight_groups_disjoint,structure,,MUST_HOLD,PASS,OK,class 111 in two reweighting groups
reweight_groups_disjoint,structure,,MUST_HOLD,PASS,OK,class 112 in two reweighting groups
reweight_groups_disjoint,structure,,MUST_HOLD,PASS,OK,class 113 in two reweighting groups
reweight_groups_disjoint,structure,,MUST_HOLD,PASS,OK,class 78 in two reweighting groups
reweight_groups_disjoint,structure,,MUST_HOLD,PASS,OK,class 79 in two reweighting groups
reweight_groups_disjoint,structure,,MUST_HOLD,PASS,OK,class 88 in two reweighting groups
reweight_groups_disjoint,structure,,MUST_HOLD,PASS,OK,class 89 in two reweighting groups
reweight_groups_disjoint,structure,,MUST_HOLD,PASS,OK,class 94 in two reweighting groups
reweight_groups_disjoint,structure,,MUST_HOLD,PASS,OK,class 99 in two reweighting groups
reweight_groups_disjoint,structure,,MUST_HOLD,PASS,OK,class 80 in two reweighting groups
reweight_groups_disjoint,structure,,MUST_HOLD,PASS,OK,class 81 in two reweighting groups
reweight_groups_disjoint,structure,,MUST_HOLD,PASS,OK,class 82 in two reweighting groups
reweight_groups_disjoint,structure,,MUST_HOLD,PASS,OK,class 104 in two reweighting groups
reweight_groups_disjoint,structure,,MUST_HOLD,PASS,OK,class 109 in two reweighting groups
reweight_groups_disjoint,structure,,MUST_HOLD,PASS,OK,class 114 in two reweighting groups
reweight_groups_disjoint,structure,,MUST_HOLD,PASS,OK,class 131 in two reweighting groups
reweight_groups_disjoint,structure,,MUST_HOLD,PASS,OK,class 132 in two reweighting groups
reweight_groups_disjoint,structure,,MUST_HOLD,PASS,OK,class 133 in two reweighting groups
reweight_groups_disjoint,structure,,MUST_HOLD,PASS,OK,class 134 in two reweighting groups
reweight_groups_disjoint,structure,,MUST_HOLD,PASS,OK,class 135 in two reweighting groups
reweight_groups_disjoint,structure,,MUST_HOLD,PASS,OK,class 136 in two reweighting groups
reweight_groups_disjoint,structure,,MUST_HOLD,PASS,OK,class 137 in two reweighting groups
reweight_groups_disjoint,structure,,MUST_HOLD,PASS,OK,class 138 in two reweighting groups
reweight_groups_disjoint,structure,,MUST_HOLD,PASS,OK,class 139 in two reweighting groups
reweight_groups_disjoint,structure,,MUST_HOLD,PASS,OK,class 140 in two reweighting groups
reweight_groups_disjoint,structure,,MUST_HOLD,PASS,OK,class 141 in two reweighting groups
reweight_groups_disjoint,structure,,MUST_HOLD,PASS,OK,class 142 in two reweighting groups
reweight_groups_disjoint,structure,,MUST_HOLD,PASS,OK,class 143 in two reweighting groups
reweight_groups_disjoint,structure,,MUST_HOLD,PASS,OK,class 144 in two reweighting groups
reweight_groups_disjoint,structure,,MUST_HOLD,PASS,OK,class 145 in two reweighting groups
reweight_groups_disjoint,structure,,MUST_HOLD,PASS,OK,class 146 in two reweighting groups
reweight_groups_disjoint,structure,,MUST_HOLD,PASS,OK,class 147 in two reweighting groups
reweight_groups_disjoint,structure,,MUST_HOLD,PASS,OK,class 148 in two reweighting groups
reweight_groups_disjoint,structure,,MUST_HOLD,PASS,OK,class 149 in two reweighting groups
reweight_groups_disjoint,structure,,MUST_HOLD,PASS,OK,class 150 in two reweighting groups
reweight_groups_disjoint,structure,,MUST_HOLD,PASS,OK,class 151 in two reweighting groups
reweight_groups_disjoint,structure,,MUST_HOLD,PASS,OK,class 152 in two reweighting groups
reweight_groups_disjoint,structure,,MUST_HOLD,PASS,OK,class 153 in two reweighting groups
reweight_groups_disjoint,structure,,MUST_HOLD,PASS,OK,class 154 in two reweighting groups
reweight_groups_disjoint,structure,,MUST_HOLD,PASS,OK,class 155 in two reweighting groups
reweight_groups_disjoint,structure,,MUST_HOLD,PASS,OK,class 156 in two reweighting groups
reweight_groups_disjoint,structure,,MUST_HOLD,PASS,OK,class 157 in two reweighting groups
reweight_groups_disjoint,structure,,MUST_HOLD,PASS,OK,class 158 in two reweighting groups
reweight_groups_disjoint,structure,,MUST_HOLD,PASS,OK,class 159 in two reweighting groups
reweight_groups_disjoint,structure,,MUST_HOLD,PASS,OK,class 160 in two reweighting groups
reweight_groups_disjoint,structure,,MUST_HOLD,PASS,OK,class 161 in two reweighting groups
reweight_groups_disjoint,structure,,MUST_HOLD,PASS,OK,class 162 in two reweighting groups
reweight_groups_disjoint,structure,,MUST_HOLD,PASS,OK,class 163 in two reweighting groups
reweight_groups_disjoint,structure,,MUST_HOLD,PASS,OK,class 164 in two reweighting groups
reweight_groups_disjoint,structure,,MUST_HOLD,PASS,OK,class 165 in two reweighting groups
reweight_groups_disjoint,structure,,MUST_HOLD,PASS,OK,class 166 in two reweighting groups
reweight_groups_disjoint,structure,,MUST_HOLD,PASS,OK,class 167 in two reweighting groups
reweight_groups_disjoint,structure,,MUST_HOLD,PASS,OK,class 168 in two reweighting groups
reweight_groups_disjoint,structure,,MUST_HOLD,PASS,OK,class 169 in two reweighting groups
reweight_groups_disjoint,structure,,MUST_HOLD,PASS,OK,class 170 in two reweighting groups
reweight_groups_disjoint,structure,,MUST_HOLD,PASS,OK,class 171 in two reweighting groups
reweight_groups_disjoint,structure,,MUST_HOLD,PASS,OK,class 172 in two reweighting groups
reweight_groups_disjoint,structure,,MUST_HOLD,PASS,OK,class 173 in two reweighting groups
reweight_groups_disjoint,structure,,MUST_HOLD,PASS,OK,class 174 in two reweighting groups
reweight_groups_disjoint,structure,,MUST_HOLD,PASS,OK,class 175 in two reweighting groups
reweight_groups_disjoint,structure,,MUST_HOLD,PASS,OK,class 176 in two reweighting groups
reweight_groups_disjoint,structure,,MUST_HOLD,PASS,OK,class 177 in two reweighting groups
reweight_groups_disjoint,structure,,MUST_HOLD,PASS,OK,class 178 in two reweighting groups
reweight_groups_disjoint,structure,,MUST_HOLD,PASS,OK,class 179 in two reweighting groups
reweight_groups_disjoint,structure,,MUST_HOLD,PASS,OK,class 180 in two reweighting groups
reweight_groups_disjoint,structure,,MUST_HOLD,PASS,OK,class 181 in two reweighting groups
reweight_groups_disjoint,structure,,MUST_HOLD,PASS,OK,class 182 in two reweighting groups
reweight_groups_disjoint,structure,,MUST_HOLD,PASS,OK,class 183 in two reweighting groups
reweight_groups_disjoint,structure,,MUST_HOLD,PASS,OK,class 184 in two reweighting groups
reweight_groups_disjoint,structure,,MUST_HOLD,PASS,OK,class 185 in two reweighting groups
reweight_groups_disjoint,structure,,MUST_HOLD,PASS,OK,class 186 in two reweighting groups
reweight_groups_disjoint,structure,,MUST_HOLD,PASS,OK,class 187 in two reweighting groups
reweight_groups_cover_188,structure,,MUST_HOLD,PASS,OK,the 30 reweighting groups partition all 188 classes
reweight_29_cover_resonant,structure,,MUST_HOLD,PASS,OK,the 29 label_X_* reweighting groups cover exactly indices 0-160
reweight_qcd_cover,structure,,MUST_HOLD,PASS,OK,label_QCD covers exactly indices 161-187
block_2p_names,structure,,MUST_HOLD,PASS,OK,indices 0-14 are all two-prong label_X_* classes
block_34p_names,structure,,MUST_HOLD,PASS,OK,indices 15-160 are all 3/4-prong label_X_YY_* classes
block_qcd_names,structure,,MUST_HOLD,PASS,OK,indices 161-187 are all label_QCD_* classes
qcd_stream_share,statistics,,MUST_HOLD,PASS,OK,QCD = 0.25/1.73175 = 14.4363% of the sampled training stream
qcd_node_share,statistics,,MUST_HOLD,PASS,OK,QCD = 27/188 = 14.3617% of vocabulary nodes
qcd_stream_exceeds_node_share,statistics,,MUST_HOLD,PASS,OK,stream 14.4363% > nodes 14.3617% (difference 0.0746 pp)
R161_no_double_assignment,structure,,MUST_HOLD,PASS,OK,class 0 assigned twice in R161
R161_no_double_assignment,structure,,MUST_HOLD,PASS,OK,class 1 assigned twice in R161
R161_no_double_assignment,structure,,MUST_HOLD,PASS,OK,class 2 assigned twice in R161
R161_no_double_assignment,structure,,MUST_HOLD,PASS,OK,class 3 assigned twice in R161
R161_no_double_assignment,structure,,MUST_HOLD,PASS,OK,class 4 assigned twice in R161
R161_no_double_assignment,structure,,MUST_HOLD,PASS,OK,class 5 assigned twice in R161
R161_no_double_assignment,structure,,MUST_HOLD,PASS,OK,class 6 assigned twice in R161
R161_no_double_assignment,structure,,MUST_HOLD,PASS,OK,class 7 assigned twice in R161
R161_no_double_assignment,structure,,MUST_HOLD,PASS,OK,class 8 assigned twice in R161
R161_no_double_assignment,structure,,MUST_HOLD,PASS,OK,class 9 assigned twice in R161
R161_no_double_assignment,structure,,MUST_HOLD,PASS,OK,class 10 assigned twice in R161
R161_no_double_assignment,structure,,MUST_HOLD,PASS,OK,class 11 assigned twice in R161
R161_no_double_assignment,structure,,MUST_HOLD,PASS,OK,class 12 assigned twice in R161
R161_no_double_assignment,structure,,MUST_HOLD,PASS,OK,class 13 assigned twice in R161
R161_no_double_assignment,structure,,MUST_HOLD,PASS,OK,class 14 assigned twice in R161
R161_no_double_assignment,structure,,MUST_HOLD,PASS,OK,class 15 assigned twice in R161
R161_no_double_assignment,structure,,MUST_HOLD,PASS,OK,class 16 assigned twice in R161
R161_no_double_assignment,structure,,MUST_HOLD,PASS,OK,class 17 assigned twice in R161
R161_no_double_assignment,structure,,MUST_HOLD,PASS,OK,class 18 assigned twice in R161
R161_no_double_assignment,structure,,MUST_HOLD,PASS,OK,class 19 assigned twice in R161
R161_no_double_assignment,structure,,MUST_HOLD,PASS,OK,class 20 assigned twice in R161
R161_no_double_assignment,structure,,MUST_HOLD,PASS,OK,class 21 assigned twice in R161
R161_no_double_assignment,structure,,MUST_HOLD,PASS,OK,class 22 assigned twice in R161
R161_no_double_assignment,structure,,MUST_HOLD,PASS,OK,class 23 assigned twice in R161
R161_no_double_assignment,structure,,MUST_HOLD,PASS,OK,class 24 assigned twice in R161
R161_no_double_assignment,structure,,MUST_HOLD,PASS,OK,class 25 assigned twice in R161
R161_no_double_assignment,structure,,MUST_HOLD,PASS,OK,class 26 assigned twice in R161
R161_no_double_assignment,structure,,MUST_HOLD,PASS,OK,class 27 assigned twice in R161
R161_no_double_assignment,structure,,MUST_HOLD,PASS,OK,class 28 assigned twice in R161
R161_no_double_assignment,structure,,MUST_HOLD,PASS,OK,class 29 assigned twice in R161
R161_no_double_assignment,structure,,MUST_HOLD,PASS,OK,class 30 assigned twice in R161
R161_no_double_assignment,structure,,MUST_HOLD,PASS,OK,class 31 assigned twice in R161
R161_no_double_assignment,structure,,MUST_HOLD,PASS,OK,class 32 assigned twice in R161
R161_no_double_assignment,structure,,MUST_HOLD,PASS,OK,class 33 assigned twice in R161
R161_no_double_assignment,structure,,MUST_HOLD,PASS,OK,class 34 assigned twice in R161
R161_no_double_assignment,structure,,MUST_HOLD,PASS,OK,class 35 assigned twice in R161
R161_no_double_assignment,structure,,MUST_HOLD,PASS,OK,class 36 assigned twice in R161
R161_no_double_assignment,structure,,MUST_HOLD,PASS,OK,class 37 assigned twice in R161
R161_no_double_assignment,structure,,MUST_HOLD,PASS,OK,class 38 assigned twice in R161
R161_no_double_assignment,structure,,MUST_HOLD,PASS,OK,class 39 assigned twice in R161
R161_no_double_assignment,structure,,MUST_HOLD,PASS,OK,class 40 assigned twice in R161
R161_no_double_assignment,structure,,MUST_HOLD,PASS,OK,class 41 assigned twice in R161
R161_no_double_assignment,structure,,MUST_HOLD,PASS,OK,class 42 assigned twice in R161
R161_no_double_assignment,structure,,MUST_HOLD,PASS,OK,class 43 assigned twice in R161
R161_no_double_assignment,structure,,MUST_HOLD,PASS,OK,class 44 assigned twice in R161
R161_no_double_assignment,structure,,MUST_HOLD,PASS,OK,class 45 assigned twice in R161
R161_no_double_assignment,structure,,MUST_HOLD,PASS,OK,class 46 assigned twice in R161
R161_no_double_assignment,structure,,MUST_HOLD,PASS,OK,class 47 assigned twice in R161
R161_no_double_assignment,structure,,MUST_HOLD,PASS,OK,class 48 assigned twice in R161
R161_no_double_assignment,structure,,MUST_HOLD,PASS,OK,class 49 assigned twice in R161
R161_no_double_assignment,structure,,MUST_HOLD,PASS,OK,class 50 assigned twice in R161
R161_no_double_assignment,structure,,MUST_HOLD,PASS,OK,class 51 assigned twice in R161
R161_no_double_assignment,structure,,MUST_HOLD,PASS,OK,class 52 assigned twice in R161
R161_no_double_assignment,structure,,MUST_HOLD,PASS,OK,class 53 assigned twice in R161
R161_no_double_assignment,structure,,MUST_HOLD,PASS,OK,class 54 assigned twice in R161
R161_no_double_assignment,structure,,MUST_HOLD,PASS,OK,class 55 assigned twice in R161
R161_no_double_assignment,structure,,MUST_HOLD,PASS,OK,class 56 assigned twice in R161
R161_no_double_assignment,structure,,MUST_HOLD,PASS,OK,class 57 assigned twice in R161
R161_no_double_assignment,structure,,MUST_HOLD,PASS,OK,class 58 assigned twice in R161
R161_no_double_assignment,structure,,MUST_HOLD,PASS,OK,class 59 assigned twice in R161
R161_no_double_assignment,structure,,MUST_HOLD,PASS,OK,class 60 assigned twice in R161
R161_no_double_assignment,structure,,MUST_HOLD,PASS,OK,class 61 assigned twice in R161
R161_no_double_assignment,structure,,MUST_HOLD,PASS,OK,class 62 assigned twice in R161
R161_no_double_assignment,structure,,MUST_HOLD,PASS,OK,class 63 assigned twice in R161
R161_no_double_assignment,structure,,MUST_HOLD,PASS,OK,class 64 assigned twice in R161
R161_no_double_assignment,structure,,MUST_HOLD,PASS,OK,class 65 assigned twice in R161
R161_no_double_assignment,structure,,MUST_HOLD,PASS,OK,class 66 assigned twice in R161
R161_no_double_assignment,structure,,MUST_HOLD,PASS,OK,class 67 assigned twice in R161
R161_no_double_assignment,structure,,MUST_HOLD,PASS,OK,class 68 assigned twice in R161
R161_no_double_assignment,structure,,MUST_HOLD,PASS,OK,class 69 assigned twice in R161
R161_no_double_assignment,structure,,MUST_HOLD,PASS,OK,class 70 assigned twice in R161
R161_no_double_assignment,structure,,MUST_HOLD,PASS,OK,class 71 assigned twice in R161
R161_no_double_assignment,structure,,MUST_HOLD,PASS,OK,class 72 assigned twice in R161
R161_no_double_assignment,structure,,MUST_HOLD,PASS,OK,class 73 assigned twice in R161
R161_no_double_assignment,structure,,MUST_HOLD,PASS,OK,class 74 assigned twice in R161
R161_no_double_assignment,structure,,MUST_HOLD,PASS,OK,class 75 assigned twice in R161
R161_no_double_assignment,structure,,MUST_HOLD,PASS,OK,class 76 assigned twice in R161
R161_no_double_assignment,structure,,MUST_HOLD,PASS,OK,class 77 assigned twice in R161
R161_no_double_assignment,structure,,MUST_HOLD,PASS,OK,class 78 assigned twice in R161
R161_no_double_assignment,structure,,MUST_HOLD,PASS,OK,class 79 assigned twice in R161
R161_no_double_assignment,structure,,MUST_HOLD,PASS,OK,class 80 assigned twice in R161
R161_no_double_assignment,structure,,MUST_HOLD,PASS,OK,class 81 assigned twice in R161
R161_no_double_assignment,structure,,MUST_HOLD,PASS,OK,class 82 assigned twice in R161
R161_no_double_assignment,structure,,MUST_HOLD,PASS,OK,class 83 assigned twice in R161
R161_no_double_assignment,structure,,MUST_HOLD,PASS,OK,class 84 assigned twice in R161
R161_no_double_assignment,structure,,MUST_HOLD,PASS,OK,class 85 assigned twice in R161
R161_no_double_assignment,structure,,MUST_HOLD,PASS,OK,class 86 assigned twice in R161
R161_no_double_assignment,structure,,MUST_HOLD,PASS,OK,class 87 assigned twice in R161
R161_no_double_assignment,structure,,MUST_HOLD,PASS,OK,class 88 assigned twice in R161
R161_no_double_assignment,structure,,MUST_HOLD,PASS,OK,class 89 assigned twice in R161
R161_no_double_assignment,structure,,MUST_HOLD,PASS,OK,class 90 assigned twice in R161
R161_no_double_assignment,structure,,MUST_HOLD,PASS,OK,class 91 assigned twice in R161
R161_no_double_assignment,structure,,MUST_HOLD,PASS,OK,class 92 assigned twice in R161
R161_no_double_assignment,structure,,MUST_HOLD,PASS,OK,class 93 assigned twice in R161
R161_no_double_assignment,structure,,MUST_HOLD,PASS,OK,class 94 assigned twice in R161
R161_no_double_assignment,structure,,MUST_HOLD,PASS,OK,class 95 assigned twice in R161
R161_no_double_assignment,structure,,MUST_HOLD,PASS,OK,class 96 assigned twice in R161
R161_no_double_assignment,structure,,MUST_HOLD,PASS,OK,class 97 assigned twice in R161
R161_no_double_assignment,structure,,MUST_HOLD,PASS,OK,class 98 assigned twice in R161
R161_no_double_assignment,structure,,MUST_HOLD,PASS,OK,class 99 assigned twice in R161
R161_no_double_assignment,structure,,MUST_HOLD,PASS,OK,class 100 assigned twice in R161
R161_no_double_assignment,structure,,MUST_HOLD,PASS,OK,class 101 assigned twice in R161
R161_no_double_assignment,structure,,MUST_HOLD,PASS,OK,class 102 assigned twice in R161
R161_no_double_assignment,structure,,MUST_HOLD,PASS,OK,class 103 assigned twice in R161
R161_no_double_assignment,structure,,MUST_HOLD,PASS,OK,class 104 assigned twice in R161
R161_no_double_assignment,structure,,MUST_HOLD,PASS,OK,class 105 assigned twice in R161
R161_no_double_assignment,structure,,MUST_HOLD,PASS,OK,class 106 assigned twice in R161
R161_no_double_assignment,structure,,MUST_HOLD,PASS,OK,class 107 assigned twice in R161
R161_no_double_assignment,structure,,MUST_HOLD,PASS,OK,class 108 assigned twice in R161
R161_no_double_assignment,structure,,MUST_HOLD,PASS,OK,class 109 assigned twice in R161
R161_no_double_assignment,structure,,MUST_HOLD,PASS,OK,class 110 assigned twice in R161
R161_no_double_assignment,structure,,MUST_HOLD,PASS,OK,class 111 assigned twice in R161
R161_no_double_assignment,structure,,MUST_HOLD,PASS,OK,class 112 assigned twice in R161
R161_no_double_assignment,structure,,MUST_HOLD,PASS,OK,class 113 assigned twice in R161
R161_no_double_assignment,structure,,MUST_HOLD,PASS,OK,class 114 assigned twice in R161
R161_no_double_assignment,structure,,MUST_HOLD,PASS,OK,class 115 assigned twice in R161
R161_no_double_assignment,structure,,MUST_HOLD,PASS,OK,class 116 assigned twice in R161
R161_no_double_assignment,structure,,MUST_HOLD,PASS,OK,class 117 assigned twice in R161
R161_no_double_assignment,structure,,MUST_HOLD,PASS,OK,class 118 assigned twice in R161
R161_no_double_assignment,structure,,MUST_HOLD,PASS,OK,class 119 assigned twice in R161
R161_no_double_assignment,structure,,MUST_HOLD,PASS,OK,class 120 assigned twice in R161
R161_no_double_assignment,structure,,MUST_HOLD,PASS,OK,class 121 assigned twice in R161
R161_no_double_assignment,structure,,MUST_HOLD,PASS,OK,class 122 assigned twice in R161
R161_no_double_assignment,structure,,MUST_HOLD,PASS,OK,class 123 assigned twice in R161
R161_no_double_assignment,structure,,MUST_HOLD,PASS,OK,class 124 assigned twice in R161
R161_no_double_assignment,structure,,MUST_HOLD,PASS,OK,class 125 assigned twice in R161
R161_no_double_assignment,structure,,MUST_HOLD,PASS,OK,class 126 assigned twice in R161
R161_no_double_assignment,structure,,MUST_HOLD,PASS,OK,class 127 assigned twice in R161
R161_no_double_assignment,structure,,MUST_HOLD,PASS,OK,class 128 assigned twice in R161
R161_no_double_assignment,structure,,MUST_HOLD,PASS,OK,class 129 assigned twice in R161
R161_no_double_assignment,structure,,MUST_HOLD,PASS,OK,class 130 assigned twice in R161
R161_no_double_assignment,structure,,MUST_HOLD,PASS,OK,class 131 assigned twice in R161
R161_no_double_assignment,structure,,MUST_HOLD,PASS,OK,class 132 assigned twice in R161
R161_no_double_assignment,structure,,MUST_HOLD,PASS,OK,class 133 assigned twice in R161
R161_no_double_assignment,structure,,MUST_HOLD,PASS,OK,class 134 assigned twice in R161
R161_no_double_assignment,structure,,MUST_HOLD,PASS,OK,class 135 assigned twice in R161
R161_no_double_assignment,structure,,MUST_HOLD,PASS,OK,class 136 assigned twice in R161
R161_no_double_assignment,structure,,MUST_HOLD,PASS,OK,class 137 assigned twice in R161
R161_no_double_assignment,structure,,MUST_HOLD,PASS,OK,class 138 assigned twice in R161
R161_no_double_assignment,structure,,MUST_HOLD,PASS,OK,class 139 assigned twice in R161
R161_no_double_assignment,structure,,MUST_HOLD,PASS,OK,class 140 assigned twice in R161
R161_no_double_assignment,structure,,MUST_HOLD,PASS,OK,class 141 assigned twice in R161
R161_no_double_assignment,structure,,MUST_HOLD,PASS,OK,class 142 assigned twice in R161
R161_no_double_assignment,structure,,MUST_HOLD,PASS,OK,class 143 assigned twice in R161
R161_no_double_assignment,structure,,MUST_HOLD,PASS,OK,class 144 assigned twice in R161
R161_no_double_assignment,structure,,MUST_HOLD,PASS,OK,class 145 assigned twice in R161
R161_no_double_assignment,structure,,MUST_HOLD,PASS,OK,class 146 assigned twice in R161
R161_no_double_assignment,structure,,MUST_HOLD,PASS,OK,class 147 assigned twice in R161
R161_no_double_assignment,structure,,MUST_HOLD,PASS,OK,class 148 assigned twice in R161
R161_no_double_assignment,structure,,MUST_HOLD,PASS,OK,class 149 assigned twice in R161
R161_no_double_assignment,structure,,MUST_HOLD,PASS,OK,class 150 assigned twice in R161
R161_no_double_assignment,structure,,MUST_HOLD,PASS,OK,class 151 assigned twice in R161
R161_no_double_assignment,structure,,MUST_HOLD,PASS,OK,class 152 assigned twice in R161
R161_no_double_assignment,structure,,MUST_HOLD,PASS,OK,class 153 assigned twice in R161
R161_no_double_assignment,structure,,MUST_HOLD,PASS,OK,class 154 assigned twice in R161
R161_no_double_assignment,structure,,MUST_HOLD,PASS,OK,class 155 assigned twice in R161
R161_no_double_assignment,structure,,MUST_HOLD,PASS,OK,class 156 assigned twice in R161
R161_no_double_assignment,structure,,MUST_HOLD,PASS,OK,class 157 assigned twice in R161
R161_no_double_assignment,structure,,MUST_HOLD,PASS,OK,class 158 assigned twice in R161
R161_no_double_assignment,structure,,MUST_HOLD,PASS,OK,class 159 assigned twice in R161
R161_no_double_assignment,structure,,MUST_HOLD,PASS,OK,class 160 assigned twice in R161
R161_covers_universe,structure,,MUST_HOLD,PASS,OK,"R161 covers exactly 161 indices (missing [], extra [])"
R29_no_double_assignment,structure,,MUST_HOLD,PASS,OK,class 0 assigned twice in R29
R29_no_double_assignment,structure,,MUST_HOLD,PASS,OK,class 1 assigned twice in R29
R29_no_double_assignment,structure,,MUST_HOLD,PASS,OK,class 2 assigned twice in R29
R29_no_double_assignment,structure,,MUST_HOLD,PASS,OK,class 3 assigned twice in R29
R29_no_double_assignment,structure,,MUST_HOLD,PASS,OK,class 4 assigned twice in R29
R29_no_double_assignment,structure,,MUST_HOLD,PASS,OK,class 5 assigned twice in R29
R29_no_double_assignment,structure,,MUST_HOLD,PASS,OK,class 6 assigned twice in R29
R29_no_double_assignment,structure,,MUST_HOLD,PASS,OK,class 7 assigned twice in R29
R29_no_double_assignment,structure,,MUST_HOLD,PASS,OK,class 8 assigned twice in R29
R29_no_double_assignment,structure,,MUST_HOLD,PASS,OK,class 9 assigned twice in R29
R29_no_double_assignment,structure,,MUST_HOLD,PASS,OK,class 10 assigned twice in R29
R29_no_double_assignment,structure,,MUST_HOLD,PASS,OK,class 11 assigned twice in R29
R29_no_double_assignment,structure,,MUST_HOLD,PASS,OK,class 12 assigned twice in R29
R29_no_double_assignment,structure,,MUST_HOLD,PASS,OK,class 13 assigned twice in R29
R29_no_double_assignment,structure,,MUST_HOLD,PASS,OK,class 14 assigned twice in R29
R29_no_double_assignment,structure,,MUST_HOLD,PASS,OK,class 15 assigned twice in R29
R29_no_double_assignment,structure,,MUST_HOLD,PASS,OK,class 16 assigned twice in R29
R29_no_double_assignment,structure,,MUST_HOLD,PASS,OK,class 17 assigned twice in R29
R29_no_double_assignment,structure,,MUST_HOLD,PASS,OK,class 18 assigned twice in R29
R29_no_double_assignment,structure,,MUST_HOLD,PASS,OK,class 32 assigned twice in R29
R29_no_double_assignment,structure,,MUST_HOLD,PASS,OK,class 33 assigned twice in R29
R29_no_double_assignment,structure,,MUST_HOLD,PASS,OK,class 34 assigned twice in R29
R29_no_double_assignment,structure,,MUST_HOLD,PASS,OK,class 48 assigned twice in R29
R29_no_double_assignment,structure,,MUST_HOLD,PASS,OK,class 49 assigned twice in R29
R29_no_double_assignment,structure,,MUST_HOLD,PASS,OK,class 63 assigned twice in R29
R29_no_double_assignment,structure,,MUST_HOLD,PASS,OK,class 115 assigned twice in R29
R29_no_double_assignment,structure,,MUST_HOLD,PASS,OK,class 116 assigned twice in R29
R29_no_double_assignment,structure,,MUST_HOLD,PASS,OK,class 117 assigned twice in R29
R29_no_double_assignment,structure,,MUST_HOLD,PASS,OK,class 118 assigned twice in R29
R29_no_double_assignment,structure,,MUST_HOLD,PASS,OK,class 119 assigned twice in R29
R29_no_double_assignment,structure,,MUST_HOLD,PASS,OK,class 120 assigned twice in R29
R29_no_double_assignment,structure,,MUST_HOLD,PASS,OK,class 121 assigned twice in R29
R29_no_double_assignment,structure,,MUST_HOLD,PASS,OK,class 122 assigned twice in R29
R29_no_double_assignment,structure,,MUST_HOLD,PASS,OK,class 123 assigned twice in R29
R29_no_double_assignment,structure,,MUST_HOLD,PASS,OK,class 124 assigned twice in R29
R29_no_double_assignment,structure,,MUST_HOLD,PASS,OK,class 125 assigned twice in R29
R29_no_double_assignment,structure,,MUST_HOLD,PASS,OK,class 126 assigned twice in R29
R29_no_double_assignment,structure,,MUST_HOLD,PASS,OK,class 19 assigned twice in R29
R29_no_double_assignment,structure,,MUST_HOLD,PASS,OK,class 35 assigned twice in R29
R29_no_double_assignment,structure,,MUST_HOLD,PASS,OK,class 50 assigned twice in R29
R29_no_double_assignment,structure,,MUST_HOLD,PASS,OK,class 64 assigned twice in R29
R29_no_double_assignment,structure,,MUST_HOLD,PASS,OK,class 77 assigned twice in R29
R29_no_double_assignment,structure,,MUST_HOLD,PASS,OK,class 25 assigned twice in R29
R29_no_double_assignment,structure,,MUST_HOLD,PASS,OK,class 26 assigned twice in R29
R29_no_double_assignment,structure,,MUST_HOLD,PASS,OK,class 27 assigned twice in R29
R29_no_double_assignment,structure,,MUST_HOLD,PASS,OK,class 28 assigned twice in R29
R29_no_double_assignment,structure,,MUST_HOLD,PASS,OK,class 41 assigned twice in R29
R29_no_double_assignment,structure,,MUST_HOLD,PASS,OK,class 42 assigned twice in R29
R29_no_double_assignment,structure,,MUST_HOLD,PASS,OK,class 43 assigned twice in R29
R29_no_double_assignment,structure,,MUST_HOLD,PASS,OK,class 44 assigned twice in R29
R29_no_double_assignment,structure,,MUST_HOLD,PASS,OK,class 56 assigned twice in R29
R29_no_double_assignment,structure,,MUST_HOLD,PASS,OK,class 57 assigned twice in R29
R29_no_double_assignment,structure,,MUST_HOLD,PASS,OK,class 58 assigned twice in R29
R29_no_double_assignment,structure,,MUST_HOLD,PASS,OK,class 59 assigned twice in R29
R29_no_double_assignment,structure,,MUST_HOLD,PASS,OK,class 70 assigned twice in R29
R29_no_double_assignment,structure,,MUST_HOLD,PASS,OK,class 71 assigned twice in R29
R29_no_double_assignment,structure,,MUST_HOLD,PASS,OK,class 72 assigned twice in R29
R29_no_double_assignment,structure,,MUST_HOLD,PASS,OK,class 73 assigned twice in R29
R29_no_double_assignment,structure,,MUST_HOLD,PASS,OK,class 127 assigned twice in R29
R29_no_double_assignment,structure,,MUST_HOLD,PASS,OK,class 128 assigned twice in R29
R29_no_double_assignment,structure,,MUST_HOLD,PASS,OK,class 129 assigned twice in R29
R29_no_double_assignment,structure,,MUST_HOLD,PASS,OK,class 130 assigned twice in R29
R29_no_double_assignment,structure,,MUST_HOLD,PASS,OK,class 29 assigned twice in R29
R29_no_double_assignment,structure,,MUST_HOLD,PASS,OK,class 45 assigned twice in R29
R29_no_double_assignment,structure,,MUST_HOLD,PASS,OK,class 60 assigned twice in R29
R29_no_double_assignment,structure,,MUST_HOLD,PASS,OK,class 74 assigned twice in R29
R29_no_double_assignment,structure,,MUST_HOLD,PASS,OK,class 83 assigned twice in R29
R29_no_double_assignment,structure,,MUST_HOLD,PASS,OK,class 84 assigned twice in R29
R29_no_double_assignment,structure,,MUST_HOLD,PASS,OK,class 85 assigned twice in R29
R29_no_double_assignment,structure,,MUST_HOLD,PASS,OK,class 86 assigned twice in R29
R29_no_double_assignment,structure,,MUST_HOLD,PASS,OK,class 87 assigned twice in R29
R29_no_double_assignment,structure,,MUST_HOLD,PASS,OK,class 20 assigned twice in R29
R29_no_double_assignment,structure,,MUST_HOLD,PASS,OK,class 21 assigned twice in R29
R29_no_double_assignment,structure,,MUST_HOLD,PASS,OK,class 36 assigned twice in R29
R29_no_double_assignment,structure,,MUST_HOLD,PASS,OK,class 37 assigned twice in R29
R29_no_double_assignment,structure,,MUST_HOLD,PASS,OK,class 51 assigned twice in R29
R29_no_double_assignment,structure,,MUST_HOLD,PASS,OK,class 52 assigned twice in R29
R29_no_double_assignment,structure,,MUST_HOLD,PASS,OK,class 65 assigned twice in R29
R29_no_double_assignment,structure,,MUST_HOLD,PASS,OK,class 66 assigned twice in R29
R29_no_double_assignment,structure,,MUST_HOLD,PASS,OK,class 30 assigned twice in R29
R29_no_double_assignment,structure,,MUST_HOLD,PASS,OK,class 31 assigned twice in R29
R29_no_double_assignment,structure,,MUST_HOLD,PASS,OK,class 46 assigned twice in R29
R29_no_double_assignment,structure,,MUST_HOLD,PASS,OK,class 47 assigned twice in R29
R29_no_double_assignment,structure,,MUST_HOLD,PASS,OK,class 61 assigned twice in R29
R29_no_double_assignment,structure,,MUST_HOLD,PASS,OK,class 62 assigned twice in R29
R29_no_double_assignment,structure,,MUST_HOLD,PASS,OK,class 75 assigned twice in R29
R29_no_double_assignment,structure,,MUST_HOLD,PASS,OK,class 76 assigned twice in R29
R29_no_double_assignment,structure,,MUST_HOLD,PASS,OK,class 90 assigned twice in R29
R29_no_double_assignment,structure,,MUST_HOLD,PASS,OK,class 91 assigned twice in R29
R29_no_double_assignment,structure,,MUST_HOLD,PASS,OK,class 92 assigned twice in R29
R29_no_double_assignment,structure,,MUST_HOLD,PASS,OK,class 93 assigned twice in R29
R29_no_double_assignment,structure,,MUST_HOLD,PASS,OK,class 95 assigned twice in R29
R29_no_double_assignment,structure,,MUST_HOLD,PASS,OK,class 96 assigned twice in R29
R29_no_double_assignment,structure,,MUST_HOLD,PASS,OK,class 97 assigned twice in R29
R29_no_double_assignment,structure,,MUST_HOLD,PASS,OK,class 98 assigned twice in R29
R29_no_double_assignment,structure,,MUST_HOLD,PASS,OK,class 22 assigned twice in R29
R29_no_double_assignment,structure,,MUST_HOLD,PASS,OK,class 23 assigned twice in R29
R29_no_double_assignment,structure,,MUST_HOLD,PASS,OK,class 38 assigned twice in R29
R29_no_double_assignment,structure,,MUST_HOLD,PASS,OK,class 39 assigned twice in R29
R29_no_double_assignment,structure,,MUST_HOLD,PASS,OK,class 53 assigned twice in R29
R29_no_double_assignment,structure,,MUST_HOLD,PASS,OK,class 54 assigned twice in R29
R29_no_double_assignment,structure,,MUST_HOLD,PASS,OK,class 67 assigned twice in R29
R29_no_double_assignment,structure,,MUST_HOLD,PASS,OK,class 68 assigned twice in R29
R29_no_double_assignment,structure,,MUST_HOLD,PASS,OK,class 24 assigned twice in R29
R29_no_double_assignment,structure,,MUST_HOLD,PASS,OK,class 40 assigned twice in R29
R29_no_double_assignment,structure,,MUST_HOLD,PASS,OK,class 55 assigned twice in R29
R29_no_double_assignment,structure,,MUST_HOLD,PASS,OK,class 69 assigned twice in R29
R29_no_double_assignment,structure,,MUST_HOLD,PASS,OK,class 100 assigned twice in R29
R29_no_double_assignment,structure,,MUST_HOLD,PASS,OK,class 101 assigned twice in R29
R29_no_double_assignment,structure,,MUST_HOLD,PASS,OK,class 102 assigned twice in R29
R29_no_double_assignment,structure,,MUST_HOLD,PASS,OK,class 103 assigned twice in R29
R29_no_double_assignment,structure,,MUST_HOLD,PASS,OK,class 105 assigned twice in R29
R29_no_double_assignment,structure,,MUST_HOLD,PASS,OK,class 106 assigned twice in R29
R29_no_double_assignment,structure,,MUST_HOLD,PASS,OK,class 107 assigned twice in R29
R29_no_double_assignment,structure,,MUST_HOLD,PASS,OK,class 108 assigned twice in R29
R29_no_double_assignment,structure,,MUST_HOLD,PASS,OK,class 110 assigned twice in R29
R29_no_double_assignment,structure,,MUST_HOLD,PASS,OK,class 111 assigned twice in R29
R29_no_double_assignment,structure,,MUST_HOLD,PASS,OK,class 112 assigned twice in R29
R29_no_double_assignment,structure,,MUST_HOLD,PASS,OK,class 113 assigned twice in R29
R29_no_double_assignment,structure,,MUST_HOLD,PASS,OK,class 78 assigned twice in R29
R29_no_double_assignment,structure,,MUST_HOLD,PASS,OK,class 79 assigned twice in R29
R29_no_double_assignment,structure,,MUST_HOLD,PASS,OK,class 88 assigned twice in R29
R29_no_double_assignment,structure,,MUST_HOLD,PASS,OK,class 89 assigned twice in R29
R29_no_double_assignment,structure,,MUST_HOLD,PASS,OK,class 94 assigned twice in R29
R29_no_double_assignment,structure,,MUST_HOLD,PASS,OK,class 99 assigned twice in R29
R29_no_double_assignment,structure,,MUST_HOLD,PASS,OK,class 80 assigned twice in R29
R29_no_double_assignment,structure,,MUST_HOLD,PASS,OK,class 81 assigned twice in R29
R29_no_double_assignment,structure,,MUST_HOLD,PASS,OK,class 82 assigned twice in R29
R29_no_double_assignment,structure,,MUST_HOLD,PASS,OK,class 104 assigned twice in R29
R29_no_double_assignment,structure,,MUST_HOLD,PASS,OK,class 109 assigned twice in R29
R29_no_double_assignment,structure,,MUST_HOLD,PASS,OK,class 114 assigned twice in R29
R29_no_double_assignment,structure,,MUST_HOLD,PASS,OK,class 131 assigned twice in R29
R29_no_double_assignment,structure,,MUST_HOLD,PASS,OK,class 132 assigned twice in R29
R29_no_double_assignment,structure,,MUST_HOLD,PASS,OK,class 133 assigned twice in R29
R29_no_double_assignment,structure,,MUST_HOLD,PASS,OK,class 134 assigned twice in R29
R29_no_double_assignment,structure,,MUST_HOLD,PASS,OK,class 135 assigned twice in R29
R29_no_double_assignment,structure,,MUST_HOLD,PASS,OK,class 136 assigned twice in R29
R29_no_double_assignment,structure,,MUST_HOLD,PASS,OK,class 137 assigned twice in R29
R29_no_double_assignment,structure,,MUST_HOLD,PASS,OK,class 138 assigned twice in R29
R29_no_double_assignment,structure,,MUST_HOLD,PASS,OK,class 139 assigned twice in R29
R29_no_double_assignment,structure,,MUST_HOLD,PASS,OK,class 140 assigned twice in R29
R29_no_double_assignment,structure,,MUST_HOLD,PASS,OK,class 141 assigned twice in R29
R29_no_double_assignment,structure,,MUST_HOLD,PASS,OK,class 142 assigned twice in R29
R29_no_double_assignment,structure,,MUST_HOLD,PASS,OK,class 143 assigned twice in R29
R29_no_double_assignment,structure,,MUST_HOLD,PASS,OK,class 144 assigned twice in R29
R29_no_double_assignment,structure,,MUST_HOLD,PASS,OK,class 145 assigned twice in R29
R29_no_double_assignment,structure,,MUST_HOLD,PASS,OK,class 146 assigned twice in R29
R29_no_double_assignment,structure,,MUST_HOLD,PASS,OK,class 147 assigned twice in R29
R29_no_double_assignment,structure,,MUST_HOLD,PASS,OK,class 148 assigned twice in R29
R29_no_double_assignment,structure,,MUST_HOLD,PASS,OK,class 149 assigned twice in R29
R29_no_double_assignment,structure,,MUST_HOLD,PASS,OK,class 150 assigned twice in R29
R29_no_double_assignment,structure,,MUST_HOLD,PASS,OK,class 151 assigned twice in R29
R29_no_double_assignment,structure,,MUST_HOLD,PASS,OK,class 152 assigned twice in R29
R29_no_double_assignment,structure,,MUST_HOLD,PASS,OK,class 153 assigned twice in R29
R29_no_double_assignment,structure,,MUST_HOLD,PASS,OK,class 154 assigned twice in R29
R29_no_double_assignment,structure,,MUST_HOLD,PASS,OK,class 155 assigned twice in R29
R29_no_double_assignment,structure,,MUST_HOLD,PASS,OK,class 156 assigned twice in R29
R29_no_double_assignment,structure,,MUST_HOLD,PASS,OK,class 157 assigned twice in R29
R29_no_double_assignment,structure,,MUST_HOLD,PASS,OK,class 158 assigned twice in R29
R29_no_double_assignment,structure,,MUST_HOLD,PASS,OK,class 159 assigned twice in R29
R29_no_double_assignment,structure,,MUST_HOLD,PASS,OK,class 160 assigned twice in R29
R29_covers_universe,structure,,MUST_HOLD,PASS,OK,"R29 covers exactly 161 indices (missing [], extra [])"
topology_known[QQQQ],structure,,MUST_HOLD,PASS,OK,topology code QQQQ exists in the reweighting groups
topology_known[QQgg],structure,,MUST_HOLD,PASS,OK,topology code QQgg exists in the reweighting groups
topology_known[gggg],structure,,MUST_HOLD,PASS,OK,topology code gggg exists in the reweighting groups
topology_known[QQll],structure,,MUST_HOLD,PASS,OK,topology code QQll exists in the reweighting groups
topology_known[ggll],structure,,MUST_HOLD,PASS,OK,topology code ggll exists in the reweighting groups
topology_known[QQtauhtaul],structure,,MUST_HOLD,PASS,OK,topology code QQtauhtaul exists in the reweighting groups
topology_known[QQtauhtauh],structure,,MUST_HOLD,PASS,OK,topology code QQtauhtauh exists in the reweighting groups
topology_known[ggtauhtaul],structure,,MUST_HOLD,PASS,OK,topology code ggtauhtaul exists in the reweighting groups
topology_known[ggtauhtauh],structure,,MUST_HOLD,PASS,OK,topology code ggtauhtauh exists in the reweighting groups
topology_known[QQQ],structure,,MUST_HOLD,PASS,OK,topology code QQQ exists in the reweighting groups
topology_known[QQg],structure,,MUST_HOLD,PASS,OK,topology code QQg exists in the reweighting groups
topology_known[Qgg],structure,,MUST_HOLD,PASS,OK,topology code Qgg exists in the reweighting groups
topology_known[ggg],structure,,MUST_HOLD,PASS,OK,topology code ggg exists in the reweighting groups
topology_known[QQl],structure,,MUST_HOLD,PASS,OK,topology code QQl exists in the reweighting groups
topology_known[Qll],structure,,MUST_HOLD,PASS,OK,topology code Qll exists in the reweighting groups
topology_known[ggl],structure,,MUST_HOLD,PASS,OK,topology code ggl exists in the reweighting groups
topology_known[gll],structure,,MUST_HOLD,PASS,OK,topology code gll exists in the reweighting groups
topology_known[Qtauhtaul],structure,,MUST_HOLD,PASS,OK,topology code Qtauhtaul exists in the reweighting groups
topology_known[Qtauhtauh],structure,,MUST_HOLD,PASS,OK,topology code Qtauhtauh exists in the reweighting groups
topology_known[gtauhtaul],structure,,MUST_HOLD,PASS,OK,topology code gtauhtaul exists in the reweighting groups
topology_known[gtauhtauh],structure,,MUST_HOLD,PASS,OK,topology code gtauhtauh exists in the reweighting groups
topology_known[QQlv],structure,,MUST_HOLD,PASS,OK,topology code QQlv exists in the reweighting groups
topology_known[QQtaulv],structure,,MUST_HOLD,PASS,OK,topology code QQtaulv exists in the reweighting groups
topology_known[QQtauhv],structure,,MUST_HOLD,PASS,OK,topology code QQtauhv exists in the reweighting groups
R15_no_double_assignment,structure,,MUST_HOLD,PASS,OK,class 0 assigned twice in R15
R15_no_double_assignment,structure,,MUST_HOLD,PASS,OK,class 4 assigned twice in R15
R15_no_double_assignment,structure,,MUST_HOLD,PASS,OK,class 6 assigned twice in R15
R15_no_double_assignment,structure,,MUST_HOLD,PASS,OK,class 1 assigned twice in R15
R15_no_double_assignment,structure,,MUST_HOLD,PASS,OK,class 5 assigned twice in R15
R15_no_double_assignment,structure,,MUST_HOLD,PASS,OK,class 7 assigned twice in R15
R15_no_double_assignment,structure,,MUST_HOLD,PASS,OK,class 2 assigned twice in R15
R15_no_double_assignment,structure,,MUST_HOLD,PASS,OK,class 3 assigned twice in R15
R15_no_double_assignment,structure,,MUST_HOLD,PASS,OK,class 8 assigned twice in R15
R15_no_double_assignment,structure,,MUST_HOLD,PASS,OK,class 9 assigned twice in R15
R15_no_double_assignment,structure,,MUST_HOLD,PASS,OK,class 10 assigned twice in R15
R15_no_double_assignment,structure,,MUST_HOLD,PASS,OK,class 11 assigned twice in R15
R15_no_double_assignment,structure,,MUST_HOLD,PASS,OK,class 12 assigned twice in R15
R15_no_double_assignment,structure,,MUST_HOLD,PASS,OK,class 13 assigned twice in R15
R15_no_double_assignment,structure,,MUST_HOLD,PASS,OK,class 14 assigned twice in R15
R15_no_double_assignment,structure,,MUST_HOLD,PASS,OK,class 15 assigned twice in R15
R15_no_double_assignment,structure,,MUST_HOLD,PASS,OK,class 16 assigned twice in R15
R15_no_double_assignment,structure,,MUST_HOLD,PASS,OK,class 17 assigned twice in R15
R15_no_double_assignment,structure,,MUST_HOLD,PASS,OK,class 18 assigned twice in R15
R15_no_double_assignment,structure,,MUST_HOLD,PASS,OK,class 32 assigned twice in R15
R15_no_double_assignment,structure,,MUST_HOLD,PASS,OK,class 33 assigned twice in R15
R15_no_double_assignment,structure,,MUST_HOLD,PASS,OK,class 34 assigned twice in R15
R15_no_double_assignment,structure,,MUST_HOLD,PASS,OK,class 48 assigned twice in R15
R15_no_double_assignment,structure,,MUST_HOLD,PASS,OK,class 49 assigned twice in R15
R15_no_double_assignment,structure,,MUST_HOLD,PASS,OK,class 63 assigned twice in R15
R15_no_double_assignment,structure,,MUST_HOLD,PASS,OK,class 115 assigned twice in R15
R15_no_double_assignment,structure,,MUST_HOLD,PASS,OK,class 116 assigned twice in R15
R15_no_double_assignment,structure,,MUST_HOLD,PASS,OK,class 117 assigned twice in R15
R15_no_double_assignment,structure,,MUST_HOLD,PASS,OK,class 118 assigned twice in R15
R15_no_double_assignment,structure,,MUST_HOLD,PASS,OK,class 119 assigned twice in R15
R15_no_double_assignment,structure,,MUST_HOLD,PASS,OK,class 120 assigned twice in R15
R15_no_double_assignment,structure,,MUST_HOLD,PASS,OK,class 121 assigned twice in R15
R15_no_double_assignment,structure,,MUST_HOLD,PASS,OK,class 122 assigned twice in R15
R15_no_double_assignment,structure,,MUST_HOLD,PASS,OK,class 123 assigned twice in R15
R15_no_double_assignment,structure,,MUST_HOLD,PASS,OK,class 124 assigned twice in R15
R15_no_double_assignment,structure,,MUST_HOLD,PASS,OK,class 125 assigned twice in R15
R15_no_double_assignment,structure,,MUST_HOLD,PASS,OK,class 126 assigned twice in R15
R15_no_double_assignment,structure,,MUST_HOLD,PASS,OK,class 19 assigned twice in R15
R15_no_double_assignment,structure,,MUST_HOLD,PASS,OK,class 35 assigned twice in R15
R15_no_double_assignment,structure,,MUST_HOLD,PASS,OK,class 50 assigned twice in R15
R15_no_double_assignment,structure,,MUST_HOLD,PASS,OK,class 64 assigned twice in R15
R15_no_double_assignment,structure,,MUST_HOLD,PASS,OK,class 77 assigned twice in R15
R15_no_double_assignment,structure,,MUST_HOLD,PASS,OK,class 20 assigned twice in R15
R15_no_double_assignment,structure,,MUST_HOLD,PASS,OK,class 21 assigned twice in R15
R15_no_double_assignment,structure,,MUST_HOLD,PASS,OK,class 36 assigned twice in R15
R15_no_double_assignment,structure,,MUST_HOLD,PASS,OK,class 37 assigned twice in R15
R15_no_double_assignment,structure,,MUST_HOLD,PASS,OK,class 51 assigned twice in R15
R15_no_double_assignment,structure,,MUST_HOLD,PASS,OK,class 52 assigned twice in R15
R15_no_double_assignment,structure,,MUST_HOLD,PASS,OK,class 65 assigned twice in R15
R15_no_double_assignment,structure,,MUST_HOLD,PASS,OK,class 66 assigned twice in R15
R15_no_double_assignment,structure,,MUST_HOLD,PASS,OK,class 78 assigned twice in R15
R15_no_double_assignment,structure,,MUST_HOLD,PASS,OK,class 79 assigned twice in R15
R15_no_double_assignment,structure,,MUST_HOLD,PASS,OK,class 22 assigned twice in R15
R15_no_double_assignment,structure,,MUST_HOLD,PASS,OK,class 23 assigned twice in R15
R15_no_double_assignment,structure,,MUST_HOLD,PASS,OK,class 38 assigned twice in R15
R15_no_double_assignment,structure,,MUST_HOLD,PASS,OK,class 39 assigned twice in R15
R15_no_double_assignment,structure,,MUST_HOLD,PASS,OK,class 53 assigned twice in R15
R15_no_double_assignment,structure,,MUST_HOLD,PASS,OK,class 54 assigned twice in R15
R15_no_double_assignment,structure,,MUST_HOLD,PASS,OK,class 67 assigned twice in R15
R15_no_double_assignment,structure,,MUST_HOLD,PASS,OK,class 68 assigned twice in R15
R15_no_double_assignment,structure,,MUST_HOLD,PASS,OK,class 24 assigned twice in R15
R15_no_double_assignment,structure,,MUST_HOLD,PASS,OK,class 40 assigned twice in R15
R15_no_double_assignment,structure,,MUST_HOLD,PASS,OK,class 55 assigned twice in R15
R15_no_double_assignment,structure,,MUST_HOLD,PASS,OK,class 69 assigned twice in R15
R15_no_double_assignment,structure,,MUST_HOLD,PASS,OK,class 80 assigned twice in R15
R15_no_double_assignment,structure,,MUST_HOLD,PASS,OK,class 81 assigned twice in R15
R15_no_double_assignment,structure,,MUST_HOLD,PASS,OK,class 82 assigned twice in R15
R15_no_double_assignment,structure,,MUST_HOLD,PASS,OK,class 25 assigned twice in R15
R15_no_double_assignment,structure,,MUST_HOLD,PASS,OK,class 26 assigned twice in R15
R15_no_double_assignment,structure,,MUST_HOLD,PASS,OK,class 27 assigned twice in R15
R15_no_double_assignment,structure,,MUST_HOLD,PASS,OK,class 28 assigned twice in R15
R15_no_double_assignment,structure,,MUST_HOLD,PASS,OK,class 41 assigned twice in R15
R15_no_double_assignment,structure,,MUST_HOLD,PASS,OK,class 42 assigned twice in R15
R15_no_double_assignment,structure,,MUST_HOLD,PASS,OK,class 43 assigned twice in R15
R15_no_double_assignment,structure,,MUST_HOLD,PASS,OK,class 44 assigned twice in R15
R15_no_double_assignment,structure,,MUST_HOLD,PASS,OK,class 56 assigned twice in R15
R15_no_double_assignment,structure,,MUST_HOLD,PASS,OK,class 57 assigned twice in R15
R15_no_double_assignment,structure,,MUST_HOLD,PASS,OK,class 58 assigned twice in R15
R15_no_double_assignment,structure,,MUST_HOLD,PASS,OK,class 59 assigned twice in R15
R15_no_double_assignment,structure,,MUST_HOLD,PASS,OK,class 70 assigned twice in R15
R15_no_double_assignment,structure,,MUST_HOLD,PASS,OK,class 71 assigned twice in R15
R15_no_double_assignment,structure,,MUST_HOLD,PASS,OK,class 72 assigned twice in R15
R15_no_double_assignment,structure,,MUST_HOLD,PASS,OK,class 73 assigned twice in R15
R15_no_double_assignment,structure,,MUST_HOLD,PASS,OK,class 127 assigned twice in R15
R15_no_double_assignment,structure,,MUST_HOLD,PASS,OK,class 128 assigned twice in R15
R15_no_double_assignment,structure,,MUST_HOLD,PASS,OK,class 129 assigned twice in R15
R15_no_double_assignment,structure,,MUST_HOLD,PASS,OK,class 130 assigned twice in R15
R15_no_double_assignment,structure,,MUST_HOLD,PASS,OK,class 29 assigned twice in R15
R15_no_double_assignment,structure,,MUST_HOLD,PASS,OK,class 45 assigned twice in R15
R15_no_double_assignment,structure,,MUST_HOLD,PASS,OK,class 60 assigned twice in R15
R15_no_double_assignment,structure,,MUST_HOLD,PASS,OK,class 74 assigned twice in R15
R15_no_double_assignment,structure,,MUST_HOLD,PASS,OK,class 83 assigned twice in R15
R15_no_double_assignment,structure,,MUST_HOLD,PASS,OK,class 84 assigned twice in R15
R15_no_double_assignment,structure,,MUST_HOLD,PASS,OK,class 85 assigned twice in R15
R15_no_double_assignment,structure,,MUST_HOLD,PASS,OK,class 86 assigned twice in R15
R15_no_double_assignment,structure,,MUST_HOLD,PASS,OK,class 87 assigned twice in R15
R15_no_double_assignment,structure,,MUST_HOLD,PASS,OK,class 30 assigned twice in R15
R15_no_double_assignment,structure,,MUST_HOLD,PASS,OK,class 31 assigned twice in R15
R15_no_double_assignment,structure,,MUST_HOLD,PASS,OK,class 46 assigned twice in R15
R15_no_double_assignment,structure,,MUST_HOLD,PASS,OK,class 47 assigned twice in R15
R15_no_double_assignment,structure,,MUST_HOLD,PASS,OK,class 61 assigned twice in R15
R15_no_double_assignment,structure,,MUST_HOLD,PASS,OK,class 62 assigned twice in R15
R15_no_double_assignment,structure,,MUST_HOLD,PASS,OK,class 75 assigned twice in R15
R15_no_double_assignment,structure,,MUST_HOLD,PASS,OK,class 76 assigned twice in R15
R15_no_double_assignment,structure,,MUST_HOLD,PASS,OK,class 90 assigned twice in R15
R15_no_double_assignment,structure,,MUST_HOLD,PASS,OK,class 91 assigned twice in R15
R15_no_double_assignment,structure,,MUST_HOLD,PASS,OK,class 92 assigned twice in R15
R15_no_double_assignment,structure,,MUST_HOLD,PASS,OK,class 93 assigned twice in R15
R15_no_double_assignment,structure,,MUST_HOLD,PASS,OK,class 95 assigned twice in R15
R15_no_double_assignment,structure,,MUST_HOLD,PASS,OK,class 96 assigned twice in R15
R15_no_double_assignment,structure,,MUST_HOLD,PASS,OK,class 97 assigned twice in R15
R15_no_double_assignment,structure,,MUST_HOLD,PASS,OK,class 98 assigned twice in R15
R15_no_double_assignment,structure,,MUST_HOLD,PASS,OK,class 88 assigned twice in R15
R15_no_double_assignment,structure,,MUST_HOLD,PASS,OK,class 89 assigned twice in R15
R15_no_double_assignment,structure,,MUST_HOLD,PASS,OK,class 94 assigned twice in R15
R15_no_double_assignment,structure,,MUST_HOLD,PASS,OK,class 99 assigned twice in R15
R15_no_double_assignment,structure,,MUST_HOLD,PASS,OK,class 100 assigned twice in R15
R15_no_double_assignment,structure,,MUST_HOLD,PASS,OK,class 101 assigned twice in R15
R15_no_double_assignment,structure,,MUST_HOLD,PASS,OK,class 102 assigned twice in R15
R15_no_double_assignment,structure,,MUST_HOLD,PASS,OK,class 103 assigned twice in R15
R15_no_double_assignment,structure,,MUST_HOLD,PASS,OK,class 105 assigned twice in R15
R15_no_double_assignment,structure,,MUST_HOLD,PASS,OK,class 106 assigned twice in R15
R15_no_double_assignment,structure,,MUST_HOLD,PASS,OK,class 107 assigned twice in R15
R15_no_double_assignment,structure,,MUST_HOLD,PASS,OK,class 108 assigned twice in R15
R15_no_double_assignment,structure,,MUST_HOLD,PASS,OK,class 110 assigned twice in R15
R15_no_double_assignment,structure,,MUST_HOLD,PASS,OK,class 111 assigned twice in R15
R15_no_double_assignment,structure,,MUST_HOLD,PASS,OK,class 112 assigned twice in R15
R15_no_double_assignment,structure,,MUST_HOLD,PASS,OK,class 113 assigned twice in R15
R15_no_double_assignment,structure,,MUST_HOLD,PASS,OK,class 104 assigned twice in R15
R15_no_double_assignment,structure,,MUST_HOLD,PASS,OK,class 109 assigned twice in R15
R15_no_double_assignment,structure,,MUST_HOLD,PASS,OK,class 114 assigned twice in R15
R15_no_double_assignment,structure,,MUST_HOLD,PASS,OK,class 131 assigned twice in R15
R15_no_double_assignment,structure,,MUST_HOLD,PASS,OK,class 132 assigned twice in R15
R15_no_double_assignment,structure,,MUST_HOLD,PASS,OK,class 133 assigned twice in R15
R15_no_double_assignment,structure,,MUST_HOLD,PASS,OK,class 134 assigned twice in R15
R15_no_double_assignment,structure,,MUST_HOLD,PASS,OK,class 135 assigned twice in R15
R15_no_double_assignment,structure,,MUST_HOLD,PASS,OK,class 136 assigned twice in R15
R15_no_double_assignment,structure,,MUST_HOLD,PASS,OK,class 137 assigned twice in R15
R15_no_double_assignment,structure,,MUST_HOLD,PASS,OK,class 138 assigned twice in R15
R15_no_double_assignment,structure,,MUST_HOLD,PASS,OK,class 139 assigned twice in R15
R15_no_double_assignment,structure,,MUST_HOLD,PASS,OK,class 140 assigned twice in R15
R15_no_double_assignment,structure,,MUST_HOLD,PASS,OK,class 141 assigned twice in R15
R15_no_double_assignment,structure,,MUST_HOLD,PASS,OK,class 142 assigned twice in R15
R15_no_double_assignment,structure,,MUST_HOLD,PASS,OK,class 143 assigned twice in R15
R15_no_double_assignment,structure,,MUST_HOLD,PASS,OK,class 144 assigned twice in R15
R15_no_double_assignment,structure,,MUST_HOLD,PASS,OK,class 145 assigned twice in R15
R15_no_double_assignment,structure,,MUST_HOLD,PASS,OK,class 146 assigned twice in R15
R15_no_double_assignment,structure,,MUST_HOLD,PASS,OK,class 147 assigned twice in R15
R15_no_double_assignment,structure,,MUST_HOLD,PASS,OK,class 148 assigned twice in R15
R15_no_double_assignment,structure,,MUST_HOLD,PASS,OK,class 149 assigned twice in R15
R15_no_double_assignment,structure,,MUST_HOLD,PASS,OK,class 150 assigned twice in R15
R15_no_double_assignment,structure,,MUST_HOLD,PASS,OK,class 151 assigned twice in R15
R15_no_double_assignment,structure,,MUST_HOLD,PASS,OK,class 152 assigned twice in R15
R15_no_double_assignment,structure,,MUST_HOLD,PASS,OK,class 153 assigned twice in R15
R15_no_double_assignment,structure,,MUST_HOLD,PASS,OK,class 154 assigned twice in R15
R15_no_double_assignment,structure,,MUST_HOLD,PASS,OK,class 155 assigned twice in R15
R15_no_double_assignment,structure,,MUST_HOLD,PASS,OK,class 156 assigned twice in R15
R15_no_double_assignment,structure,,MUST_HOLD,PASS,OK,class 157 assigned twice in R15
R15_no_double_assignment,structure,,MUST_HOLD,PASS,OK,class 158 assigned twice in R15
R15_no_double_assignment,structure,,MUST_HOLD,PASS,OK,class 159 assigned twice in R15
R15_no_double_assignment,structure,,MUST_HOLD,PASS,OK,class 160 assigned twice in R15
R15_covers_universe,structure,,MUST_HOLD,PASS,OK,"R15 covers exactly 161 indices (missing [], extra [])"
topology_known[QQQQ],structure,,MUST_HOLD,PASS,OK,topology code QQQQ exists in the reweighting groups
topology_known[QQgg],structure,,MUST_HOLD,PASS,OK,topology code QQgg exists in the reweighting groups
topology_known[gggg],structure,,MUST_HOLD,PASS,OK,topology code gggg exists in the reweighting groups
topology_known[QQll],structure,,MUST_HOLD,PASS,OK,topology code QQll exists in the reweighting groups
topology_known[QQtauhtaul],structure,,MUST_HOLD,PASS,OK,topology code QQtauhtaul exists in the reweighting groups
topology_known[QQtauhtauh],structure,,MUST_HOLD,PASS,OK,topology code QQtauhtauh exists in the reweighting groups
topology_known[ggll],structure,,MUST_HOLD,PASS,OK,topology code ggll exists in the reweighting groups
topology_known[ggtauhtaul],structure,,MUST_HOLD,PASS,OK,topology code ggtauhtaul exists in the reweighting groups
topology_known[ggtauhtauh],structure,,MUST_HOLD,PASS,OK,topology code ggtauhtauh exists in the reweighting groups
topology_known[QQQ],structure,,MUST_HOLD,PASS,OK,topology code QQQ exists in the reweighting groups
topology_known[QQg],structure,,MUST_HOLD,PASS,OK,topology code QQg exists in the reweighting groups
topology_known[Qgg],structure,,MUST_HOLD,PASS,OK,topology code Qgg exists in the reweighting groups
topology_known[ggg],structure,,MUST_HOLD,PASS,OK,topology code ggg exists in the reweighting groups
topology_known[QQl],structure,,MUST_HOLD,PASS,OK,topology code QQl exists in the reweighting groups
topology_known[Qll],structure,,MUST_HOLD,PASS,OK,topology code Qll exists in the reweighting groups
topology_known[ggl],structure,,MUST_HOLD,PASS,OK,topology code ggl exists in the reweighting groups
topology_known[gll],structure,,MUST_HOLD,PASS,OK,topology code gll exists in the reweighting groups
topology_known[Qtauhtaul],structure,,MUST_HOLD,PASS,OK,topology code Qtauhtaul exists in the reweighting groups
topology_known[Qtauhtauh],structure,,MUST_HOLD,PASS,OK,topology code Qtauhtauh exists in the reweighting groups
topology_known[gtauhtaul],structure,,MUST_HOLD,PASS,OK,topology code gtauhtaul exists in the reweighting groups
topology_known[gtauhtauh],structure,,MUST_HOLD,PASS,OK,topology code gtauhtauh exists in the reweighting groups
topology_known[QQlv],structure,,MUST_HOLD,PASS,OK,topology code QQlv exists in the reweighting groups
topology_known[QQtaulv],structure,,MUST_HOLD,PASS,OK,topology code QQtaulv exists in the reweighting groups
topology_known[QQtauhv],structure,,MUST_HOLD,PASS,OK,topology code QQtauhv exists in the reweighting groups
R9_no_double_assignment,structure,,MUST_HOLD,PASS,OK,class 0 assigned twice in R9
R9_no_double_assignment,structure,,MUST_HOLD,PASS,OK,class 4 assigned twice in R9
R9_no_double_assignment,structure,,MUST_HOLD,PASS,OK,class 6 assigned twice in R9
R9_no_double_assignment,structure,,MUST_HOLD,PASS,OK,class 1 assigned twice in R9
R9_no_double_assignment,structure,,MUST_HOLD,PASS,OK,class 5 assigned twice in R9
R9_no_double_assignment,structure,,MUST_HOLD,PASS,OK,class 7 assigned twice in R9
R9_no_double_assignment,structure,,MUST_HOLD,PASS,OK,class 2 assigned twice in R9
R9_no_double_assignment,structure,,MUST_HOLD,PASS,OK,class 3 assigned twice in R9
R9_no_double_assignment,structure,,MUST_HOLD,PASS,OK,class 8 assigned twice in R9
R9_no_double_assignment,structure,,MUST_HOLD,PASS,OK,class 9 assigned twice in R9
R9_no_double_assignment,structure,,MUST_HOLD,PASS,OK,class 10 assigned twice in R9
R9_no_double_assignment,structure,,MUST_HOLD,PASS,OK,class 11 assigned twice in R9
R9_no_double_assignment,structure,,MUST_HOLD,PASS,OK,class 12 assigned twice in R9
R9_no_double_assignment,structure,,MUST_HOLD,PASS,OK,class 13 assigned twice in R9
R9_no_double_assignment,structure,,MUST_HOLD,PASS,OK,class 14 assigned twice in R9
R9_no_double_assignment,structure,,MUST_HOLD,PASS,OK,class 15 assigned twice in R9
R9_no_double_assignment,structure,,MUST_HOLD,PASS,OK,class 16 assigned twice in R9
R9_no_double_assignment,structure,,MUST_HOLD,PASS,OK,class 17 assigned twice in R9
R9_no_double_assignment,structure,,MUST_HOLD,PASS,OK,class 18 assigned twice in R9
R9_no_double_assignment,structure,,MUST_HOLD,PASS,OK,class 32 assigned twice in R9
R9_no_double_assignment,structure,,MUST_HOLD,PASS,OK,class 33 assigned twice in R9
R9_no_double_assignment,structure,,MUST_HOLD,PASS,OK,class 34 assigned twice in R9
R9_no_double_assignment,structure,,MUST_HOLD,PASS,OK,class 48 assigned twice in R9
R9_no_double_assignment,structure,,MUST_HOLD,PASS,OK,class 49 assigned twice in R9
R9_no_double_assignment,structure,,MUST_HOLD,PASS,OK,class 63 assigned twice in R9
R9_no_double_assignment,structure,,MUST_HOLD,PASS,OK,class 115 assigned twice in R9
R9_no_double_assignment,structure,,MUST_HOLD,PASS,OK,class 116 assigned twice in R9
R9_no_double_assignment,structure,,MUST_HOLD,PASS,OK,class 117 assigned twice in R9
R9_no_double_assignment,structure,,MUST_HOLD,PASS,OK,class 118 assigned twice in R9
R9_no_double_assignment,structure,,MUST_HOLD,PASS,OK,class 119 assigned twice in R9
R9_no_double_assignment,structure,,MUST_HOLD,PASS,OK,class 120 assigned twice in R9
R9_no_double_assignment,structure,,MUST_HOLD,PASS,OK,class 121 assigned twice in R9
R9_no_double_assignment,structure,,MUST_HOLD,PASS,OK,class 122 assigned twice in R9
R9_no_double_assignment,structure,,MUST_HOLD,PASS,OK,class 123 assigned twice in R9
R9_no_double_assignment,structure,,MUST_HOLD,PASS,OK,class 124 assigned twice in R9
R9_no_double_assignment,structure,,MUST_HOLD,PASS,OK,class 125 assigned twice in R9
R9_no_double_assignment,structure,,MUST_HOLD,PASS,OK,class 126 assigned twice in R9
R9_no_double_assignment,structure,,MUST_HOLD,PASS,OK,class 19 assigned twice in R9
R9_no_double_assignment,structure,,MUST_HOLD,PASS,OK,class 35 assigned twice in R9
R9_no_double_assignment,structure,,MUST_HOLD,PASS,OK,class 50 assigned twice in R9
R9_no_double_assignment,structure,,MUST_HOLD,PASS,OK,class 64 assigned twice in R9
R9_no_double_assignment,structure,,MUST_HOLD,PASS,OK,class 77 assigned twice in R9
R9_no_double_assignment,structure,,MUST_HOLD,PASS,OK,class 20 assigned twice in R9
R9_no_double_assignment,structure,,MUST_HOLD,PASS,OK,class 21 assigned twice in R9
R9_no_double_assignment,structure,,MUST_HOLD,PASS,OK,class 36 assigned twice in R9
R9_no_double_assignment,structure,,MUST_HOLD,PASS,OK,class 37 assigned twice in R9
R9_no_double_assignment,structure,,MUST_HOLD,PASS,OK,class 51 assigned twice in R9
R9_no_double_assignment,structure,,MUST_HOLD,PASS,OK,class 52 assigned twice in R9
R9_no_double_assignment,structure,,MUST_HOLD,PASS,OK,class 65 assigned twice in R9
R9_no_double_assignment,structure,,MUST_HOLD,PASS,OK,class 66 assigned twice in R9
R9_no_double_assignment,structure,,MUST_HOLD,PASS,OK,class 22 assigned twice in R9
R9_no_double_assignment,structure,,MUST_HOLD,PASS,OK,class 23 assigned twice in R9
R9_no_double_assignment,structure,,MUST_HOLD,PASS,OK,class 38 assigned twice in R9
R9_no_double_assignment,structure,,MUST_HOLD,PASS,OK,class 39 assigned twice in R9
R9_no_double_assignment,structure,,MUST_HOLD,PASS,OK,class 53 assigned twice in R9
R9_no_double_assignment,structure,,MUST_HOLD,PASS,OK,class 54 assigned twice in R9
R9_no_double_assignment,structure,,MUST_HOLD,PASS,OK,class 67 assigned twice in R9
R9_no_double_assignment,structure,,MUST_HOLD,PASS,OK,class 68 assigned twice in R9
R9_no_double_assignment,structure,,MUST_HOLD,PASS,OK,class 24 assigned twice in R9
R9_no_double_assignment,structure,,MUST_HOLD,PASS,OK,class 40 assigned twice in R9
R9_no_double_assignment,structure,,MUST_HOLD,PASS,OK,class 55 assigned twice in R9
R9_no_double_assignment,structure,,MUST_HOLD,PASS,OK,class 69 assigned twice in R9
R9_no_double_assignment,structure,,MUST_HOLD,PASS,OK,class 78 assigned twice in R9
R9_no_double_assignment,structure,,MUST_HOLD,PASS,OK,class 79 assigned twice in R9
R9_no_double_assignment,structure,,MUST_HOLD,PASS,OK,class 80 assigned twice in R9
R9_no_double_assignment,structure,,MUST_HOLD,PASS,OK,class 81 assigned twice in R9
R9_no_double_assignment,structure,,MUST_HOLD,PASS,OK,class 82 assigned twice in R9
R9_no_double_assignment,structure,,MUST_HOLD,PASS,OK,class 25 assigned twice in R9
R9_no_double_assignment,structure,,MUST_HOLD,PASS,OK,class 26 assigned twice in R9
R9_no_double_assignment,structure,,MUST_HOLD,PASS,OK,class 27 assigned twice in R9
R9_no_double_assignment,structure,,MUST_HOLD,PASS,OK,class 28 assigned twice in R9
R9_no_double_assignment,structure,,MUST_HOLD,PASS,OK,class 41 assigned twice in R9
R9_no_double_assignment,structure,,MUST_HOLD,PASS,OK,class 42 assigned twice in R9
R9_no_double_assignment,structure,,MUST_HOLD,PASS,OK,class 43 assigned twice in R9
R9_no_double_assignment,structure,,MUST_HOLD,PASS,OK,class 44 assigned twice in R9
R9_no_double_assignment,structure,,MUST_HOLD,PASS,OK,class 56 assigned twice in R9
R9_no_double_assignment,structure,,MUST_HOLD,PASS,OK,class 57 assigned twice in R9
R9_no_double_assignment,structure,,MUST_HOLD,PASS,OK,class 58 assigned twice in R9
R9_no_double_assignment,structure,,MUST_HOLD,PASS,OK,class 59 assigned twice in R9
R9_no_double_assignment,structure,,MUST_HOLD,PASS,OK,class 70 assigned twice in R9
R9_no_double_assignment,structure,,MUST_HOLD,PASS,OK,class 71 assigned twice in R9
R9_no_double_assignment,structure,,MUST_HOLD,PASS,OK,class 72 assigned twice in R9
R9_no_double_assignment,structure,,MUST_HOLD,PASS,OK,class 73 assigned twice in R9
R9_no_double_assignment,structure,,MUST_HOLD,PASS,OK,class 127 assigned twice in R9
R9_no_double_assignment,structure,,MUST_HOLD,PASS,OK,class 128 assigned twice in R9
R9_no_double_assignment,structure,,MUST_HOLD,PASS,OK,class 129 assigned twice in R9
R9_no_double_assignment,structure,,MUST_HOLD,PASS,OK,class 130 assigned twice in R9
R9_no_double_assignment,structure,,MUST_HOLD,PASS,OK,class 29 assigned twice in R9
R9_no_double_assignment,structure,,MUST_HOLD,PASS,OK,class 45 assigned twice in R9
R9_no_double_assignment,structure,,MUST_HOLD,PASS,OK,class 60 assigned twice in R9
R9_no_double_assignment,structure,,MUST_HOLD,PASS,OK,class 74 assigned twice in R9
R9_no_double_assignment,structure,,MUST_HOLD,PASS,OK,class 83 assigned twice in R9
R9_no_double_assignment,structure,,MUST_HOLD,PASS,OK,class 84 assigned twice in R9
R9_no_double_assignment,structure,,MUST_HOLD,PASS,OK,class 85 assigned twice in R9
R9_no_double_assignment,structure,,MUST_HOLD,PASS,OK,class 86 assigned twice in R9
R9_no_double_assignment,structure,,MUST_HOLD,PASS,OK,class 87 assigned twice in R9
R9_no_double_assignment,structure,,MUST_HOLD,PASS,OK,class 30 assigned twice in R9
R9_no_double_assignment,structure,,MUST_HOLD,PASS,OK,class 31 assigned twice in R9
R9_no_double_assignment,structure,,MUST_HOLD,PASS,OK,class 46 assigned twice in R9
R9_no_double_assignment,structure,,MUST_HOLD,PASS,OK,class 47 assigned twice in R9
R9_no_double_assignment,structure,,MUST_HOLD,PASS,OK,class 61 assigned twice in R9
R9_no_double_assignment,structure,,MUST_HOLD,PASS,OK,class 62 assigned twice in R9
R9_no_double_assignment,structure,,MUST_HOLD,PASS,OK,class 75 assigned twice in R9
R9_no_double_assignment,structure,,MUST_HOLD,PASS,OK,class 76 assigned twice in R9
R9_no_double_assignment,structure,,MUST_HOLD,PASS,OK,class 90 assigned twice in R9
R9_no_double_assignment,structure,,MUST_HOLD,PASS,OK,class 91 assigned twice in R9
R9_no_double_assignment,structure,,MUST_HOLD,PASS,OK,class 92 assigned twice in R9
R9_no_double_assignment,structure,,MUST_HOLD,PASS,OK,class 93 assigned twice in R9
R9_no_double_assignment,structure,,MUST_HOLD,PASS,OK,class 95 assigned twice in R9
R9_no_double_assignment,structure,,MUST_HOLD,PASS,OK,class 96 assigned twice in R9
R9_no_double_assignment,structure,,MUST_HOLD,PASS,OK,class 97 assigned twice in R9
R9_no_double_assignment,structure,,MUST_HOLD,PASS,OK,class 98 assigned twice in R9
R9_no_double_assignment,structure,,MUST_HOLD,PASS,OK,class 88 assigned twice in R9
R9_no_double_assignment,structure,,MUST_HOLD,PASS,OK,class 89 assigned twice in R9
R9_no_double_assignment,structure,,MUST_HOLD,PASS,OK,class 94 assigned twice in R9
R9_no_double_assignment,structure,,MUST_HOLD,PASS,OK,class 99 assigned twice in R9
R9_no_double_assignment,structure,,MUST_HOLD,PASS,OK,class 100 assigned twice in R9
R9_no_double_assignment,structure,,MUST_HOLD,PASS,OK,class 101 assigned twice in R9
R9_no_double_assignment,structure,,MUST_HOLD,PASS,OK,class 102 assigned twice in R9
R9_no_double_assignment,structure,,MUST_HOLD,PASS,OK,class 103 assigned twice in R9
R9_no_double_assignment,structure,,MUST_HOLD,PASS,OK,class 105 assigned twice in R9
R9_no_double_assignment,structure,,MUST_HOLD,PASS,OK,class 106 assigned twice in R9
R9_no_double_assignment,structure,,MUST_HOLD,PASS,OK,class 107 assigned twice in R9
R9_no_double_assignment,structure,,MUST_HOLD,PASS,OK,class 108 assigned twice in R9
R9_no_double_assignment,structure,,MUST_HOLD,PASS,OK,class 110 assigned twice in R9
R9_no_double_assignment,structure,,MUST_HOLD,PASS,OK,class 111 assigned twice in R9
R9_no_double_assignment,structure,,MUST_HOLD,PASS,OK,class 112 assigned twice in R9
R9_no_double_assignment,structure,,MUST_HOLD,PASS,OK,class 113 assigned twice in R9
R9_no_double_assignment,structure,,MUST_HOLD,PASS,OK,class 104 assigned twice in R9
R9_no_double_assignment,structure,,MUST_HOLD,PASS,OK,class 109 assigned twice in R9
R9_no_double_assignment,structure,,MUST_HOLD,PASS,OK,class 114 assigned twice in R9
R9_no_double_assignment,structure,,MUST_HOLD,PASS,OK,class 131 assigned twice in R9
R9_no_double_assignment,structure,,MUST_HOLD,PASS,OK,class 132 assigned twice in R9
R9_no_double_assignment,structure,,MUST_HOLD,PASS,OK,class 133 assigned twice in R9
R9_no_double_assignment,structure,,MUST_HOLD,PASS,OK,class 134 assigned twice in R9
R9_no_double_assignment,structure,,MUST_HOLD,PASS,OK,class 135 assigned twice in R9
R9_no_double_assignment,structure,,MUST_HOLD,PASS,OK,class 136 assigned twice in R9
R9_no_double_assignment,structure,,MUST_HOLD,PASS,OK,class 137 assigned twice in R9
R9_no_double_assignment,structure,,MUST_HOLD,PASS,OK,class 138 assigned twice in R9
R9_no_double_assignment,structure,,MUST_HOLD,PASS,OK,class 139 assigned twice in R9
R9_no_double_assignment,structure,,MUST_HOLD,PASS,OK,class 140 assigned twice in R9
R9_no_double_assignment,structure,,MUST_HOLD,PASS,OK,class 141 assigned twice in R9
R9_no_double_assignment,structure,,MUST_HOLD,PASS,OK,class 142 assigned twice in R9
R9_no_double_assignment,structure,,MUST_HOLD,PASS,OK,class 143 assigned twice in R9
R9_no_double_assignment,structure,,MUST_HOLD,PASS,OK,class 144 assigned twice in R9
R9_no_double_assignment,structure,,MUST_HOLD,PASS,OK,class 145 assigned twice in R9
R9_no_double_assignment,structure,,MUST_HOLD,PASS,OK,class 146 assigned twice in R9
R9_no_double_assignment,structure,,MUST_HOLD,PASS,OK,class 147 assigned twice in R9
R9_no_double_assignment,structure,,MUST_HOLD,PASS,OK,class 148 assigned twice in R9
R9_no_double_assignment,structure,,MUST_HOLD,PASS,OK,class 149 assigned twice in R9
R9_no_double_assignment,structure,,MUST_HOLD,PASS,OK,class 150 assigned twice in R9
R9_no_double_assignment,structure,,MUST_HOLD,PASS,OK,class 151 assigned twice in R9
R9_no_double_assignment,structure,,MUST_HOLD,PASS,OK,class 152 assigned twice in R9
R9_no_double_assignment,structure,,MUST_HOLD,PASS,OK,class 153 assigned twice in R9
R9_no_double_assignment,structure,,MUST_HOLD,PASS,OK,class 154 assigned twice in R9
R9_no_double_assignment,structure,,MUST_HOLD,PASS,OK,class 155 assigned twice in R9
R9_no_double_assignment,structure,,MUST_HOLD,PASS,OK,class 156 assigned twice in R9
R9_no_double_assignment,structure,,MUST_HOLD,PASS,OK,class 157 assigned twice in R9
R9_no_double_assignment,structure,,MUST_HOLD,PASS,OK,class 158 assigned twice in R9
R9_no_double_assignment,structure,,MUST_HOLD,PASS,OK,class 159 assigned twice in R9
R9_no_double_assignment,structure,,MUST_HOLD,PASS,OK,class 160 assigned twice in R9
R9_covers_universe,structure,,MUST_HOLD,PASS,OK,"R9 covers exactly 161 indices (missing [], extra [])"
R9_two_prong_sizes_3_3_4_5,plan-continuity,,MUST_HOLD,PASS,OK,"R=9 two-prong group sizes = [3, 3, 4, 5] (PLAN.md line 105 requires 3, 3, 4, 5)"
R9_34prong_sizes_27_25_29_35_30,plan-continuity,,MUST_HOLD,PASS,OK,"R=9 3/4-prong group sizes = [27, 25, 29, 35, 30] (PLAN.md line 105 requires 27, 25, 29, 35, 30)"
R45_drop_count_is_one,decision,,MUST_HOLD,PASS,OK,"15 optional b-splits available in the 3/4-prong block, 14 can be taken to reach exactly 45 groups, so exactly 1 must be dropped"
R45_drop_criterion_unique,decision,,MUST_HOLD,PASS,OK,the minimum-b-subset-stream-share criterion has a unique minimum: label_X_YY_Qtauhtaul at 0.0260% vs next label_X_YY_Qtauhtauh at 0.0346%
R45_no_double_assignment,structure,,MUST_HOLD,PASS,OK,class 0 assigned twice in R45
R45_no_double_assignment,structure,,MUST_HOLD,PASS,OK,class 4 assigned twice in R45
R45_no_double_assignment,structure,,MUST_HOLD,PASS,OK,class 6 assigned twice in R45
R45_no_double_assignment,structure,,MUST_HOLD,PASS,OK,class 1 assigned twice in R45
R45_no_double_assignment,structure,,MUST_HOLD,PASS,OK,class 5 assigned twice in R45
R45_no_double_assignment,structure,,MUST_HOLD,PASS,OK,class 7 assigned twice in R45
R45_no_double_assignment,structure,,MUST_HOLD,PASS,OK,class 2 assigned twice in R45
R45_no_double_assignment,structure,,MUST_HOLD,PASS,OK,class 3 assigned twice in R45
R45_no_double_assignment,structure,,MUST_HOLD,PASS,OK,class 8 assigned twice in R45
R45_no_double_assignment,structure,,MUST_HOLD,PASS,OK,class 9 assigned twice in R45
R45_no_double_assignment,structure,,MUST_HOLD,PASS,OK,class 10 assigned twice in R45
R45_no_double_assignment,structure,,MUST_HOLD,PASS,OK,class 11 assigned twice in R45
R45_no_double_assignment,structure,,MUST_HOLD,PASS,OK,class 12 assigned twice in R45
R45_no_double_assignment,structure,,MUST_HOLD,PASS,OK,class 13 assigned twice in R45
R45_no_double_assignment,structure,,MUST_HOLD,PASS,OK,class 14 assigned twice in R45
R45_no_double_assignment,structure,,MUST_HOLD,PASS,OK,class 15 assigned twice in R45
R45_no_double_assignment,structure,,MUST_HOLD,PASS,OK,class 16 assigned twice in R45
R45_no_double_assignment,structure,,MUST_HOLD,PASS,OK,class 17 assigned twice in R45
R45_no_double_assignment,structure,,MUST_HOLD,PASS,OK,class 18 assigned twice in R45
R45_no_double_assignment,structure,,MUST_HOLD,PASS,OK,class 115 assigned twice in R45
R45_no_double_assignment,structure,,MUST_HOLD,PASS,OK,class 118 assigned twice in R45
R45_no_double_assignment,structure,,MUST_HOLD,PASS,OK,class 119 assigned twice in R45
R45_no_double_assignment,structure,,MUST_HOLD,PASS,OK,class 120 assigned twice in R45
R45_no_double_assignment,structure,,MUST_HOLD,PASS,OK,class 123 assigned twice in R45
R45_no_double_assignment,structure,,MUST_HOLD,PASS,OK,class 124 assigned twice in R45
R45_no_double_assignment,structure,,MUST_HOLD,PASS,OK,class 126 assigned twice in R45
R45_no_double_assignment,structure,,MUST_HOLD,PASS,OK,class 32 assigned twice in R45
R45_no_double_assignment,structure,,MUST_HOLD,PASS,OK,class 33 assigned twice in R45
R45_no_double_assignment,structure,,MUST_HOLD,PASS,OK,class 34 assigned twice in R45
R45_no_double_assignment,structure,,MUST_HOLD,PASS,OK,class 48 assigned twice in R45
R45_no_double_assignment,structure,,MUST_HOLD,PASS,OK,class 49 assigned twice in R45
R45_no_double_assignment,structure,,MUST_HOLD,PASS,OK,class 63 assigned twice in R45
R45_no_double_assignment,structure,,MUST_HOLD,PASS,OK,class 116 assigned twice in R45
R45_no_double_assignment,structure,,MUST_HOLD,PASS,OK,class 117 assigned twice in R45
R45_no_double_assignment,structure,,MUST_HOLD,PASS,OK,class 121 assigned twice in R45
R45_no_double_assignment,structure,,MUST_HOLD,PASS,OK,class 122 assigned twice in R45
R45_no_double_assignment,structure,,MUST_HOLD,PASS,OK,class 125 assigned twice in R45
R45_no_double_assignment,structure,,MUST_HOLD,PASS,OK,class 19 assigned twice in R45
R45_no_double_assignment,structure,,MUST_HOLD,PASS,OK,class 35 assigned twice in R45
R45_no_double_assignment,structure,,MUST_HOLD,PASS,OK,class 50 assigned twice in R45
R45_no_double_assignment,structure,,MUST_HOLD,PASS,OK,class 64 assigned twice in R45
R45_no_double_assignment,structure,,MUST_HOLD,PASS,OK,class 77 assigned twice in R45
R45_no_double_assignment,structure,,MUST_HOLD,PASS,OK,class 25 assigned twice in R45
R45_no_double_assignment,structure,,MUST_HOLD,PASS,OK,class 26 assigned twice in R45
R45_no_double_assignment,structure,,MUST_HOLD,PASS,OK,class 27 assigned twice in R45
R45_no_double_assignment,structure,,MUST_HOLD,PASS,OK,class 28 assigned twice in R45
R45_no_double_assignment,structure,,MUST_HOLD,PASS,OK,class 41 assigned twice in R45
R45_no_double_assignment,structure,,MUST_HOLD,PASS,OK,class 56 assigned twice in R45
R45_no_double_assignment,structure,,MUST_HOLD,PASS,OK,class 70 assigned twice in R45
R45_no_double_assignment,structure,,MUST_HOLD,PASS,OK,class 127 assigned twice in R45
R45_no_double_assignment,structure,,MUST_HOLD,PASS,OK,class 128 assigned twice in R45
R45_no_double_assignment,structure,,MUST_HOLD,PASS,OK,class 129 assigned twice in R45
R45_no_double_assignment,structure,,MUST_HOLD,PASS,OK,class 42 assigned twice in R45
R45_no_double_assignment,structure,,MUST_HOLD,PASS,OK,class 43 assigned twice in R45
R45_no_double_assignment,structure,,MUST_HOLD,PASS,OK,class 44 assigned twice in R45
R45_no_double_assignment,structure,,MUST_HOLD,PASS,OK,class 57 assigned twice in R45
R45_no_double_assignment,structure,,MUST_HOLD,PASS,OK,class 58 assigned twice in R45
R45_no_double_assignment,structure,,MUST_HOLD,PASS,OK,class 59 assigned twice in R45
R45_no_double_assignment,structure,,MUST_HOLD,PASS,OK,class 71 assigned twice in R45
R45_no_double_assignment,structure,,MUST_HOLD,PASS,OK,class 72 assigned twice in R45
R45_no_double_assignment,structure,,MUST_HOLD,PASS,OK,class 73 assigned twice in R45
R45_no_double_assignment,structure,,MUST_HOLD,PASS,OK,class 130 assigned twice in R45
R45_no_double_assignment,structure,,MUST_HOLD,PASS,OK,class 29 assigned twice in R45
R45_no_double_assignment,structure,,MUST_HOLD,PASS,OK,class 45 assigned twice in R45
R45_no_double_assignment,structure,,MUST_HOLD,PASS,OK,class 60 assigned twice in R45
R45_no_double_assignment,structure,,MUST_HOLD,PASS,OK,class 74 assigned twice in R45
R45_no_double_assignment,structure,,MUST_HOLD,PASS,OK,class 83 assigned twice in R45
R45_no_double_assignment,structure,,MUST_HOLD,PASS,OK,class 84 assigned twice in R45
R45_no_double_assignment,structure,,MUST_HOLD,PASS,OK,class 85 assigned twice in R45
R45_no_double_assignment,structure,,MUST_HOLD,PASS,OK,class 86 assigned twice in R45
R45_no_double_assignment,structure,,MUST_HOLD,PASS,OK,class 87 assigned twice in R45
R45_no_double_assignment,structure,,MUST_HOLD,PASS,OK,class 20 assigned twice in R45
R45_no_double_assignment,structure,,MUST_HOLD,PASS,OK,class 21 assigned twice in R45
R45_no_double_assignment,structure,,MUST_HOLD,PASS,OK,class 36 assigned twice in R45
R45_no_double_assignment,structure,,MUST_HOLD,PASS,OK,class 37 assigned twice in R45
R45_no_double_assignment,structure,,MUST_HOLD,PASS,OK,class 51 assigned twice in R45
R45_no_double_assignment,structure,,MUST_HOLD,PASS,OK,class 52 assigned twice in R45
R45_no_double_assignment,structure,,MUST_HOLD,PASS,OK,class 65 assigned twice in R45
R45_no_double_assignment,structure,,MUST_HOLD,PASS,OK,class 66 assigned twice in R45
R45_no_double_assignment,structure,,MUST_HOLD,PASS,OK,class 30 assigned twice in R45
R45_no_double_assignment,structure,,MUST_HOLD,PASS,OK,class 31 assigned twice in R45
R45_no_double_assignment,structure,,MUST_HOLD,PASS,OK,class 46 assigned twice in R45
R45_no_double_assignment,structure,,MUST_HOLD,PASS,OK,class 47 assigned twice in R45
R45_no_double_assignment,structure,,MUST_HOLD,PASS,OK,class 61 assigned twice in R45
R45_no_double_assignment,structure,,MUST_HOLD,PASS,OK,class 62 assigned twice in R45
R45_no_double_assignment,structure,,MUST_HOLD,PASS,OK,class 75 assigned twice in R45
R45_no_double_assignment,structure,,MUST_HOLD,PASS,OK,class 76 assigned twice in R45
R45_no_double_assignment,structure,,MUST_HOLD,PASS,OK,class 90 assigned twice in R45
R45_no_double_assignment,structure,,MUST_HOLD,PASS,OK,class 95 assigned twice in R45
R45_no_double_assignment,structure,,MUST_HOLD,PASS,OK,class 91 assigned twice in R45
R45_no_double_assignment,structure,,MUST_HOLD,PASS,OK,class 92 assigned twice in R45
R45_no_double_assignment,structure,,MUST_HOLD,PASS,OK,class 93 assigned twice in R45
R45_no_double_assignment,structure,,MUST_HOLD,PASS,OK,class 96 assigned twice in R45
R45_no_double_assignment,structure,,MUST_HOLD,PASS,OK,class 97 assigned twice in R45
R45_no_double_assignment,structure,,MUST_HOLD,PASS,OK,class 98 assigned twice in R45
R45_no_double_assignment,structure,,MUST_HOLD,PASS,OK,class 22 assigned twice in R45
R45_no_double_assignment,structure,,MUST_HOLD,PASS,OK,class 23 assigned twice in R45
R45_no_double_assignment,structure,,MUST_HOLD,PASS,OK,class 38 assigned twice in R45
R45_no_double_assignment,structure,,MUST_HOLD,PASS,OK,class 39 assigned twice in R45
R45_no_double_assignment,structure,,MUST_HOLD,PASS,OK,class 53 assigned twice in R45
R45_no_double_assignment,structure,,MUST_HOLD,PASS,OK,class 54 assigned twice in R45
R45_no_double_assignment,structure,,MUST_HOLD,PASS,OK,class 67 assigned twice in R45
R45_no_double_assignment,structure,,MUST_HOLD,PASS,OK,class 68 assigned twice in R45
R45_no_double_assignment,structure,,MUST_HOLD,PASS,OK,class 24 assigned twice in R45
R45_no_double_assignment,structure,,MUST_HOLD,PASS,OK,class 40 assigned twice in R45
R45_no_double_assignment,structure,,MUST_HOLD,PASS,OK,class 55 assigned twice in R45
R45_no_double_assignment,structure,,MUST_HOLD,PASS,OK,class 69 assigned twice in R45
R45_no_double_assignment,structure,,MUST_HOLD,PASS,OK,class 100 assigned twice in R45
R45_no_double_assignment,structure,,MUST_HOLD,PASS,OK,class 101 assigned twice in R45
R45_no_double_assignment,structure,,MUST_HOLD,PASS,OK,class 102 assigned twice in R45
R45_no_double_assignment,structure,,MUST_HOLD,PASS,OK,class 103 assigned twice in R45
R45_no_double_assignment,structure,,MUST_HOLD,PASS,OK,class 105 assigned twice in R45
R45_no_double_assignment,structure,,MUST_HOLD,PASS,OK,class 106 assigned twice in R45
R45_no_double_assignment,structure,,MUST_HOLD,PASS,OK,class 107 assigned twice in R45
R45_no_double_assignment,structure,,MUST_HOLD,PASS,OK,class 108 assigned twice in R45
R45_no_double_assignment,structure,,MUST_HOLD,PASS,OK,class 110 assigned twice in R45
R45_no_double_assignment,structure,,MUST_HOLD,PASS,OK,class 111 assigned twice in R45
R45_no_double_assignment,structure,,MUST_HOLD,PASS,OK,class 112 assigned twice in R45
R45_no_double_assignment,structure,,MUST_HOLD,PASS,OK,class 113 assigned twice in R45
R45_no_double_assignment,structure,,MUST_HOLD,PASS,OK,class 78 assigned twice in R45
R45_no_double_assignment,structure,,MUST_HOLD,PASS,OK,class 79 assigned twice in R45
R45_no_double_assignment,structure,,MUST_HOLD,PASS,OK,class 88 assigned twice in R45
R45_no_double_assignment,structure,,MUST_HOLD,PASS,OK,class 89 assigned twice in R45
R45_no_double_assignment,structure,,MUST_HOLD,PASS,OK,class 94 assigned twice in R45
R45_no_double_assignment,structure,,MUST_HOLD,PASS,OK,class 99 assigned twice in R45
R45_no_double_assignment,structure,,MUST_HOLD,PASS,OK,class 80 assigned twice in R45
R45_no_double_assignment,structure,,MUST_HOLD,PASS,OK,class 81 assigned twice in R45
R45_no_double_assignment,structure,,MUST_HOLD,PASS,OK,class 82 assigned twice in R45
R45_no_double_assignment,structure,,MUST_HOLD,PASS,OK,class 104 assigned twice in R45
R45_no_double_assignment,structure,,MUST_HOLD,PASS,OK,class 109 assigned twice in R45
R45_no_double_assignment,structure,,MUST_HOLD,PASS,OK,class 114 assigned twice in R45
R45_no_double_assignment,structure,,MUST_HOLD,PASS,OK,class 131 assigned twice in R45
R45_no_double_assignment,structure,,MUST_HOLD,PASS,OK,class 133 assigned twice in R45
R45_no_double_assignment,structure,,MUST_HOLD,PASS,OK,class 137 assigned twice in R45
R45_no_double_assignment,structure,,MUST_HOLD,PASS,OK,class 139 assigned twice in R45
R45_no_double_assignment,structure,,MUST_HOLD,PASS,OK,class 132 assigned twice in R45
R45_no_double_assignment,structure,,MUST_HOLD,PASS,OK,class 134 assigned twice in R45
R45_no_double_assignment,structure,,MUST_HOLD,PASS,OK,class 135 assigned twice in R45
R45_no_double_assignment,structure,,MUST_HOLD,PASS,OK,class 136 assigned twice in R45
R45_no_double_assignment,structure,,MUST_HOLD,PASS,OK,class 138 assigned twice in R45
R45_no_double_assignment,structure,,MUST_HOLD,PASS,OK,class 140 assigned twice in R45
R45_no_double_assignment,structure,,MUST_HOLD,PASS,OK,class 141 assigned twice in R45
R45_no_double_assignment,structure,,MUST_HOLD,PASS,OK,class 142 assigned twice in R45
R45_no_double_assignment,structure,,MUST_HOLD,PASS,OK,class 143 assigned twice in R45
R45_no_double_assignment,structure,,MUST_HOLD,PASS,OK,class 145 assigned twice in R45
R45_no_double_assignment,structure,,MUST_HOLD,PASS,OK,class 149 assigned twice in R45
R45_no_double_assignment,structure,,MUST_HOLD,PASS,OK,class 151 assigned twice in R45
R45_no_double_assignment,structure,,MUST_HOLD,PASS,OK,class 144 assigned twice in R45
R45_no_double_assignment,structure,,MUST_HOLD,PASS,OK,class 146 assigned twice in R45
R45_no_double_assignment,structure,,MUST_HOLD,PASS,OK,class 147 assigned twice in R45
R45_no_double_assignment,structure,,MUST_HOLD,PASS,OK,class 148 assigned twice in R45
R45_no_double_assignment,structure,,MUST_HOLD,PASS,OK,class 150 assigned twice in R45
R45_no_double_assignment,structure,,MUST_HOLD,PASS,OK,class 152 assigned twice in R45
R45_no_double_assignment,structure,,MUST_HOLD,PASS,OK,class 153 assigned twice in R45
R45_no_double_assignment,structure,,MUST_HOLD,PASS,OK,class 154 assigned twice in R45
R45_no_double_assignment,structure,,MUST_HOLD,PASS,OK,class 155 assigned twice in R45
R45_no_double_assignment,structure,,MUST_HOLD,PASS,OK,class 157 assigned twice in R45
R45_no_double_assignment,structure,,MUST_HOLD,PASS,OK,class 156 assigned twice in R45
R45_no_double_assignment,structure,,MUST_HOLD,PASS,OK,class 158 assigned twice in R45
R45_no_double_assignment,structure,,MUST_HOLD,PASS,OK,class 159 assigned twice in R45
R45_no_double_assignment,structure,,MUST_HOLD,PASS,OK,class 160 assigned twice in R45
R45_covers_universe,structure,,MUST_HOLD,PASS,OK,"R45 covers exactly 161 indices (missing [], extra [])"
R45_group_count_45,decision,,MUST_HOLD,PASS,OK,R=45 has 45 groups
Q27_no_double_assignment,structure,,MUST_HOLD,PASS,OK,class 161 assigned twice in Q27
Q27_no_double_assignment,structure,,MUST_HOLD,PASS,OK,class 162 assigned twice in Q27
Q27_no_double_assignment,structure,,MUST_HOLD,PASS,OK,class 163 assigned twice in Q27
Q27_no_double_assignment,structure,,MUST_HOLD,PASS,OK,class 164 assigned twice in Q27
Q27_no_double_assignment,structure,,MUST_HOLD,PASS,OK,class 165 assigned twice in Q27
Q27_no_double_assignment,structure,,MUST_HOLD,PASS,OK,class 166 assigned twice in Q27
Q27_no_double_assignment,structure,,MUST_HOLD,PASS,OK,class 167 assigned twice in Q27
Q27_no_double_assignment,structure,,MUST_HOLD,PASS,OK,class 168 assigned twice in Q27
Q27_no_double_assignment,structure,,MUST_HOLD,PASS,OK,class 169 assigned twice in Q27
Q27_no_double_assignment,structure,,MUST_HOLD,PASS,OK,class 170 assigned twice in Q27
Q27_no_double_assignment,structure,,MUST_HOLD,PASS,OK,class 171 assigned twice in Q27
Q27_no_double_assignment,structure,,MUST_HOLD,PASS,OK,class 172 assigned twice in Q27
Q27_no_double_assignment,structure,,MUST_HOLD,PASS,OK,class 173 assigned twice in Q27
Q27_no_double_assignment,structure,,MUST_HOLD,PASS,OK,class 174 assigned twice in Q27
Q27_no_double_assignment,structure,,MUST_HOLD,PASS,OK,class 175 assigned twice in Q27
Q27_no_double_assignment,structure,,MUST_HOLD,PASS,OK,class 176 assigned twice in Q27
Q27_no_double_assignment,structure,,MUST_HOLD,PASS,OK,class 177 assigned twice in Q27
Q27_no_double_assignment,structure,,MUST_HOLD,PASS,OK,class 178 assigned twice in Q27
Q27_no_double_assignment,structure,,MUST_HOLD,PASS,OK,class 179 assigned twice in Q27
Q27_no_double_assignment,structure,,MUST_HOLD,PASS,OK,class 180 assigned twice in Q27
Q27_no_double_assignment,structure,,MUST_HOLD,PASS,OK,class 181 assigned twice in Q27
Q27_no_double_assignment,structure,,MUST_HOLD,PASS,OK,class 182 assigned twice in Q27
Q27_no_double_assignment,structure,,MUST_HOLD,PASS,OK,class 183 assigned twice in Q27
Q27_no_double_assignment,structure,,MUST_HOLD,PASS,OK,class 184 assigned twice in Q27
Q27_no_double_assignment,structure,,MUST_HOLD,PASS,OK,class 185 assigned twice in Q27
Q27_no_double_assignment,structure,,MUST_HOLD,PASS,OK,class 186 assigned twice in Q27
Q27_no_double_assignment,structure,,MUST_HOLD,PASS,OK,class 187 assigned twice in Q27
Q27_covers_universe,structure,,MUST_HOLD,PASS,OK,"Q27 covers exactly 27 indices (missing [], extra [])"
Q1_no_double_assignment,structure,,MUST_HOLD,PASS,OK,class 161 assigned twice in Q1
Q1_no_double_assignment,structure,,MUST_HOLD,PASS,OK,class 162 assigned twice in Q1
Q1_no_double_assignment,structure,,MUST_HOLD,PASS,OK,class 163 assigned twice in Q1
Q1_no_double_assignment,structure,,MUST_HOLD,PASS,OK,class 164 assigned twice in Q1
Q1_no_double_assignment,structure,,MUST_HOLD,PASS,OK,class 165 assigned twice in Q1
Q1_no_double_assignment,structure,,MUST_HOLD,PASS,OK,class 166 assigned twice in Q1
Q1_no_double_assignment,structure,,MUST_HOLD,PASS,OK,class 167 assigned twice in Q1
Q1_no_double_assignment,structure,,MUST_HOLD,PASS,OK,class 168 assigned twice in Q1
Q1_no_double_assignment,structure,,MUST_HOLD,PASS,OK,class 169 assigned twice in Q1
Q1_no_double_assignment,structure,,MUST_HOLD,PASS,OK,class 170 assigned twice in Q1
Q1_no_double_assignment,structure,,MUST_HOLD,PASS,OK,class 171 assigned twice in Q1
Q1_no_double_assignment,structure,,MUST_HOLD,PASS,OK,class 172 assigned twice in Q1
Q1_no_double_assignment,structure,,MUST_HOLD,PASS,OK,class 173 assigned twice in Q1
Q1_no_double_assignment,structure,,MUST_HOLD,PASS,OK,class 174 assigned twice in Q1
Q1_no_double_assignment,structure,,MUST_HOLD,PASS,OK,class 175 assigned twice in Q1
Q1_no_double_assignment,structure,,MUST_HOLD,PASS,OK,class 176 assigned twice in Q1
Q1_no_double_assignment,structure,,MUST_HOLD,PASS,OK,class 177 assigned twice in Q1
Q1_no_double_assignment,structure,,MUST_HOLD,PASS,OK,class 178 assigned twice in Q1
Q1_no_double_assignment,structure,,MUST_HOLD,PASS,OK,class 179 assigned twice in Q1
Q1_no_double_assignment,structure,,MUST_HOLD,PASS,OK,class 180 assigned twice in Q1
Q1_no_double_assignment,structure,,MUST_HOLD,PASS,OK,class 181 assigned twice in Q1
Q1_no_double_assignment,structure,,MUST_HOLD,PASS,OK,class 182 assigned twice in Q1
Q1_no_double_assignment,structure,,MUST_HOLD,PASS,OK,class 183 assigned twice in Q1
Q1_no_double_assignment,structure,,MUST_HOLD,PASS,OK,class 184 assigned twice in Q1
Q1_no_double_assignment,structure,,MUST_HOLD,PASS,OK,class 185 assigned twice in Q1
Q1_no_double_assignment,structure,,MUST_HOLD,PASS,OK,class 186 assigned twice in Q1
Q1_no_double_assignment,structure,,MUST_HOLD,PASS,OK,class 187 assigned twice in Q1
Q1_covers_universe,structure,,MUST_HOLD,PASS,OK,"Q1 covers exactly 27 indices (missing [], extra [])"
L187_cs_index_is_5,L187,,MUST_HOLD,PASS,OK,label_X_cs is jet_label 5
L187_qq_index_is_3,L187,,MUST_HOLD,PASS,OK,label_X_qq is jet_label 3
L187_both_in_two_prong_block,L187,,MUST_HOLD,PASS,OK,"both merged classes lie in the two-prong block 0-14 (cs=5, qq=3)"
L187_both_in_same_reweight_group,L187,,MUST_HOLD,PASS,OK,"label_X_cs and label_X_qq both sit inside reweighting group label_X_QQ (jet_label 0-8, YAML line 28), so the merge cannot split or span a reweighting group"
L187res_no_double_assignment,structure,,MUST_HOLD,PASS,OK,class 0 assigned twice in L187res
L187res_no_double_assignment,structure,,MUST_HOLD,PASS,OK,class 1 assigned twice in L187res
L187res_no_double_assignment,structure,,MUST_HOLD,PASS,OK,class 2 assigned twice in L187res
L187res_no_double_assignment,structure,,MUST_HOLD,PASS,OK,class 4 assigned twice in L187res
L187res_no_double_assignment,structure,,MUST_HOLD,PASS,OK,class 6 assigned twice in L187res
L187res_no_double_assignment,structure,,MUST_HOLD,PASS,OK,class 7 assigned twice in L187res
L187res_no_double_assignment,structure,,MUST_HOLD,PASS,OK,class 8 assigned twice in L187res
L187res_no_double_assignment,structure,,MUST_HOLD,PASS,OK,class 9 assigned twice in L187res
L187res_no_double_assignment,structure,,MUST_HOLD,PASS,OK,class 10 assigned twice in L187res
L187res_no_double_assignment,structure,,MUST_HOLD,PASS,OK,class 11 assigned twice in L187res
L187res_no_double_assignment,structure,,MUST_HOLD,PASS,OK,class 12 assigned twice in L187res
L187res_no_double_assignment,structure,,MUST_HOLD,PASS,OK,class 13 assigned twice in L187res
L187res_no_double_assignment,structure,,MUST_HOLD,PASS,OK,class 14 assigned twice in L187res
L187res_no_double_assignment,structure,,MUST_HOLD,PASS,OK,class 15 assigned twice in L187res
L187res_no_double_assignment,structure,,MUST_HOLD,PASS,OK,class 16 assigned twice in L187res
L187res_no_double_assignment,structure,,MUST_HOLD,PASS,OK,class 17 assigned twice in L187res
L187res_no_double_assignment,structure,,MUST_HOLD,PASS,OK,class 18 assigned twice in L187res
L187res_no_double_assignment,structure,,MUST_HOLD,PASS,OK,class 19 assigned twice in L187res
L187res_no_double_assignment,structure,,MUST_HOLD,PASS,OK,class 20 assigned twice in L187res
L187res_no_double_assignment,structure,,MUST_HOLD,PASS,OK,class 21 assigned twice in L187res
L187res_no_double_assignment,structure,,MUST_HOLD,PASS,OK,class 22 assigned twice in L187res
L187res_no_double_assignment,structure,,MUST_HOLD,PASS,OK,class 23 assigned twice in L187res
L187res_no_double_assignment,structure,,MUST_HOLD,PASS,OK,class 24 assigned twice in L187res
L187res_no_double_assignment,structure,,MUST_HOLD,PASS,OK,class 25 assigned twice in L187res
L187res_no_double_assignment,structure,,MUST_HOLD,PASS,OK,class 26 assigned twice in L187res
L187res_no_double_assignment,structure,,MUST_HOLD,PASS,OK,class 27 assigned twice in L187res
L187res_no_double_assignment,structure,,MUST_HOLD,PASS,OK,class 28 assigned twice in L187res
L187res_no_double_assignment,structure,,MUST_HOLD,PASS,OK,class 29 assigned twice in L187res
L187res_no_double_assignment,structure,,MUST_HOLD,PASS,OK,class 30 assigned twice in L187res
L187res_no_double_assignment,structure,,MUST_HOLD,PASS,OK,class 31 assigned twice in L187res
L187res_no_double_assignment,structure,,MUST_HOLD,PASS,OK,class 32 assigned twice in L187res
L187res_no_double_assignment,structure,,MUST_HOLD,PASS,OK,class 33 assigned twice in L187res
L187res_no_double_assignment,structure,,MUST_HOLD,PASS,OK,class 34 assigned twice in L187res
L187res_no_double_assignment,structure,,MUST_HOLD,PASS,OK,class 35 assigned twice in L187res
L187res_no_double_assignment,structure,,MUST_HOLD,PASS,OK,class 36 assigned twice in L187res
L187res_no_double_assignment,structure,,MUST_HOLD,PASS,OK,class 37 assigned twice in L187res
L187res_no_double_assignment,structure,,MUST_HOLD,PASS,OK,class 38 assigned twice in L187res
L187res_no_double_assignment,structure,,MUST_HOLD,PASS,OK,class 39 assigned twice in L187res
L187res_no_double_assignment,structure,,MUST_HOLD,PASS,OK,class 40 assigned twice in L187res
L187res_no_double_assignment,structure,,MUST_HOLD,PASS,OK,class 41 assigned twice in L187res
L187res_no_double_assignment,structure,,MUST_HOLD,PASS,OK,class 42 assigned twice in L187res
L187res_no_double_assignment,structure,,MUST_HOLD,PASS,OK,class 43 assigned twice in L187res
L187res_no_double_assignment,structure,,MUST_HOLD,PASS,OK,class 44 assigned twice in L187res
L187res_no_double_assignment,structure,,MUST_HOLD,PASS,OK,class 45 assigned twice in L187res
L187res_no_double_assignment,structure,,MUST_HOLD,PASS,OK,class 46 assigned twice in L187res
L187res_no_double_assignment,structure,,MUST_HOLD,PASS,OK,class 47 assigned twice in L187res
L187res_no_double_assignment,structure,,MUST_HOLD,PASS,OK,class 48 assigned twice in L187res
L187res_no_double_assignment,structure,,MUST_HOLD,PASS,OK,class 49 assigned twice in L187res
L187res_no_double_assignment,structure,,MUST_HOLD,PASS,OK,class 50 assigned twice in L187res
L187res_no_double_assignment,structure,,MUST_HOLD,PASS,OK,class 51 assigned twice in L187res
L187res_no_double_assignment,structure,,MUST_HOLD,PASS,OK,class 52 assigned twice in L187res
L187res_no_double_assignment,structure,,MUST_HOLD,PASS,OK,class 53 assigned twice in L187res
L187res_no_double_assignment,structure,,MUST_HOLD,PASS,OK,class 54 assigned twice in L187res
L187res_no_double_assignment,structure,,MUST_HOLD,PASS,OK,class 55 assigned twice in L187res
L187res_no_double_assignment,structure,,MUST_HOLD,PASS,OK,class 56 assigned twice in L187res
L187res_no_double_assignment,structure,,MUST_HOLD,PASS,OK,class 57 assigned twice in L187res
L187res_no_double_assignment,structure,,MUST_HOLD,PASS,OK,class 58 assigned twice in L187res
L187res_no_double_assignment,structure,,MUST_HOLD,PASS,OK,class 59 assigned twice in L187res
L187res_no_double_assignment,structure,,MUST_HOLD,PASS,OK,class 60 assigned twice in L187res
L187res_no_double_assignment,structure,,MUST_HOLD,PASS,OK,class 61 assigned twice in L187res
L187res_no_double_assignment,structure,,MUST_HOLD,PASS,OK,class 62 assigned twice in L187res
L187res_no_double_assignment,structure,,MUST_HOLD,PASS,OK,class 63 assigned twice in L187res
L187res_no_double_assignment,structure,,MUST_HOLD,PASS,OK,class 64 assigned twice in L187res
L187res_no_double_assignment,structure,,MUST_HOLD,PASS,OK,class 65 assigned twice in L187res
L187res_no_double_assignment,structure,,MUST_HOLD,PASS,OK,class 66 assigned twice in L187res
L187res_no_double_assignment,structure,,MUST_HOLD,PASS,OK,class 67 assigned twice in L187res
L187res_no_double_assignment,structure,,MUST_HOLD,PASS,OK,class 68 assigned twice in L187res
L187res_no_double_assignment,structure,,MUST_HOLD,PASS,OK,class 69 assigned twice in L187res
L187res_no_double_assignment,structure,,MUST_HOLD,PASS,OK,class 70 assigned twice in L187res
L187res_no_double_assignment,structure,,MUST_HOLD,PASS,OK,class 71 assigned twice in L187res
L187res_no_double_assignment,structure,,MUST_HOLD,PASS,OK,class 72 assigned twice in L187res
L187res_no_double_assignment,structure,,MUST_HOLD,PASS,OK,class 73 assigned twice in L187res
L187res_no_double_assignment,structure,,MUST_HOLD,PASS,OK,class 74 assigned twice in L187res
L187res_no_double_assignment,structure,,MUST_HOLD,PASS,OK,class 75 assigned twice in L187res
L187res_no_double_assignment,structure,,MUST_HOLD,PASS,OK,class 76 assigned twice in L187res
L187res_no_double_assignment,structure,,MUST_HOLD,PASS,OK,class 77 assigned twice in L187res
L187res_no_double_assignment,structure,,MUST_HOLD,PASS,OK,class 78 assigned twice in L187res
L187res_no_double_assignment,structure,,MUST_HOLD,PASS,OK,class 79 assigned twice in L187res
L187res_no_double_assignment,structure,,MUST_HOLD,PASS,OK,class 80 assigned twice in L187res
L187res_no_double_assignment,structure,,MUST_HOLD,PASS,OK,class 81 assigned twice in L187res
L187res_no_double_assignment,structure,,MUST_HOLD,PASS,OK,class 82 assigned twice in L187res
L187res_no_double_assignment,structure,,MUST_HOLD,PASS,OK,class 83 assigned twice in L187res
L187res_no_double_assignment,structure,,MUST_HOLD,PASS,OK,class 84 assigned twice in L187res
L187res_no_double_assignment,structure,,MUST_HOLD,PASS,OK,class 85 assigned twice in L187res
L187res_no_double_assignment,structure,,MUST_HOLD,PASS,OK,class 86 assigned twice in L187res
L187res_no_double_assignment,structure,,MUST_HOLD,PASS,OK,class 87 assigned twice in L187res
L187res_no_double_assignment,structure,,MUST_HOLD,PASS,OK,class 88 assigned twice in L187res
L187res_no_double_assignment,structure,,MUST_HOLD,PASS,OK,class 89 assigned twice in L187res
L187res_no_double_assignment,structure,,MUST_HOLD,PASS,OK,class 90 assigned twice in L187res
L187res_no_double_assignment,structure,,MUST_HOLD,PASS,OK,class 91 assigned twice in L187res
L187res_no_double_assignment,structure,,MUST_HOLD,PASS,OK,class 92 assigned twice in L187res
L187res_no_double_assignment,structure,,MUST_HOLD,PASS,OK,class 93 assigned twice in L187res
L187res_no_double_assignment,structure,,MUST_HOLD,PASS,OK,class 94 assigned twice in L187res
L187res_no_double_assignment,structure,,MUST_HOLD,PASS,OK,class 95 assigned twice in L187res
L187res_no_double_assignment,structure,,MUST_HOLD,PASS,OK,class 96 assigned twice in L187res
L187res_no_double_assignment,structure,,MUST_HOLD,PASS,OK,class 97 assigned twice in L187res
L187res_no_double_assignment,structure,,MUST_HOLD,PASS,OK,class 98 assigned twice in L187res
L187res_no_double_assignment,structure,,MUST_HOLD,PASS,OK,class 99 assigned twice in L187res
L187res_no_double_assignment,structure,,MUST_HOLD,PASS,OK,class 100 assigned twice in L187res
L187res_no_double_assignment,structure,,MUST_HOLD,PASS,OK,class 101 assigned twice in L187res
L187res_no_double_assignment,structure,,MUST_HOLD,PASS,OK,class 102 assigned twice in L187res
L187res_no_double_assignment,structure,,MUST_HOLD,PASS,OK,class 103 assigned twice in L187res
L187res_no_double_assignment,structure,,MUST_HOLD,PASS,OK,class 104 assigned twice in L187res
L187res_no_double_assignment,structure,,MUST_HOLD,PASS,OK,class 105 assigned twice in L187res
L187res_no_double_assignment,structure,,MUST_HOLD,PASS,OK,class 106 assigned twice in L187res
L187res_no_double_assignment,structure,,MUST_HOLD,PASS,OK,class 107 assigned twice in L187res
L187res_no_double_assignment,structure,,MUST_HOLD,PASS,OK,class 108 assigned twice in L187res
L187res_no_double_assignment,structure,,MUST_HOLD,PASS,OK,class 109 assigned twice in L187res
L187res_no_double_assignment,structure,,MUST_HOLD,PASS,OK,class 110 assigned twice in L187res
L187res_no_double_assignment,structure,,MUST_HOLD,PASS,OK,class 111 assigned twice in L187res
L187res_no_double_assignment,structure,,MUST_HOLD,PASS,OK,class 112 assigned twice in L187res
L187res_no_double_assignment,structure,,MUST_HOLD,PASS,OK,class 113 assigned twice in L187res
L187res_no_double_assignment,structure,,MUST_HOLD,PASS,OK,class 114 assigned twice in L187res
L187res_no_double_assignment,structure,,MUST_HOLD,PASS,OK,class 115 assigned twice in L187res
L187res_no_double_assignment,structure,,MUST_HOLD,PASS,OK,class 116 assigned twice in L187res
L187res_no_double_assignment,structure,,MUST_HOLD,PASS,OK,class 117 assigned twice in L187res
L187res_no_double_assignment,structure,,MUST_HOLD,PASS,OK,class 118 assigned twice in L187res
L187res_no_double_assignment,structure,,MUST_HOLD,PASS,OK,class 119 assigned twice in L187res
L187res_no_double_assignment,structure,,MUST_HOLD,PASS,OK,class 120 assigned twice in L187res
L187res_no_double_assignment,structure,,MUST_HOLD,PASS,OK,class 121 assigned twice in L187res
L187res_no_double_assignment,structure,,MUST_HOLD,PASS,OK,class 122 assigned twice in L187res
L187res_no_double_assignment,structure,,MUST_HOLD,PASS,OK,class 123 assigned twice in L187res
L187res_no_double_assignment,structure,,MUST_HOLD,PASS,OK,class 124 assigned twice in L187res
L187res_no_double_assignment,structure,,MUST_HOLD,PASS,OK,class 125 assigned twice in L187res
L187res_no_double_assignment,structure,,MUST_HOLD,PASS,OK,class 126 assigned twice in L187res
L187res_no_double_assignment,structure,,MUST_HOLD,PASS,OK,class 127 assigned twice in L187res
L187res_no_double_assignment,structure,,MUST_HOLD,PASS,OK,class 128 assigned twice in L187res
L187res_no_double_assignment,structure,,MUST_HOLD,PASS,OK,class 129 assigned twice in L187res
L187res_no_double_assignment,structure,,MUST_HOLD,PASS,OK,class 130 assigned twice in L187res
L187res_no_double_assignment,structure,,MUST_HOLD,PASS,OK,class 131 assigned twice in L187res
L187res_no_double_assignment,structure,,MUST_HOLD,PASS,OK,class 132 assigned twice in L187res
L187res_no_double_assignment,structure,,MUST_HOLD,PASS,OK,class 133 assigned twice in L187res
L187res_no_double_assignment,structure,,MUST_HOLD,PASS,OK,class 134 assigned twice in L187res
L187res_no_double_assignment,structure,,MUST_HOLD,PASS,OK,class 135 assigned twice in L187res
L187res_no_double_assignment,structure,,MUST_HOLD,PASS,OK,class 136 assigned twice in L187res
L187res_no_double_assignment,structure,,MUST_HOLD,PASS,OK,class 137 assigned twice in L187res
L187res_no_double_assignment,structure,,MUST_HOLD,PASS,OK,class 138 assigned twice in L187res
L187res_no_double_assignment,structure,,MUST_HOLD,PASS,OK,class 139 assigned twice in L187res
L187res_no_double_assignment,structure,,MUST_HOLD,PASS,OK,class 140 assigned twice in L187res
L187res_no_double_assignment,structure,,MUST_HOLD,PASS,OK,class 141 assigned twice in L187res
L187res_no_double_assignment,structure,,MUST_HOLD,PASS,OK,class 142 assigned twice in L187res
L187res_no_double_assignment,structure,,MUST_HOLD,PASS,OK,class 143 assigned twice in L187res
L187res_no_double_assignment,structure,,MUST_HOLD,PASS,OK,class 144 assigned twice in L187res
L187res_no_double_assignment,structure,,MUST_HOLD,PASS,OK,class 145 assigned twice in L187res
L187res_no_double_assignment,structure,,MUST_HOLD,PASS,OK,class 146 assigned twice in L187res
L187res_no_double_assignment,structure,,MUST_HOLD,PASS,OK,class 147 assigned twice in L187res
L187res_no_double_assignment,structure,,MUST_HOLD,PASS,OK,class 148 assigned twice in L187res
L187res_no_double_assignment,structure,,MUST_HOLD,PASS,OK,class 149 assigned twice in L187res
L187res_no_double_assignment,structure,,MUST_HOLD,PASS,OK,class 150 assigned twice in L187res
L187res_no_double_assignment,structure,,MUST_HOLD,PASS,OK,class 151 assigned twice in L187res
L187res_no_double_assignment,structure,,MUST_HOLD,PASS,OK,class 152 assigned twice in L187res
L187res_no_double_assignment,structure,,MUST_HOLD,PASS,OK,class 153 assigned twice in L187res
L187res_no_double_assignment,structure,,MUST_HOLD,PASS,OK,class 154 assigned twice in L187res
L187res_no_double_assignment,structure,,MUST_HOLD,PASS,OK,class 155 assigned twice in L187res
L187res_no_double_assignment,structure,,MUST_HOLD,PASS,OK,class 156 assigned twice in L187res
L187res_no_double_assignment,structure,,MUST_HOLD,PASS,OK,class 157 assigned twice in L187res
L187res_no_double_assignment,structure,,MUST_HOLD,PASS,OK,class 158 assigned twice in L187res
L187res_no_double_assignment,structure,,MUST_HOLD,PASS,OK,class 159 assigned twice in L187res
L187res_no_double_assignment,structure,,MUST_HOLD,PASS,OK,class 160 assigned twice in L187res
L187res_no_double_assignment,structure,,MUST_HOLD,PASS,OK,class 3 assigned twice in L187res
L187res_no_double_assignment,structure,,MUST_HOLD,PASS,OK,class 5 assigned twice in L187res
L187res_covers_universe,structure,,MUST_HOLD,PASS,OK,"L187res covers exactly 161 indices (missing [], extra [])"
L187_resonant_group_count_160,L187,,MUST_HOLD,PASS,OK,L187 has 160 resonant groups (161 minus one merge)
L187full_no_double_assignment,structure,,MUST_HOLD,PASS,OK,class 0 assigned twice in L187full
L187full_no_double_assignment,structure,,MUST_HOLD,PASS,OK,class 1 assigned twice in L187full
L187full_no_double_assignment,structure,,MUST_HOLD,PASS,OK,class 2 assigned twice in L187full
L187full_no_double_assignment,structure,,MUST_HOLD,PASS,OK,class 3 assigned twice in L187full
L187full_no_double_assignment,structure,,MUST_HOLD,PASS,OK,class 5 assigned twice in L187full
L187full_no_double_assignment,structure,,MUST_HOLD,PASS,OK,class 4 assigned twice in L187full
L187full_no_double_assignment,structure,,MUST_HOLD,PASS,OK,class 6 assigned twice in L187full
L187full_no_double_assignment,structure,,MUST_HOLD,PASS,OK,class 7 assigned twice in L187full
L187full_no_double_assignment,structure,,MUST_HOLD,PASS,OK,class 8 assigned twice in L187full
L187full_no_double_assignment,structure,,MUST_HOLD,PASS,OK,class 9 assigned twice in L187full
L187full_no_double_assignment,structure,,MUST_HOLD,PASS,OK,class 10 assigned twice in L187full
L187full_no_double_assignment,structure,,MUST_HOLD,PASS,OK,class 11 assigned twice in L187full
L187full_no_double_assignment,structure,,MUST_HOLD,PASS,OK,class 12 assigned twice in L187full
L187full_no_double_assignment,structure,,MUST_HOLD,PASS,OK,class 13 assigned twice in L187full
L187full_no_double_assignment,structure,,MUST_HOLD,PASS,OK,class 14 assigned twice in L187full
L187full_no_double_assignment,structure,,MUST_HOLD,PASS,OK,class 15 assigned twice in L187full
L187full_no_double_assignment,structure,,MUST_HOLD,PASS,OK,class 16 assigned twice in L187full
L187full_no_double_assignment,structure,,MUST_HOLD,PASS,OK,class 17 assigned twice in L187full
L187full_no_double_assignment,structure,,MUST_HOLD,PASS,OK,class 18 assigned twice in L187full
L187full_no_double_assignment,structure,,MUST_HOLD,PASS,OK,class 19 assigned twice in L187full
L187full_no_double_assignment,structure,,MUST_HOLD,PASS,OK,class 20 assigned twice in L187full
L187full_no_double_assignment,structure,,MUST_HOLD,PASS,OK,class 21 assigned twice in L187full
L187full_no_double_assignment,structure,,MUST_HOLD,PASS,OK,class 22 assigned twice in L187full
L187full_no_double_assignment,structure,,MUST_HOLD,PASS,OK,class 23 assigned twice in L187full
L187full_no_double_assignment,structure,,MUST_HOLD,PASS,OK,class 24 assigned twice in L187full
L187full_no_double_assignment,structure,,MUST_HOLD,PASS,OK,class 25 assigned twice in L187full
L187full_no_double_assignment,structure,,MUST_HOLD,PASS,OK,class 26 assigned twice in L187full
L187full_no_double_assignment,structure,,MUST_HOLD,PASS,OK,class 27 assigned twice in L187full
L187full_no_double_assignment,structure,,MUST_HOLD,PASS,OK,class 28 assigned twice in L187full
L187full_no_double_assignment,structure,,MUST_HOLD,PASS,OK,class 29 assigned twice in L187full
L187full_no_double_assignment,structure,,MUST_HOLD,PASS,OK,class 30 assigned twice in L187full
L187full_no_double_assignment,structure,,MUST_HOLD,PASS,OK,class 31 assigned twice in L187full
L187full_no_double_assignment,structure,,MUST_HOLD,PASS,OK,class 32 assigned twice in L187full
L187full_no_double_assignment,structure,,MUST_HOLD,PASS,OK,class 33 assigned twice in L187full
L187full_no_double_assignment,structure,,MUST_HOLD,PASS,OK,class 34 assigned twice in L187full
L187full_no_double_assignment,structure,,MUST_HOLD,PASS,OK,class 35 assigned twice in L187full
L187full_no_double_assignment,structure,,MUST_HOLD,PASS,OK,class 36 assigned twice in L187full
L187full_no_double_assignment,structure,,MUST_HOLD,PASS,OK,class 37 assigned twice in L187full
L187full_no_double_assignment,structure,,MUST_HOLD,PASS,OK,class 38 assigned twice in L187full
L187full_no_double_assignment,structure,,MUST_HOLD,PASS,OK,class 39 assigned twice in L187full
L187full_no_double_assignment,structure,,MUST_HOLD,PASS,OK,class 40 assigned twice in L187full
L187full_no_double_assignment,structure,,MUST_HOLD,PASS,OK,class 41 assigned twice in L187full
L187full_no_double_assignment,structure,,MUST_HOLD,PASS,OK,class 42 assigned twice in L187full
L187full_no_double_assignment,structure,,MUST_HOLD,PASS,OK,class 43 assigned twice in L187full
L187full_no_double_assignment,structure,,MUST_HOLD,PASS,OK,class 44 assigned twice in L187full
L187full_no_double_assignment,structure,,MUST_HOLD,PASS,OK,class 45 assigned twice in L187full
L187full_no_double_assignment,structure,,MUST_HOLD,PASS,OK,class 46 assigned twice in L187full
L187full_no_double_assignment,structure,,MUST_HOLD,PASS,OK,class 47 assigned twice in L187full
L187full_no_double_assignment,structure,,MUST_HOLD,PASS,OK,class 48 assigned twice in L187full
L187full_no_double_assignment,structure,,MUST_HOLD,PASS,OK,class 49 assigned twice in L187full
L187full_no_double_assignment,structure,,MUST_HOLD,PASS,OK,class 50 assigned twice in L187full
L187full_no_double_assignment,structure,,MUST_HOLD,PASS,OK,class 51 assigned twice in L187full
L187full_no_double_assignment,structure,,MUST_HOLD,PASS,OK,class 52 assigned twice in L187full
L187full_no_double_assignment,structure,,MUST_HOLD,PASS,OK,class 53 assigned twice in L187full
L187full_no_double_assignment,structure,,MUST_HOLD,PASS,OK,class 54 assigned twice in L187full
L187full_no_double_assignment,structure,,MUST_HOLD,PASS,OK,class 55 assigned twice in L187full
L187full_no_double_assignment,structure,,MUST_HOLD,PASS,OK,class 56 assigned twice in L187full
L187full_no_double_assignment,structure,,MUST_HOLD,PASS,OK,class 57 assigned twice in L187full
L187full_no_double_assignment,structure,,MUST_HOLD,PASS,OK,class 58 assigned twice in L187full
L187full_no_double_assignment,structure,,MUST_HOLD,PASS,OK,class 59 assigned twice in L187full
L187full_no_double_assignment,structure,,MUST_HOLD,PASS,OK,class 60 assigned twice in L187full
L187full_no_double_assignment,structure,,MUST_HOLD,PASS,OK,class 61 assigned twice in L187full
L187full_no_double_assignment,structure,,MUST_HOLD,PASS,OK,class 62 assigned twice in L187full
L187full_no_double_assignment,structure,,MUST_HOLD,PASS,OK,class 63 assigned twice in L187full
L187full_no_double_assignment,structure,,MUST_HOLD,PASS,OK,class 64 assigned twice in L187full
L187full_no_double_assignment,structure,,MUST_HOLD,PASS,OK,class 65 assigned twice in L187full
L187full_no_double_assignment,structure,,MUST_HOLD,PASS,OK,class 66 assigned twice in L187full
L187full_no_double_assignment,structure,,MUST_HOLD,PASS,OK,class 67 assigned twice in L187full
L187full_no_double_assignment,structure,,MUST_HOLD,PASS,OK,class 68 assigned twice in L187full
L187full_no_double_assignment,structure,,MUST_HOLD,PASS,OK,class 69 assigned twice in L187full
L187full_no_double_assignment,structure,,MUST_HOLD,PASS,OK,class 70 assigned twice in L187full
L187full_no_double_assignment,structure,,MUST_HOLD,PASS,OK,class 71 assigned twice in L187full
L187full_no_double_assignment,structure,,MUST_HOLD,PASS,OK,class 72 assigned twice in L187full
L187full_no_double_assignment,structure,,MUST_HOLD,PASS,OK,class 73 assigned twice in L187full
L187full_no_double_assignment,structure,,MUST_HOLD,PASS,OK,class 74 assigned twice in L187full
L187full_no_double_assignment,structure,,MUST_HOLD,PASS,OK,class 75 assigned twice in L187full
L187full_no_double_assignment,structure,,MUST_HOLD,PASS,OK,class 76 assigned twice in L187full
L187full_no_double_assignment,structure,,MUST_HOLD,PASS,OK,class 77 assigned twice in L187full
L187full_no_double_assignment,structure,,MUST_HOLD,PASS,OK,class 78 assigned twice in L187full
L187full_no_double_assignment,structure,,MUST_HOLD,PASS,OK,class 79 assigned twice in L187full
L187full_no_double_assignment,structure,,MUST_HOLD,PASS,OK,class 80 assigned twice in L187full
L187full_no_double_assignment,structure,,MUST_HOLD,PASS,OK,class 81 assigned twice in L187full
L187full_no_double_assignment,structure,,MUST_HOLD,PASS,OK,class 82 assigned twice in L187full
L187full_no_double_assignment,structure,,MUST_HOLD,PASS,OK,class 83 assigned twice in L187full
L187full_no_double_assignment,structure,,MUST_HOLD,PASS,OK,class 84 assigned twice in L187full
L187full_no_double_assignment,structure,,MUST_HOLD,PASS,OK,class 85 assigned twice in L187full
L187full_no_double_assignment,structure,,MUST_HOLD,PASS,OK,class 86 assigned twice in L187full
L187full_no_double_assignment,structure,,MUST_HOLD,PASS,OK,class 87 assigned twice in L187full
L187full_no_double_assignment,structure,,MUST_HOLD,PASS,OK,class 88 assigned twice in L187full
L187full_no_double_assignment,structure,,MUST_HOLD,PASS,OK,class 89 assigned twice in L187full
L187full_no_double_assignment,structure,,MUST_HOLD,PASS,OK,class 90 assigned twice in L187full
L187full_no_double_assignment,structure,,MUST_HOLD,PASS,OK,class 91 assigned twice in L187full
L187full_no_double_assignment,structure,,MUST_HOLD,PASS,OK,class 92 assigned twice in L187full
L187full_no_double_assignment,structure,,MUST_HOLD,PASS,OK,class 93 assigned twice in L187full
L187full_no_double_assignment,structure,,MUST_HOLD,PASS,OK,class 94 assigned twice in L187full
L187full_no_double_assignment,structure,,MUST_HOLD,PASS,OK,class 95 assigned twice in L187full
L187full_no_double_assignment,structure,,MUST_HOLD,PASS,OK,class 96 assigned twice in L187full
L187full_no_double_assignment,structure,,MUST_HOLD,PASS,OK,class 97 assigned twice in L187full
L187full_no_double_assignment,structure,,MUST_HOLD,PASS,OK,class 98 assigned twice in L187full
L187full_no_double_assignment,structure,,MUST_HOLD,PASS,OK,class 99 assigned twice in L187full
L187full_no_double_assignment,structure,,MUST_HOLD,PASS,OK,class 100 assigned twice in L187full
L187full_no_double_assignment,structure,,MUST_HOLD,PASS,OK,class 101 assigned twice in L187full
L187full_no_double_assignment,structure,,MUST_HOLD,PASS,OK,class 102 assigned twice in L187full
L187full_no_double_assignment,structure,,MUST_HOLD,PASS,OK,class 103 assigned twice in L187full
L187full_no_double_assignment,structure,,MUST_HOLD,PASS,OK,class 104 assigned twice in L187full
L187full_no_double_assignment,structure,,MUST_HOLD,PASS,OK,class 105 assigned twice in L187full
L187full_no_double_assignment,structure,,MUST_HOLD,PASS,OK,class 106 assigned twice in L187full
L187full_no_double_assignment,structure,,MUST_HOLD,PASS,OK,class 107 assigned twice in L187full
L187full_no_double_assignment,structure,,MUST_HOLD,PASS,OK,class 108 assigned twice in L187full
L187full_no_double_assignment,structure,,MUST_HOLD,PASS,OK,class 109 assigned twice in L187full
L187full_no_double_assignment,structure,,MUST_HOLD,PASS,OK,class 110 assigned twice in L187full
L187full_no_double_assignment,structure,,MUST_HOLD,PASS,OK,class 111 assigned twice in L187full
L187full_no_double_assignment,structure,,MUST_HOLD,PASS,OK,class 112 assigned twice in L187full
L187full_no_double_assignment,structure,,MUST_HOLD,PASS,OK,class 113 assigned twice in L187full
L187full_no_double_assignment,structure,,MUST_HOLD,PASS,OK,class 114 assigned twice in L187full
L187full_no_double_assignment,structure,,MUST_HOLD,PASS,OK,class 115 assigned twice in L187full
L187full_no_double_assignment,structure,,MUST_HOLD,PASS,OK,class 116 assigned twice in L187full
L187full_no_double_assignment,structure,,MUST_HOLD,PASS,OK,class 117 assigned twice in L187full
L187full_no_double_assignment,structure,,MUST_HOLD,PASS,OK,class 118 assigned twice in L187full
L187full_no_double_assignment,structure,,MUST_HOLD,PASS,OK,class 119 assigned twice in L187full
L187full_no_double_assignment,structure,,MUST_HOLD,PASS,OK,class 120 assigned twice in L187full
L187full_no_double_assignment,structure,,MUST_HOLD,PASS,OK,class 121 assigned twice in L187full
L187full_no_double_assignment,structure,,MUST_HOLD,PASS,OK,class 122 assigned twice in L187full
L187full_no_double_assignment,structure,,MUST_HOLD,PASS,OK,class 123 assigned twice in L187full
L187full_no_double_assignment,structure,,MUST_HOLD,PASS,OK,class 124 assigned twice in L187full
L187full_no_double_assignment,structure,,MUST_HOLD,PASS,OK,class 125 assigned twice in L187full
L187full_no_double_assignment,structure,,MUST_HOLD,PASS,OK,class 126 assigned twice in L187full
L187full_no_double_assignment,structure,,MUST_HOLD,PASS,OK,class 127 assigned twice in L187full
L187full_no_double_assignment,structure,,MUST_HOLD,PASS,OK,class 128 assigned twice in L187full
L187full_no_double_assignment,structure,,MUST_HOLD,PASS,OK,class 129 assigned twice in L187full
L187full_no_double_assignment,structure,,MUST_HOLD,PASS,OK,class 130 assigned twice in L187full
L187full_no_double_assignment,structure,,MUST_HOLD,PASS,OK,class 131 assigned twice in L187full
L187full_no_double_assignment,structure,,MUST_HOLD,PASS,OK,class 132 assigned twice in L187full
L187full_no_double_assignment,structure,,MUST_HOLD,PASS,OK,class 133 assigned twice in L187full
L187full_no_double_assignment,structure,,MUST_HOLD,PASS,OK,class 134 assigned twice in L187full
L187full_no_double_assignment,structure,,MUST_HOLD,PASS,OK,class 135 assigned twice in L187full
L187full_no_double_assignment,structure,,MUST_HOLD,PASS,OK,class 136 assigned twice in L187full
L187full_no_double_assignment,structure,,MUST_HOLD,PASS,OK,class 137 assigned twice in L187full
L187full_no_double_assignment,structure,,MUST_HOLD,PASS,OK,class 138 assigned twice in L187full
L187full_no_double_assignment,structure,,MUST_HOLD,PASS,OK,class 139 assigned twice in L187full
L187full_no_double_assignment,structure,,MUST_HOLD,PASS,OK,class 140 assigned twice in L187full
L187full_no_double_assignment,structure,,MUST_HOLD,PASS,OK,class 141 assigned twice in L187full
L187full_no_double_assignment,structure,,MUST_HOLD,PASS,OK,class 142 assigned twice in L187full
L187full_no_double_assignment,structure,,MUST_HOLD,PASS,OK,class 143 assigned twice in L187full
L187full_no_double_assignment,structure,,MUST_HOLD,PASS,OK,class 144 assigned twice in L187full
L187full_no_double_assignment,structure,,MUST_HOLD,PASS,OK,class 145 assigned twice in L187full
L187full_no_double_assignment,structure,,MUST_HOLD,PASS,OK,class 146 assigned twice in L187full
L187full_no_double_assignment,structure,,MUST_HOLD,PASS,OK,class 147 assigned twice in L187full
L187full_no_double_assignment,structure,,MUST_HOLD,PASS,OK,class 148 assigned twice in L187full
L187full_no_double_assignment,structure,,MUST_HOLD,PASS,OK,class 149 assigned twice in L187full
L187full_no_double_assignment,structure,,MUST_HOLD,PASS,OK,class 150 assigned twice in L187full
L187full_no_double_assignment,structure,,MUST_HOLD,PASS,OK,class 151 assigned twice in L187full
L187full_no_double_assignment,structure,,MUST_HOLD,PASS,OK,class 152 assigned twice in L187full
L187full_no_double_assignment,structure,,MUST_HOLD,PASS,OK,class 153 assigned twice in L187full
L187full_no_double_assignment,structure,,MUST_HOLD,PASS,OK,class 154 assigned twice in L187full
L187full_no_double_assignment,structure,,MUST_HOLD,PASS,OK,class 155 assigned twice in L187full
L187full_no_double_assignment,structure,,MUST_HOLD,PASS,OK,class 156 assigned twice in L187full
L187full_no_double_assignment,structure,,MUST_HOLD,PASS,OK,class 157 assigned twice in L187full
L187full_no_double_assignment,structure,,MUST_HOLD,PASS,OK,class 158 assigned twice in L187full
L187full_no_double_assignment,structure,,MUST_HOLD,PASS,OK,class 159 assigned twice in L187full
L187full_no_double_assignment,structure,,MUST_HOLD,PASS,OK,class 160 assigned twice in L187full
L187full_no_double_assignment,structure,,MUST_HOLD,PASS,OK,class 161 assigned twice in L187full
L187full_no_double_assignment,structure,,MUST_HOLD,PASS,OK,class 162 assigned twice in L187full
L187full_no_double_assignment,structure,,MUST_HOLD,PASS,OK,class 163 assigned twice in L187full
L187full_no_double_assignment,structure,,MUST_HOLD,PASS,OK,class 164 assigned twice in L187full
L187full_no_double_assignment,structure,,MUST_HOLD,PASS,OK,class 165 assigned twice in L187full
L187full_no_double_assignment,structure,,MUST_HOLD,PASS,OK,class 166 assigned twice in L187full
L187full_no_double_assignment,structure,,MUST_HOLD,PASS,OK,class 167 assigned twice in L187full
L187full_no_double_assignment,structure,,MUST_HOLD,PASS,OK,class 168 assigned twice in L187full
L187full_no_double_assignment,structure,,MUST_HOLD,PASS,OK,class 169 assigned twice in L187full
L187full_no_double_assignment,structure,,MUST_HOLD,PASS,OK,class 170 assigned twice in L187full
L187full_no_double_assignment,structure,,MUST_HOLD,PASS,OK,class 171 assigned twice in L187full
L187full_no_double_assignment,structure,,MUST_HOLD,PASS,OK,class 172 assigned twice in L187full
L187full_no_double_assignment,structure,,MUST_HOLD,PASS,OK,class 173 assigned twice in L187full
L187full_no_double_assignment,structure,,MUST_HOLD,PASS,OK,class 174 assigned twice in L187full
L187full_no_double_assignment,structure,,MUST_HOLD,PASS,OK,class 175 assigned twice in L187full
L187full_no_double_assignment,structure,,MUST_HOLD,PASS,OK,class 176 assigned twice in L187full
L187full_no_double_assignment,structure,,MUST_HOLD,PASS,OK,class 177 assigned twice in L187full
L187full_no_double_assignment,structure,,MUST_HOLD,PASS,OK,class 178 assigned twice in L187full
L187full_no_double_assignment,structure,,MUST_HOLD,PASS,OK,class 179 assigned twice in L187full
L187full_no_double_assignment,structure,,MUST_HOLD,PASS,OK,class 180 assigned twice in L187full
L187full_no_double_assignment,structure,,MUST_HOLD,PASS,OK,class 181 assigned twice in L187full
L187full_no_double_assignment,structure,,MUST_HOLD,PASS,OK,class 182 assigned twice in L187full
L187full_no_double_assignment,structure,,MUST_HOLD,PASS,OK,class 183 assigned twice in L187full
L187full_no_double_assignment,structure,,MUST_HOLD,PASS,OK,class 184 assigned twice in L187full
L187full_no_double_assignment,structure,,MUST_HOLD,PASS,OK,class 185 assigned twice in L187full
L187full_no_double_assignment,structure,,MUST_HOLD,PASS,OK,class 186 assigned twice in L187full
L187full_no_double_assignment,structure,,MUST_HOLD,PASS,OK,class 187 assigned twice in L187full
L187full_covers_universe,structure,,MUST_HOLD,PASS,OK,"L187full covers exactly 188 indices (missing [], extra [])"
L187_total_class_count_187,L187,,MUST_HOLD,PASS,OK,L187 vocabulary has 187 classes (160 resonant + 27 QCD)
class_weights_sum_exact,structure,,MUST_HOLD,PASS,OK,sum(class_weights) as an exact rational = 6927/4000 = 1.73175
L188full_no_double_assignment,structure,,MUST_HOLD,PASS,OK,class 0 assigned twice in L188full
L188full_no_double_assignment,structure,,MUST_HOLD,PASS,OK,class 1 assigned twice in L188full
L188full_no_double_assignment,structure,,MUST_HOLD,PASS,OK,class 2 assigned twice in L188full
L188full_no_double_assignment,structure,,MUST_HOLD,PASS,OK,class 3 assigned twice in L188full
L188full_no_double_assignment,structure,,MUST_HOLD,PASS,OK,class 4 assigned twice in L188full
L188full_no_double_assignment,structure,,MUST_HOLD,PASS,OK,class 5 assigned twice in L188full
L188full_no_double_assignment,structure,,MUST_HOLD,PASS,OK,class 6 assigned twice in L188full
L188full_no_double_assignment,structure,,MUST_HOLD,PASS,OK,class 7 assigned twice in L188full
L188full_no_double_assignment,structure,,MUST_HOLD,PASS,OK,class 8 assigned twice in L188full
L188full_no_double_assignment,structure,,MUST_HOLD,PASS,OK,class 9 assigned twice in L188full
L188full_no_double_assignment,structure,,MUST_HOLD,PASS,OK,class 10 assigned twice in L188full
L188full_no_double_assignment,structure,,MUST_HOLD,PASS,OK,class 11 assigned twice in L188full
L188full_no_double_assignment,structure,,MUST_HOLD,PASS,OK,class 12 assigned twice in L188full
L188full_no_double_assignment,structure,,MUST_HOLD,PASS,OK,class 13 assigned twice in L188full
L188full_no_double_assignment,structure,,MUST_HOLD,PASS,OK,class 14 assigned twice in L188full
L188full_no_double_assignment,structure,,MUST_HOLD,PASS,OK,class 15 assigned twice in L188full
L188full_no_double_assignment,structure,,MUST_HOLD,PASS,OK,class 16 assigned twice in L188full
L188full_no_double_assignment,structure,,MUST_HOLD,PASS,OK,class 17 assigned twice in L188full
L188full_no_double_assignment,structure,,MUST_HOLD,PASS,OK,class 18 assigned twice in L188full
L188full_no_double_assignment,structure,,MUST_HOLD,PASS,OK,class 19 assigned twice in L188full
L188full_no_double_assignment,structure,,MUST_HOLD,PASS,OK,class 20 assigned twice in L188full
L188full_no_double_assignment,structure,,MUST_HOLD,PASS,OK,class 21 assigned twice in L188full
L188full_no_double_assignment,structure,,MUST_HOLD,PASS,OK,class 22 assigned twice in L188full
L188full_no_double_assignment,structure,,MUST_HOLD,PASS,OK,class 23 assigned twice in L188full
L188full_no_double_assignment,structure,,MUST_HOLD,PASS,OK,class 24 assigned twice in L188full
L188full_no_double_assignment,structure,,MUST_HOLD,PASS,OK,class 25 assigned twice in L188full
L188full_no_double_assignment,structure,,MUST_HOLD,PASS,OK,class 26 assigned twice in L188full
L188full_no_double_assignment,structure,,MUST_HOLD,PASS,OK,class 27 assigned twice in L188full
L188full_no_double_assignment,structure,,MUST_HOLD,PASS,OK,class 28 assigned twice in L188full
L188full_no_double_assignment,structure,,MUST_HOLD,PASS,OK,class 29 assigned twice in L188full
L188full_no_double_assignment,structure,,MUST_HOLD,PASS,OK,class 30 assigned twice in L188full
L188full_no_double_assignment,structure,,MUST_HOLD,PASS,OK,class 31 assigned twice in L188full
L188full_no_double_assignment,structure,,MUST_HOLD,PASS,OK,class 32 assigned twice in L188full
L188full_no_double_assignment,structure,,MUST_HOLD,PASS,OK,class 33 assigned twice in L188full
L188full_no_double_assignment,structure,,MUST_HOLD,PASS,OK,class 34 assigned twice in L188full
L188full_no_double_assignment,structure,,MUST_HOLD,PASS,OK,class 35 assigned twice in L188full
L188full_no_double_assignment,structure,,MUST_HOLD,PASS,OK,class 36 assigned twice in L188full
L188full_no_double_assignment,structure,,MUST_HOLD,PASS,OK,class 37 assigned twice in L188full
L188full_no_double_assignment,structure,,MUST_HOLD,PASS,OK,class 38 assigned twice in L188full
L188full_no_double_assignment,structure,,MUST_HOLD,PASS,OK,class 39 assigned twice in L188full
L188full_no_double_assignment,structure,,MUST_HOLD,PASS,OK,class 40 assigned twice in L188full
L188full_no_double_assignment,structure,,MUST_HOLD,PASS,OK,class 41 assigned twice in L188full
L188full_no_double_assignment,structure,,MUST_HOLD,PASS,OK,class 42 assigned twice in L188full
L188full_no_double_assignment,structure,,MUST_HOLD,PASS,OK,class 43 assigned twice in L188full
L188full_no_double_assignment,structure,,MUST_HOLD,PASS,OK,class 44 assigned twice in L188full
L188full_no_double_assignment,structure,,MUST_HOLD,PASS,OK,class 45 assigned twice in L188full
L188full_no_double_assignment,structure,,MUST_HOLD,PASS,OK,class 46 assigned twice in L188full
L188full_no_double_assignment,structure,,MUST_HOLD,PASS,OK,class 47 assigned twice in L188full
L188full_no_double_assignment,structure,,MUST_HOLD,PASS,OK,class 48 assigned twice in L188full
L188full_no_double_assignment,structure,,MUST_HOLD,PASS,OK,class 49 assigned twice in L188full
L188full_no_double_assignment,structure,,MUST_HOLD,PASS,OK,class 50 assigned twice in L188full
L188full_no_double_assignment,structure,,MUST_HOLD,PASS,OK,class 51 assigned twice in L188full
L188full_no_double_assignment,structure,,MUST_HOLD,PASS,OK,class 52 assigned twice in L188full
L188full_no_double_assignment,structure,,MUST_HOLD,PASS,OK,class 53 assigned twice in L188full
L188full_no_double_assignment,structure,,MUST_HOLD,PASS,OK,class 54 assigned twice in L188full
L188full_no_double_assignment,structure,,MUST_HOLD,PASS,OK,class 55 assigned twice in L188full
L188full_no_double_assignment,structure,,MUST_HOLD,PASS,OK,class 56 assigned twice in L188full
L188full_no_double_assignment,structure,,MUST_HOLD,PASS,OK,class 57 assigned twice in L188full
L188full_no_double_assignment,structure,,MUST_HOLD,PASS,OK,class 58 assigned twice in L188full
L188full_no_double_assignment,structure,,MUST_HOLD,PASS,OK,class 59 assigned twice in L188full
L188full_no_double_assignment,structure,,MUST_HOLD,PASS,OK,class 60 assigned twice in L188full
L188full_no_double_assignment,structure,,MUST_HOLD,PASS,OK,class 61 assigned twice in L188full
L188full_no_double_assignment,structure,,MUST_HOLD,PASS,OK,class 62 assigned twice in L188full
L188full_no_double_assignment,structure,,MUST_HOLD,PASS,OK,class 63 assigned twice in L188full
L188full_no_double_assignment,structure,,MUST_HOLD,PASS,OK,class 64 assigned twice in L188full
L188full_no_double_assignment,structure,,MUST_HOLD,PASS,OK,class 65 assigned twice in L188full
L188full_no_double_assignment,structure,,MUST_HOLD,PASS,OK,class 66 assigned twice in L188full
L188full_no_double_assignment,structure,,MUST_HOLD,PASS,OK,class 67 assigned twice in L188full
L188full_no_double_assignment,structure,,MUST_HOLD,PASS,OK,class 68 assigned twice in L188full
L188full_no_double_assignment,structure,,MUST_HOLD,PASS,OK,class 69 assigned twice in L188full
L188full_no_double_assignment,structure,,MUST_HOLD,PASS,OK,class 70 assigned twice in L188full
L188full_no_double_assignment,structure,,MUST_HOLD,PASS,OK,class 71 assigned twice in L188full
L188full_no_double_assignment,structure,,MUST_HOLD,PASS,OK,class 72 assigned twice in L188full
L188full_no_double_assignment,structure,,MUST_HOLD,PASS,OK,class 73 assigned twice in L188full
L188full_no_double_assignment,structure,,MUST_HOLD,PASS,OK,class 74 assigned twice in L188full
L188full_no_double_assignment,structure,,MUST_HOLD,PASS,OK,class 75 assigned twice in L188full
L188full_no_double_assignment,structure,,MUST_HOLD,PASS,OK,class 76 assigned twice in L188full
L188full_no_double_assignment,structure,,MUST_HOLD,PASS,OK,class 77 assigned twice in L188full
L188full_no_double_assignment,structure,,MUST_HOLD,PASS,OK,class 78 assigned twice in L188full
L188full_no_double_assignment,structure,,MUST_HOLD,PASS,OK,class 79 assigned twice in L188full
L188full_no_double_assignment,structure,,MUST_HOLD,PASS,OK,class 80 assigned twice in L188full
L188full_no_double_assignment,structure,,MUST_HOLD,PASS,OK,class 81 assigned twice in L188full
L188full_no_double_assignment,structure,,MUST_HOLD,PASS,OK,class 82 assigned twice in L188full
L188full_no_double_assignment,structure,,MUST_HOLD,PASS,OK,class 83 assigned twice in L188full
L188full_no_double_assignment,structure,,MUST_HOLD,PASS,OK,class 84 assigned twice in L188full
L188full_no_double_assignment,structure,,MUST_HOLD,PASS,OK,class 85 assigned twice in L188full
L188full_no_double_assignment,structure,,MUST_HOLD,PASS,OK,class 86 assigned twice in L188full
L188full_no_double_assignment,structure,,MUST_HOLD,PASS,OK,class 87 assigned twice in L188full
L188full_no_double_assignment,structure,,MUST_HOLD,PASS,OK,class 88 assigned twice in L188full
L188full_no_double_assignment,structure,,MUST_HOLD,PASS,OK,class 89 assigned twice in L188full
L188full_no_double_assignment,structure,,MUST_HOLD,PASS,OK,class 90 assigned twice in L188full
L188full_no_double_assignment,structure,,MUST_HOLD,PASS,OK,class 91 assigned twice in L188full
L188full_no_double_assignment,structure,,MUST_HOLD,PASS,OK,class 92 assigned twice in L188full
L188full_no_double_assignment,structure,,MUST_HOLD,PASS,OK,class 93 assigned twice in L188full
L188full_no_double_assignment,structure,,MUST_HOLD,PASS,OK,class 94 assigned twice in L188full
L188full_no_double_assignment,structure,,MUST_HOLD,PASS,OK,class 95 assigned twice in L188full
L188full_no_double_assignment,structure,,MUST_HOLD,PASS,OK,class 96 assigned twice in L188full
L188full_no_double_assignment,structure,,MUST_HOLD,PASS,OK,class 97 assigned twice in L188full
L188full_no_double_assignment,structure,,MUST_HOLD,PASS,OK,class 98 assigned twice in L188full
L188full_no_double_assignment,structure,,MUST_HOLD,PASS,OK,class 99 assigned twice in L188full
L188full_no_double_assignment,structure,,MUST_HOLD,PASS,OK,class 100 assigned twice in L188full
L188full_no_double_assignment,structure,,MUST_HOLD,PASS,OK,class 101 assigned twice in L188full
L188full_no_double_assignment,structure,,MUST_HOLD,PASS,OK,class 102 assigned twice in L188full
L188full_no_double_assignment,structure,,MUST_HOLD,PASS,OK,class 103 assigned twice in L188full
L188full_no_double_assignment,structure,,MUST_HOLD,PASS,OK,class 104 assigned twice in L188full
L188full_no_double_assignment,structure,,MUST_HOLD,PASS,OK,class 105 assigned twice in L188full
L188full_no_double_assignment,structure,,MUST_HOLD,PASS,OK,class 106 assigned twice in L188full
L188full_no_double_assignment,structure,,MUST_HOLD,PASS,OK,class 107 assigned twice in L188full
L188full_no_double_assignment,structure,,MUST_HOLD,PASS,OK,class 108 assigned twice in L188full
L188full_no_double_assignment,structure,,MUST_HOLD,PASS,OK,class 109 assigned twice in L188full
L188full_no_double_assignment,structure,,MUST_HOLD,PASS,OK,class 110 assigned twice in L188full
L188full_no_double_assignment,structure,,MUST_HOLD,PASS,OK,class 111 assigned twice in L188full
L188full_no_double_assignment,structure,,MUST_HOLD,PASS,OK,class 112 assigned twice in L188full
L188full_no_double_assignment,structure,,MUST_HOLD,PASS,OK,class 113 assigned twice in L188full
L188full_no_double_assignment,structure,,MUST_HOLD,PASS,OK,class 114 assigned twice in L188full
L188full_no_double_assignment,structure,,MUST_HOLD,PASS,OK,class 115 assigned twice in L188full
L188full_no_double_assignment,structure,,MUST_HOLD,PASS,OK,class 116 assigned twice in L188full
L188full_no_double_assignment,structure,,MUST_HOLD,PASS,OK,class 117 assigned twice in L188full
L188full_no_double_assignment,structure,,MUST_HOLD,PASS,OK,class 118 assigned twice in L188full
L188full_no_double_assignment,structure,,MUST_HOLD,PASS,OK,class 119 assigned twice in L188full
L188full_no_double_assignment,structure,,MUST_HOLD,PASS,OK,class 120 assigned twice in L188full
L188full_no_double_assignment,structure,,MUST_HOLD,PASS,OK,class 121 assigned twice in L188full
L188full_no_double_assignment,structure,,MUST_HOLD,PASS,OK,class 122 assigned twice in L188full
L188full_no_double_assignment,structure,,MUST_HOLD,PASS,OK,class 123 assigned twice in L188full
L188full_no_double_assignment,structure,,MUST_HOLD,PASS,OK,class 124 assigned twice in L188full
L188full_no_double_assignment,structure,,MUST_HOLD,PASS,OK,class 125 assigned twice in L188full
L188full_no_double_assignment,structure,,MUST_HOLD,PASS,OK,class 126 assigned twice in L188full
L188full_no_double_assignment,structure,,MUST_HOLD,PASS,OK,class 127 assigned twice in L188full
L188full_no_double_assignment,structure,,MUST_HOLD,PASS,OK,class 128 assigned twice in L188full
L188full_no_double_assignment,structure,,MUST_HOLD,PASS,OK,class 129 assigned twice in L188full
L188full_no_double_assignment,structure,,MUST_HOLD,PASS,OK,class 130 assigned twice in L188full
L188full_no_double_assignment,structure,,MUST_HOLD,PASS,OK,class 131 assigned twice in L188full
L188full_no_double_assignment,structure,,MUST_HOLD,PASS,OK,class 132 assigned twice in L188full
L188full_no_double_assignment,structure,,MUST_HOLD,PASS,OK,class 133 assigned twice in L188full
L188full_no_double_assignment,structure,,MUST_HOLD,PASS,OK,class 134 assigned twice in L188full
L188full_no_double_assignment,structure,,MUST_HOLD,PASS,OK,class 135 assigned twice in L188full
L188full_no_double_assignment,structure,,MUST_HOLD,PASS,OK,class 136 assigned twice in L188full
L188full_no_double_assignment,structure,,MUST_HOLD,PASS,OK,class 137 assigned twice in L188full
L188full_no_double_assignment,structure,,MUST_HOLD,PASS,OK,class 138 assigned twice in L188full
L188full_no_double_assignment,structure,,MUST_HOLD,PASS,OK,class 139 assigned twice in L188full
L188full_no_double_assignment,structure,,MUST_HOLD,PASS,OK,class 140 assigned twice in L188full
L188full_no_double_assignment,structure,,MUST_HOLD,PASS,OK,class 141 assigned twice in L188full
L188full_no_double_assignment,structure,,MUST_HOLD,PASS,OK,class 142 assigned twice in L188full
L188full_no_double_assignment,structure,,MUST_HOLD,PASS,OK,class 143 assigned twice in L188full
L188full_no_double_assignment,structure,,MUST_HOLD,PASS,OK,class 144 assigned twice in L188full
L188full_no_double_assignment,structure,,MUST_HOLD,PASS,OK,class 145 assigned twice in L188full
L188full_no_double_assignment,structure,,MUST_HOLD,PASS,OK,class 146 assigned twice in L188full
L188full_no_double_assignment,structure,,MUST_HOLD,PASS,OK,class 147 assigned twice in L188full
L188full_no_double_assignment,structure,,MUST_HOLD,PASS,OK,class 148 assigned twice in L188full
L188full_no_double_assignment,structure,,MUST_HOLD,PASS,OK,class 149 assigned twice in L188full
L188full_no_double_assignment,structure,,MUST_HOLD,PASS,OK,class 150 assigned twice in L188full
L188full_no_double_assignment,structure,,MUST_HOLD,PASS,OK,class 151 assigned twice in L188full
L188full_no_double_assignment,structure,,MUST_HOLD,PASS,OK,class 152 assigned twice in L188full
L188full_no_double_assignment,structure,,MUST_HOLD,PASS,OK,class 153 assigned twice in L188full
L188full_no_double_assignment,structure,,MUST_HOLD,PASS,OK,class 154 assigned twice in L188full
L188full_no_double_assignment,structure,,MUST_HOLD,PASS,OK,class 155 assigned twice in L188full
L188full_no_double_assignment,structure,,MUST_HOLD,PASS,OK,class 156 assigned twice in L188full
L188full_no_double_assignment,structure,,MUST_HOLD,PASS,OK,class 157 assigned twice in L188full
L188full_no_double_assignment,structure,,MUST_HOLD,PASS,OK,class 158 assigned twice in L188full
L188full_no_double_assignment,structure,,MUST_HOLD,PASS,OK,class 159 assigned twice in L188full
L188full_no_double_assignment,structure,,MUST_HOLD,PASS,OK,class 160 assigned twice in L188full
L188full_no_double_assignment,structure,,MUST_HOLD,PASS,OK,class 161 assigned twice in L188full
L188full_no_double_assignment,structure,,MUST_HOLD,PASS,OK,class 162 assigned twice in L188full
L188full_no_double_assignment,structure,,MUST_HOLD,PASS,OK,class 163 assigned twice in L188full
L188full_no_double_assignment,structure,,MUST_HOLD,PASS,OK,class 164 assigned twice in L188full
L188full_no_double_assignment,structure,,MUST_HOLD,PASS,OK,class 165 assigned twice in L188full
L188full_no_double_assignment,structure,,MUST_HOLD,PASS,OK,class 166 assigned twice in L188full
L188full_no_double_assignment,structure,,MUST_HOLD,PASS,OK,class 167 assigned twice in L188full
L188full_no_double_assignment,structure,,MUST_HOLD,PASS,OK,class 168 assigned twice in L188full
L188full_no_double_assignment,structure,,MUST_HOLD,PASS,OK,class 169 assigned twice in L188full
L188full_no_double_assignment,structure,,MUST_HOLD,PASS,OK,class 170 assigned twice in L188full
L188full_no_double_assignment,structure,,MUST_HOLD,PASS,OK,class 171 assigned twice in L188full
L188full_no_double_assignment,structure,,MUST_HOLD,PASS,OK,class 172 assigned twice in L188full
L188full_no_double_assignment,structure,,MUST_HOLD,PASS,OK,class 173 assigned twice in L188full
L188full_no_double_assignment,structure,,MUST_HOLD,PASS,OK,class 174 assigned twice in L188full
L188full_no_double_assignment,structure,,MUST_HOLD,PASS,OK,class 175 assigned twice in L188full
L188full_no_double_assignment,structure,,MUST_HOLD,PASS,OK,class 176 assigned twice in L188full
L188full_no_double_assignment,structure,,MUST_HOLD,PASS,OK,class 177 assigned twice in L188full
L188full_no_double_assignment,structure,,MUST_HOLD,PASS,OK,class 178 assigned twice in L188full
L188full_no_double_assignment,structure,,MUST_HOLD,PASS,OK,class 179 assigned twice in L188full
L188full_no_double_assignment,structure,,MUST_HOLD,PASS,OK,class 180 assigned twice in L188full
L188full_no_double_assignment,structure,,MUST_HOLD,PASS,OK,class 181 assigned twice in L188full
L188full_no_double_assignment,structure,,MUST_HOLD,PASS,OK,class 182 assigned twice in L188full
L188full_no_double_assignment,structure,,MUST_HOLD,PASS,OK,class 183 assigned twice in L188full
L188full_no_double_assignment,structure,,MUST_HOLD,PASS,OK,class 184 assigned twice in L188full
L188full_no_double_assignment,structure,,MUST_HOLD,PASS,OK,class 185 assigned twice in L188full
L188full_no_double_assignment,structure,,MUST_HOLD,PASS,OK,class 186 assigned twice in L188full
L188full_no_double_assignment,structure,,MUST_HOLD,PASS,OK,class 187 assigned twice in L188full
L188full_covers_universe,structure,,MUST_HOLD,PASS,OK,"L188full covers exactly 188 indices (missing [], extra [])"
L188_every_class_within_one_reweight_group,L187,,MUST_HOLD,PASS,OK,"all 188 L188 vocabulary classes lie inside a single reweighting group, so the sampling measure per label is unambiguous"
L187_every_class_within_one_reweight_group,L187,,MUST_HOLD,PASS,OK,"all 187 L187 vocabulary classes lie inside a single reweighting group, so the sampling measure per label is unambiguous"
L187_sampling_measure_exactly_unchanged,L187,,MUST_HOLD,PASS,OK,"the realised 30-group stream-share vector is IDENTICAL under L188 and L187 -- exact equality on all 30 entries, not approximate -- because the cs->qq merge is contained inside label_X_QQ. L187+ therefore sees a byte-identical jet stream to L188+: the arm is a pure label-only intervention. Computed in exact rationals; max abs difference over the 30 groups = 0"
L187_only_merged_node_share_changes,L187,,MUST_HOLD,PASS,OK,exactly one of the 187 vocabulary nodes has a stream share differing from its L188 counterpart: ['2P_qq_plus_cs']. Its share is the exact sum of the two merged classes (0.0256644691 + 0.0256644691 = 0.0513289383); the other 186 are untouched
L43res_no_double_assignment,structure,,MUST_HOLD,PASS,OK,class 0 assigned twice in L43res
L43res_no_double_assignment,structure,,MUST_HOLD,PASS,OK,class 1 assigned twice in L43res
L43res_no_double_assignment,structure,,MUST_HOLD,PASS,OK,class 2 assigned twice in L43res
L43res_no_double_assignment,structure,,MUST_HOLD,PASS,OK,class 3 assigned twice in L43res
L43res_no_double_assignment,structure,,MUST_HOLD,PASS,OK,class 4 assigned twice in L43res
L43res_no_double_assignment,structure,,MUST_HOLD,PASS,OK,class 5 assigned twice in L43res
L43res_no_double_assignment,structure,,MUST_HOLD,PASS,OK,class 6 assigned twice in L43res
L43res_no_double_assignment,structure,,MUST_HOLD,PASS,OK,class 7 assigned twice in L43res
L43res_no_double_assignment,structure,,MUST_HOLD,PASS,OK,class 8 assigned twice in L43res
L43res_no_double_assignment,structure,,MUST_HOLD,PASS,OK,class 9 assigned twice in L43res
L43res_no_double_assignment,structure,,MUST_HOLD,PASS,OK,class 10 assigned twice in L43res
L43res_no_double_assignment,structure,,MUST_HOLD,PASS,OK,class 11 assigned twice in L43res
L43res_no_double_assignment,structure,,MUST_HOLD,PASS,OK,class 12 assigned twice in L43res
L43res_no_double_assignment,structure,,MUST_HOLD,PASS,OK,class 13 assigned twice in L43res
L43res_no_double_assignment,structure,,MUST_HOLD,PASS,OK,class 14 assigned twice in L43res
L43res_no_double_assignment,structure,,MUST_HOLD,PASS,OK,class 15 assigned twice in L43res
L43res_no_double_assignment,structure,,MUST_HOLD,PASS,OK,class 16 assigned twice in L43res
L43res_no_double_assignment,structure,,MUST_HOLD,PASS,OK,class 17 assigned twice in L43res
L43res_no_double_assignment,structure,,MUST_HOLD,PASS,OK,class 18 assigned twice in L43res
L43res_no_double_assignment,structure,,MUST_HOLD,PASS,OK,class 19 assigned twice in L43res
L43res_no_double_assignment,structure,,MUST_HOLD,PASS,OK,class 20 assigned twice in L43res
L43res_no_double_assignment,structure,,MUST_HOLD,PASS,OK,class 21 assigned twice in L43res
L43res_no_double_assignment,structure,,MUST_HOLD,PASS,OK,class 22 assigned twice in L43res
L43res_no_double_assignment,structure,,MUST_HOLD,PASS,OK,class 23 assigned twice in L43res
L43res_no_double_assignment,structure,,MUST_HOLD,PASS,OK,class 24 assigned twice in L43res
L43res_no_double_assignment,structure,,MUST_HOLD,PASS,OK,class 25 assigned twice in L43res
L43res_no_double_assignment,structure,,MUST_HOLD,PASS,OK,class 26 assigned twice in L43res
L43res_no_double_assignment,structure,,MUST_HOLD,PASS,OK,class 27 assigned twice in L43res
L43res_no_double_assignment,structure,,MUST_HOLD,PASS,OK,class 28 assigned twice in L43res
L43res_no_double_assignment,structure,,MUST_HOLD,PASS,OK,class 29 assigned twice in L43res
L43res_no_double_assignment,structure,,MUST_HOLD,PASS,OK,class 30 assigned twice in L43res
L43res_no_double_assignment,structure,,MUST_HOLD,PASS,OK,class 31 assigned twice in L43res
L43res_no_double_assignment,structure,,MUST_HOLD,PASS,OK,class 32 assigned twice in L43res
L43res_no_double_assignment,structure,,MUST_HOLD,PASS,OK,class 33 assigned twice in L43res
L43res_no_double_assignment,structure,,MUST_HOLD,PASS,OK,class 34 assigned twice in L43res
L43res_no_double_assignment,structure,,MUST_HOLD,PASS,OK,class 35 assigned twice in L43res
L43res_no_double_assignment,structure,,MUST_HOLD,PASS,OK,class 36 assigned twice in L43res
L43res_no_double_assignment,structure,,MUST_HOLD,PASS,OK,class 37 assigned twice in L43res
L43res_no_double_assignment,structure,,MUST_HOLD,PASS,OK,class 38 assigned twice in L43res
L43res_no_double_assignment,structure,,MUST_HOLD,PASS,OK,class 39 assigned twice in L43res
L43res_no_double_assignment,structure,,MUST_HOLD,PASS,OK,class 40 assigned twice in L43res
L43res_no_double_assignment,structure,,MUST_HOLD,PASS,OK,class 41 assigned twice in L43res
L43res_no_double_assignment,structure,,MUST_HOLD,PASS,OK,class 42 assigned twice in L43res
L43res_no_double_assignment,structure,,MUST_HOLD,PASS,OK,class 43 assigned twice in L43res
L43res_no_double_assignment,structure,,MUST_HOLD,PASS,OK,class 44 assigned twice in L43res
L43res_no_double_assignment,structure,,MUST_HOLD,PASS,OK,class 45 assigned twice in L43res
L43res_no_double_assignment,structure,,MUST_HOLD,PASS,OK,class 46 assigned twice in L43res
L43res_no_double_assignment,structure,,MUST_HOLD,PASS,OK,class 47 assigned twice in L43res
L43res_no_double_assignment,structure,,MUST_HOLD,PASS,OK,class 48 assigned twice in L43res
L43res_no_double_assignment,structure,,MUST_HOLD,PASS,OK,class 49 assigned twice in L43res
L43res_no_double_assignment,structure,,MUST_HOLD,PASS,OK,class 50 assigned twice in L43res
L43res_no_double_assignment,structure,,MUST_HOLD,PASS,OK,class 51 assigned twice in L43res
L43res_no_double_assignment,structure,,MUST_HOLD,PASS,OK,class 52 assigned twice in L43res
L43res_no_double_assignment,structure,,MUST_HOLD,PASS,OK,class 53 assigned twice in L43res
L43res_no_double_assignment,structure,,MUST_HOLD,PASS,OK,class 54 assigned twice in L43res
L43res_no_double_assignment,structure,,MUST_HOLD,PASS,OK,class 55 assigned twice in L43res
L43res_no_double_assignment,structure,,MUST_HOLD,PASS,OK,class 56 assigned twice in L43res
L43res_no_double_assignment,structure,,MUST_HOLD,PASS,OK,class 57 assigned twice in L43res
L43res_no_double_assignment,structure,,MUST_HOLD,PASS,OK,class 58 assigned twice in L43res
L43res_no_double_assignment,structure,,MUST_HOLD,PASS,OK,class 59 assigned twice in L43res
L43res_no_double_assignment,structure,,MUST_HOLD,PASS,OK,class 60 assigned twice in L43res
L43res_no_double_assignment,structure,,MUST_HOLD,PASS,OK,class 61 assigned twice in L43res
L43res_no_double_assignment,structure,,MUST_HOLD,PASS,OK,class 62 assigned twice in L43res
L43res_no_double_assignment,structure,,MUST_HOLD,PASS,OK,class 63 assigned twice in L43res
L43res_no_double_assignment,structure,,MUST_HOLD,PASS,OK,class 64 assigned twice in L43res
L43res_no_double_assignment,structure,,MUST_HOLD,PASS,OK,class 65 assigned twice in L43res
L43res_no_double_assignment,structure,,MUST_HOLD,PASS,OK,class 66 assigned twice in L43res
L43res_no_double_assignment,structure,,MUST_HOLD,PASS,OK,class 67 assigned twice in L43res
L43res_no_double_assignment,structure,,MUST_HOLD,PASS,OK,class 68 assigned twice in L43res
L43res_no_double_assignment,structure,,MUST_HOLD,PASS,OK,class 69 assigned twice in L43res
L43res_no_double_assignment,structure,,MUST_HOLD,PASS,OK,class 70 assigned twice in L43res
L43res_no_double_assignment,structure,,MUST_HOLD,PASS,OK,class 71 assigned twice in L43res
L43res_no_double_assignment,structure,,MUST_HOLD,PASS,OK,class 72 assigned twice in L43res
L43res_no_double_assignment,structure,,MUST_HOLD,PASS,OK,class 73 assigned twice in L43res
L43res_no_double_assignment,structure,,MUST_HOLD,PASS,OK,class 74 assigned twice in L43res
L43res_no_double_assignment,structure,,MUST_HOLD,PASS,OK,class 75 assigned twice in L43res
L43res_no_double_assignment,structure,,MUST_HOLD,PASS,OK,class 76 assigned twice in L43res
L43res_no_double_assignment,structure,,MUST_HOLD,PASS,OK,class 77 assigned twice in L43res
L43res_no_double_assignment,structure,,MUST_HOLD,PASS,OK,class 78 assigned twice in L43res
L43res_no_double_assignment,structure,,MUST_HOLD,PASS,OK,class 79 assigned twice in L43res
L43res_no_double_assignment,structure,,MUST_HOLD,PASS,OK,class 80 assigned twice in L43res
L43res_no_double_assignment,structure,,MUST_HOLD,PASS,OK,class 81 assigned twice in L43res
L43res_no_double_assignment,structure,,MUST_HOLD,PASS,OK,class 82 assigned twice in L43res
L43res_no_double_assignment,structure,,MUST_HOLD,PASS,OK,class 83 assigned twice in L43res
L43res_no_double_assignment,structure,,MUST_HOLD,PASS,OK,class 84 assigned twice in L43res
L43res_no_double_assignment,structure,,MUST_HOLD,PASS,OK,class 85 assigned twice in L43res
L43res_no_double_assignment,structure,,MUST_HOLD,PASS,OK,class 86 assigned twice in L43res
L43res_no_double_assignment,structure,,MUST_HOLD,PASS,OK,class 87 assigned twice in L43res
L43res_no_double_assignment,structure,,MUST_HOLD,PASS,OK,class 88 assigned twice in L43res
L43res_no_double_assignment,structure,,MUST_HOLD,PASS,OK,class 89 assigned twice in L43res
L43res_no_double_assignment,structure,,MUST_HOLD,PASS,OK,class 90 assigned twice in L43res
L43res_no_double_assignment,structure,,MUST_HOLD,PASS,OK,class 91 assigned twice in L43res
L43res_no_double_assignment,structure,,MUST_HOLD,PASS,OK,class 92 assigned twice in L43res
L43res_no_double_assignment,structure,,MUST_HOLD,PASS,OK,class 93 assigned twice in L43res
L43res_no_double_assignment,structure,,MUST_HOLD,PASS,OK,class 94 assigned twice in L43res
L43res_no_double_assignment,structure,,MUST_HOLD,PASS,OK,class 95 assigned twice in L43res
L43res_no_double_assignment,structure,,MUST_HOLD,PASS,OK,class 96 assigned twice in L43res
L43res_no_double_assignment,structure,,MUST_HOLD,PASS,OK,class 97 assigned twice in L43res
L43res_no_double_assignment,structure,,MUST_HOLD,PASS,OK,class 98 assigned twice in L43res
L43res_no_double_assignment,structure,,MUST_HOLD,PASS,OK,class 99 assigned twice in L43res
L43res_no_double_assignment,structure,,MUST_HOLD,PASS,OK,class 100 assigned twice in L43res
L43res_no_double_assignment,structure,,MUST_HOLD,PASS,OK,class 101 assigned twice in L43res
L43res_no_double_assignment,structure,,MUST_HOLD,PASS,OK,class 102 assigned twice in L43res
L43res_no_double_assignment,structure,,MUST_HOLD,PASS,OK,class 103 assigned twice in L43res
L43res_no_double_assignment,structure,,MUST_HOLD,PASS,OK,class 104 assigned twice in L43res
L43res_no_double_assignment,structure,,MUST_HOLD,PASS,OK,class 105 assigned twice in L43res
L43res_no_double_assignment,structure,,MUST_HOLD,PASS,OK,class 106 assigned twice in L43res
L43res_no_double_assignment,structure,,MUST_HOLD,PASS,OK,class 107 assigned twice in L43res
L43res_no_double_assignment,structure,,MUST_HOLD,PASS,OK,class 108 assigned twice in L43res
L43res_no_double_assignment,structure,,MUST_HOLD,PASS,OK,class 109 assigned twice in L43res
L43res_no_double_assignment,structure,,MUST_HOLD,PASS,OK,class 110 assigned twice in L43res
L43res_no_double_assignment,structure,,MUST_HOLD,PASS,OK,class 111 assigned twice in L43res
L43res_no_double_assignment,structure,,MUST_HOLD,PASS,OK,class 112 assigned twice in L43res
L43res_no_double_assignment,structure,,MUST_HOLD,PASS,OK,class 113 assigned twice in L43res
L43res_no_double_assignment,structure,,MUST_HOLD,PASS,OK,class 114 assigned twice in L43res
L43res_no_double_assignment,structure,,MUST_HOLD,PASS,OK,class 115 assigned twice in L43res
L43res_no_double_assignment,structure,,MUST_HOLD,PASS,OK,class 116 assigned twice in L43res
L43res_no_double_assignment,structure,,MUST_HOLD,PASS,OK,class 117 assigned twice in L43res
L43res_no_double_assignment,structure,,MUST_HOLD,PASS,OK,class 118 assigned twice in L43res
L43res_no_double_assignment,structure,,MUST_HOLD,PASS,OK,class 119 assigned twice in L43res
L43res_no_double_assignment,structure,,MUST_HOLD,PASS,OK,class 120 assigned twice in L43res
L43res_no_double_assignment,structure,,MUST_HOLD,PASS,OK,class 121 assigned twice in L43res
L43res_no_double_assignment,structure,,MUST_HOLD,PASS,OK,class 122 assigned twice in L43res
L43res_no_double_assignment,structure,,MUST_HOLD,PASS,OK,class 123 assigned twice in L43res
L43res_no_double_assignment,structure,,MUST_HOLD,PASS,OK,class 124 assigned twice in L43res
L43res_no_double_assignment,structure,,MUST_HOLD,PASS,OK,class 125 assigned twice in L43res
L43res_no_double_assignment,structure,,MUST_HOLD,PASS,OK,class 126 assigned twice in L43res
L43res_no_double_assignment,structure,,MUST_HOLD,PASS,OK,class 127 assigned twice in L43res
L43res_no_double_assignment,structure,,MUST_HOLD,PASS,OK,class 128 assigned twice in L43res
L43res_no_double_assignment,structure,,MUST_HOLD,PASS,OK,class 129 assigned twice in L43res
L43res_no_double_assignment,structure,,MUST_HOLD,PASS,OK,class 130 assigned twice in L43res
L43res_no_double_assignment,structure,,MUST_HOLD,PASS,OK,class 131 assigned twice in L43res
L43res_no_double_assignment,structure,,MUST_HOLD,PASS,OK,class 132 assigned twice in L43res
L43res_no_double_assignment,structure,,MUST_HOLD,PASS,OK,class 133 assigned twice in L43res
L43res_no_double_assignment,structure,,MUST_HOLD,PASS,OK,class 134 assigned twice in L43res
L43res_no_double_assignment,structure,,MUST_HOLD,PASS,OK,class 135 assigned twice in L43res
L43res_no_double_assignment,structure,,MUST_HOLD,PASS,OK,class 136 assigned twice in L43res
L43res_no_double_assignment,structure,,MUST_HOLD,PASS,OK,class 137 assigned twice in L43res
L43res_no_double_assignment,structure,,MUST_HOLD,PASS,OK,class 138 assigned twice in L43res
L43res_no_double_assignment,structure,,MUST_HOLD,PASS,OK,class 139 assigned twice in L43res
L43res_no_double_assignment,structure,,MUST_HOLD,PASS,OK,class 140 assigned twice in L43res
L43res_no_double_assignment,structure,,MUST_HOLD,PASS,OK,class 141 assigned twice in L43res
L43res_no_double_assignment,structure,,MUST_HOLD,PASS,OK,class 142 assigned twice in L43res
L43res_no_double_assignment,structure,,MUST_HOLD,PASS,OK,class 143 assigned twice in L43res
L43res_no_double_assignment,structure,,MUST_HOLD,PASS,OK,class 144 assigned twice in L43res
L43res_no_double_assignment,structure,,MUST_HOLD,PASS,OK,class 145 assigned twice in L43res
L43res_no_double_assignment,structure,,MUST_HOLD,PASS,OK,class 146 assigned twice in L43res
L43res_no_double_assignment,structure,,MUST_HOLD,PASS,OK,class 147 assigned twice in L43res
L43res_no_double_assignment,structure,,MUST_HOLD,PASS,OK,class 148 assigned twice in L43res
L43res_no_double_assignment,structure,,MUST_HOLD,PASS,OK,class 149 assigned twice in L43res
L43res_no_double_assignment,structure,,MUST_HOLD,PASS,OK,class 150 assigned twice in L43res
L43res_no_double_assignment,structure,,MUST_HOLD,PASS,OK,class 151 assigned twice in L43res
L43res_no_double_assignment,structure,,MUST_HOLD,PASS,OK,class 152 assigned twice in L43res
L43res_no_double_assignment,structure,,MUST_HOLD,PASS,OK,class 153 assigned twice in L43res
L43res_no_double_assignment,structure,,MUST_HOLD,PASS,OK,class 154 assigned twice in L43res
L43res_no_double_assignment,structure,,MUST_HOLD,PASS,OK,class 155 assigned twice in L43res
L43res_no_double_assignment,structure,,MUST_HOLD,PASS,OK,class 156 assigned twice in L43res
L43res_no_double_assignment,structure,,MUST_HOLD,PASS,OK,class 157 assigned twice in L43res
L43res_no_double_assignment,structure,,MUST_HOLD,PASS,OK,class 158 assigned twice in L43res
L43res_no_double_assignment,structure,,MUST_HOLD,PASS,OK,class 159 assigned twice in L43res
L43res_no_double_assignment,structure,,MUST_HOLD,PASS,OK,class 160 assigned twice in L43res
L43res_covers_universe,structure,,MUST_HOLD,PASS,OK,"L43res covers exactly 161 indices (missing [], extra [])"
rand42_size_template_matches_R15,structure,,MUST_HOLD,PASS,OK,"rand42 block-size template taken from R=15 within each stratum: res2p=[3, 3, 4, 2, 3]; res34p=[22, 5, 10, 15, 20, 9, 20, 15, 12, 18]"
rand42_draw1_res2p_exhausted,structure,,MUST_HOLD,PASS,OK,draw 1 stratum res2p: 15 of 15 indices consumed
rand42_draw1_res34p_exhausted,structure,,MUST_HOLD,PASS,OK,draw 1 stratum res34p: 146 of 146 indices consumed
rand42_d1_no_double_assignment,structure,,MUST_HOLD,PASS,OK,class 12 assigned twice in rand42_d1
rand42_d1_no_double_assignment,structure,,MUST_HOLD,PASS,OK,class 3 assigned twice in rand42_d1
rand42_d1_no_double_assignment,structure,,MUST_HOLD,PASS,OK,class 5 assigned twice in rand42_d1
rand42_d1_no_double_assignment,structure,,MUST_HOLD,PASS,OK,class 1 assigned twice in rand42_d1
rand42_d1_no_double_assignment,structure,,MUST_HOLD,PASS,OK,class 14 assigned twice in rand42_d1
rand42_d1_no_double_assignment,structure,,MUST_HOLD,PASS,OK,class 6 assigned twice in rand42_d1
rand42_d1_no_double_assignment,structure,,MUST_HOLD,PASS,OK,class 2 assigned twice in rand42_d1
rand42_d1_no_double_assignment,structure,,MUST_HOLD,PASS,OK,class 8 assigned twice in rand42_d1
rand42_d1_no_double_assignment,structure,,MUST_HOLD,PASS,OK,class 13 assigned twice in rand42_d1
rand42_d1_no_double_assignment,structure,,MUST_HOLD,PASS,OK,class 4 assigned twice in rand42_d1
rand42_d1_no_double_assignment,structure,,MUST_HOLD,PASS,OK,class 9 assigned twice in rand42_d1
rand42_d1_no_double_assignment,structure,,MUST_HOLD,PASS,OK,class 7 assigned twice in rand42_d1
rand42_d1_no_double_assignment,structure,,MUST_HOLD,PASS,OK,class 0 assigned twice in rand42_d1
rand42_d1_no_double_assignment,structure,,MUST_HOLD,PASS,OK,class 11 assigned twice in rand42_d1
rand42_d1_no_double_assignment,structure,,MUST_HOLD,PASS,OK,class 10 assigned twice in rand42_d1
rand42_d1_no_double_assignment,structure,,MUST_HOLD,PASS,OK,class 125 assigned twice in rand42_d1
rand42_d1_no_double_assignment,structure,,MUST_HOLD,PASS,OK,class 108 assigned twice in rand42_d1
rand42_d1_no_double_assignment,structure,,MUST_HOLD,PASS,OK,class 157 assigned twice in rand42_d1
rand42_d1_no_double_assignment,structure,,MUST_HOLD,PASS,OK,class 96 assigned twice in rand42_d1
rand42_d1_no_double_assignment,structure,,MUST_HOLD,PASS,OK,class 121 assigned twice in rand42_d1
rand42_d1_no_double_assignment,structure,,MUST_HOLD,PASS,OK,class 134 assigned twice in rand42_d1
rand42_d1_no_double_assignment,structure,,MUST_HOLD,PASS,OK,class 123 assigned twice in rand42_d1
rand42_d1_no_double_assignment,structure,,MUST_HOLD,PASS,OK,class 64 assigned twice in rand42_d1
rand42_d1_no_double_assignment,structure,,MUST_HOLD,PASS,OK,class 129 assigned twice in rand42_d1
rand42_d1_no_double_assignment,structure,,MUST_HOLD,PASS,OK,class 156 assigned twice in rand42_d1
rand42_d1_no_double_assignment,structure,,MUST_HOLD,PASS,OK,class 136 assigned twice in rand42_d1
rand42_d1_no_double_assignment,structure,,MUST_HOLD,PASS,OK,class 89 assigned twice in rand42_d1
rand42_d1_no_double_assignment,structure,,MUST_HOLD,PASS,OK,class 30 assigned twice in rand42_d1
rand42_d1_no_double_assignment,structure,,MUST_HOLD,PASS,OK,class 91 assigned twice in rand42_d1
rand42_d1_no_double_assignment,structure,,MUST_HOLD,PASS,OK,class 87 assigned twice in rand42_d1
rand42_d1_no_double_assignment,structure,,MUST_HOLD,PASS,OK,class 70 assigned twice in rand42_d1
rand42_d1_no_double_assignment,structure,,MUST_HOLD,PASS,OK,class 151 assigned twice in rand42_d1
rand42_d1_no_double_assignment,structure,,MUST_HOLD,PASS,OK,class 100 assigned twice in rand42_d1
rand42_d1_no_double_assignment,structure,,MUST_HOLD,PASS,OK,class 49 assigned twice in rand42_d1
rand42_d1_no_double_assignment,structure,,MUST_HOLD,PASS,OK,class 36 assigned twice in rand42_d1
rand42_d1_no_double_assignment,structure,,MUST_HOLD,PASS,OK,class 85 assigned twice in rand42_d1
rand42_d1_no_double_assignment,structure,,MUST_HOLD,PASS,OK,class 138 assigned twice in rand42_d1
rand42_d1_no_double_assignment,structure,,MUST_HOLD,PASS,OK,class 39 assigned twice in rand42_d1
rand42_d1_no_double_assignment,structure,,MUST_HOLD,PASS,OK,class 47 assigned twice in rand42_d1
rand42_d1_no_double_assignment,structure,,MUST_HOLD,PASS,OK,class 88 assigned twice in rand42_d1
rand42_d1_no_double_assignment,structure,,MUST_HOLD,PASS,OK,class 45 assigned twice in rand42_d1
rand42_d1_no_double_assignment,structure,,MUST_HOLD,PASS,OK,class 53 assigned twice in rand42_d1
rand42_d1_no_double_assignment,structure,,MUST_HOLD,PASS,OK,class 84 assigned twice in rand42_d1
rand42_d1_no_double_assignment,structure,,MUST_HOLD,PASS,OK,class 139 assigned twice in rand42_d1
rand42_d1_no_double_assignment,structure,,MUST_HOLD,PASS,OK,class 95 assigned twice in rand42_d1
rand42_d1_no_double_assignment,structure,,MUST_HOLD,PASS,OK,class 42 assigned twice in rand42_d1
rand42_d1_no_double_assignment,structure,,MUST_HOLD,PASS,OK,class 54 assigned twice in rand42_d1
rand42_d1_no_double_assignment,structure,,MUST_HOLD,PASS,OK,class 94 assigned twice in rand42_d1
rand42_d1_no_double_assignment,structure,,MUST_HOLD,PASS,OK,class 114 assigned twice in rand42_d1
rand42_d1_no_double_assignment,structure,,MUST_HOLD,PASS,OK,class 41 assigned twice in rand42_d1
rand42_d1_no_double_assignment,structure,,MUST_HOLD,PASS,OK,class 145 assigned twice in rand42_d1
rand42_d1_no_double_assignment,structure,,MUST_HOLD,PASS,OK,class 67 assigned twice in rand42_d1
rand42_d1_no_double_assignment,structure,,MUST_HOLD,PASS,OK,class 56 assigned twice in rand42_d1
rand42_d1_no_double_assignment,structure,,MUST_HOLD,PASS,OK,class 59 assigned twice in rand42_d1
rand42_d1_no_double_assignment,structure,,MUST_HOLD,PASS,OK,class 149 assigned twice in rand42_d1
rand42_d1_no_double_assignment,structure,,MUST_HOLD,PASS,OK,class 43 assigned twice in rand42_d1
rand42_d1_no_double_assignment,structure,,MUST_HOLD,PASS,OK,class 144 assigned twice in rand42_d1
rand42_d1_no_double_assignment,structure,,MUST_HOLD,PASS,OK,class 22 assigned twice in rand42_d1
rand42_d1_no_double_assignment,structure,,MUST_HOLD,PASS,OK,class 68 assigned twice in rand42_d1
rand42_d1_no_double_assignment,structure,,MUST_HOLD,PASS,OK,class 126 assigned twice in rand42_d1
rand42_d1_no_double_assignment,structure,,MUST_HOLD,PASS,OK,class 62 assigned twice in rand42_d1
rand42_d1_no_double_assignment,structure,,MUST_HOLD,PASS,OK,class 102 assigned twice in rand42_d1
rand42_d1_no_double_assignment,structure,,MUST_HOLD,PASS,OK,class 119 assigned twice in rand42_d1
rand42_d1_no_double_assignment,structure,,MUST_HOLD,PASS,OK,class 16 assigned twice in rand42_d1
rand42_d1_no_double_assignment,structure,,MUST_HOLD,PASS,OK,class 50 assigned twice in rand42_d1
rand42_d1_no_double_assignment,structure,,MUST_HOLD,PASS,OK,class 78 assigned twice in rand42_d1
rand42_d1_no_double_assignment,structure,,MUST_HOLD,PASS,OK,class 75 assigned twice in rand42_d1
rand42_d1_no_double_assignment,structure,,MUST_HOLD,PASS,OK,class 52 assigned twice in rand42_d1
rand42_d1_no_double_assignment,structure,,MUST_HOLD,PASS,OK,class 135 assigned twice in rand42_d1
rand42_d1_no_double_assignment,structure,,MUST_HOLD,PASS,OK,class 122 assigned twice in rand42_d1
rand42_d1_no_double_assignment,structure,,MUST_HOLD,PASS,OK,class 29 assigned twice in rand42_d1
rand42_d1_no_double_assignment,structure,,MUST_HOLD,PASS,OK,class 40 assigned twice in rand42_d1
rand42_d1_no_double_assignment,structure,,MUST_HOLD,PASS,OK,class 19 assigned twice in rand42_d1
rand42_d1_no_double_assignment,structure,,MUST_HOLD,PASS,OK,class 131 assigned twice in rand42_d1
rand42_d1_no_double_assignment,structure,,MUST_HOLD,PASS,OK,class 34 assigned twice in rand42_d1
rand42_d1_no_double_assignment,structure,,MUST_HOLD,PASS,OK,class 24 assigned twice in rand42_d1
rand42_d1_no_double_assignment,structure,,MUST_HOLD,PASS,OK,class 60 assigned twice in rand42_d1
rand42_d1_no_double_assignment,structure,,MUST_HOLD,PASS,OK,class 137 assigned twice in rand42_d1
rand42_d1_no_double_assignment,structure,,MUST_HOLD,PASS,OK,class 155 assigned twice in rand42_d1
rand42_d1_no_double_assignment,structure,,MUST_HOLD,PASS,OK,class 44 assigned twice in rand42_d1
rand42_d1_no_double_assignment,structure,,MUST_HOLD,PASS,OK,class 46 assigned twice in rand42_d1
rand42_d1_no_double_assignment,structure,,MUST_HOLD,PASS,OK,class 35 assigned twice in rand42_d1
rand42_d1_no_double_assignment,structure,,MUST_HOLD,PASS,OK,class 79 assigned twice in rand42_d1
rand42_d1_no_double_assignment,structure,,MUST_HOLD,PASS,OK,class 110 assigned twice in rand42_d1
rand42_d1_no_double_assignment,structure,,MUST_HOLD,PASS,OK,class 154 assigned twice in rand42_d1
rand42_d1_no_double_assignment,structure,,MUST_HOLD,PASS,OK,class 159 assigned twice in rand42_d1
rand42_d1_no_double_assignment,structure,,MUST_HOLD,PASS,OK,class 20 assigned twice in rand42_d1
rand42_d1_no_double_assignment,structure,,MUST_HOLD,PASS,OK,class 48 assigned twice in rand42_d1
rand42_d1_no_double_assignment,structure,,MUST_HOLD,PASS,OK,class 118 assigned twice in rand42_d1
rand42_d1_no_double_assignment,structure,,MUST_HOLD,PASS,OK,class 51 assigned twice in rand42_d1
rand42_d1_no_double_assignment,structure,,MUST_HOLD,PASS,OK,class 65 assigned twice in rand42_d1
rand42_d1_no_double_assignment,structure,,MUST_HOLD,PASS,OK,class 111 assigned twice in rand42_d1
rand42_d1_no_double_assignment,structure,,MUST_HOLD,PASS,OK,class 26 assigned twice in rand42_d1
rand42_d1_no_double_assignment,structure,,MUST_HOLD,PASS,OK,class 38 assigned twice in rand42_d1
rand42_d1_no_double_assignment,structure,,MUST_HOLD,PASS,OK,class 116 assigned twice in rand42_d1
rand42_d1_no_double_assignment,structure,,MUST_HOLD,PASS,OK,class 104 assigned twice in rand42_d1
rand42_d1_no_double_assignment,structure,,MUST_HOLD,PASS,OK,class 82 assigned twice in rand42_d1
rand42_d1_no_double_assignment,structure,,MUST_HOLD,PASS,OK,class 152 assigned twice in rand42_d1
rand42_d1_no_double_assignment,structure,,MUST_HOLD,PASS,OK,class 21 assigned twice in rand42_d1
rand42_d1_no_double_assignment,structure,,MUST_HOLD,PASS,OK,class 23 assigned twice in rand42_d1
rand42_d1_no_double_assignment,structure,,MUST_HOLD,PASS,OK,class 113 assigned twice in rand42_d1
rand42_d1_no_double_assignment,structure,,MUST_HOLD,PASS,OK,class 160 assigned twice in rand42_d1
rand42_d1_no_double_assignment,structure,,MUST_HOLD,PASS,OK,class 15 assigned twice in rand42_d1
rand42_d1_no_double_assignment,structure,,MUST_HOLD,PASS,OK,class 90 assigned twice in rand42_d1
rand42_d1_no_double_assignment,structure,,MUST_HOLD,PASS,OK,class 153 assigned twice in rand42_d1
rand42_d1_no_double_assignment,structure,,MUST_HOLD,PASS,OK,class 127 assigned twice in rand42_d1
rand42_d1_no_double_assignment,structure,,MUST_HOLD,PASS,OK,class 93 assigned twice in rand42_d1
rand42_d1_no_double_assignment,structure,,MUST_HOLD,PASS,OK,class 140 assigned twice in rand42_d1
rand42_d1_no_double_assignment,structure,,MUST_HOLD,PASS,OK,class 109 assigned twice in rand42_d1
rand42_d1_no_double_assignment,structure,,MUST_HOLD,PASS,OK,class 158 assigned twice in rand42_d1
rand42_d1_no_double_assignment,structure,,MUST_HOLD,PASS,OK,class 150 assigned twice in rand42_d1
rand42_d1_no_double_assignment,structure,,MUST_HOLD,PASS,OK,class 80 assigned twice in rand42_d1
rand42_d1_no_double_assignment,structure,,MUST_HOLD,PASS,OK,class 71 assigned twice in rand42_d1
rand42_d1_no_double_assignment,structure,,MUST_HOLD,PASS,OK,class 76 assigned twice in rand42_d1
rand42_d1_no_double_assignment,structure,,MUST_HOLD,PASS,OK,class 17 assigned twice in rand42_d1
rand42_d1_no_double_assignment,structure,,MUST_HOLD,PASS,OK,class 98 assigned twice in rand42_d1
rand42_d1_no_double_assignment,structure,,MUST_HOLD,PASS,OK,class 143 assigned twice in rand42_d1
rand42_d1_no_double_assignment,structure,,MUST_HOLD,PASS,OK,class 142 assigned twice in rand42_d1
rand42_d1_no_double_assignment,structure,,MUST_HOLD,PASS,OK,class 72 assigned twice in rand42_d1
rand42_d1_no_double_assignment,structure,,MUST_HOLD,PASS,OK,class 27 assigned twice in rand42_d1
rand42_d1_no_double_assignment,structure,,MUST_HOLD,PASS,OK,class 73 assigned twice in rand42_d1
rand42_d1_no_double_assignment,structure,,MUST_HOLD,PASS,OK,class 86 assigned twice in rand42_d1
rand42_d1_no_double_assignment,structure,,MUST_HOLD,PASS,OK,class 57 assigned twice in rand42_d1
rand42_d1_no_double_assignment,structure,,MUST_HOLD,PASS,OK,class 124 assigned twice in rand42_d1
rand42_d1_no_double_assignment,structure,,MUST_HOLD,PASS,OK,class 130 assigned twice in rand42_d1
rand42_d1_no_double_assignment,structure,,MUST_HOLD,PASS,OK,class 117 assigned twice in rand42_d1
rand42_d1_no_double_assignment,structure,,MUST_HOLD,PASS,OK,class 33 assigned twice in rand42_d1
rand42_d1_no_double_assignment,structure,,MUST_HOLD,PASS,OK,class 63 assigned twice in rand42_d1
rand42_d1_no_double_assignment,structure,,MUST_HOLD,PASS,OK,class 83 assigned twice in rand42_d1
rand42_d1_no_double_assignment,structure,,MUST_HOLD,PASS,OK,class 148 assigned twice in rand42_d1
rand42_d1_no_double_assignment,structure,,MUST_HOLD,PASS,OK,class 105 assigned twice in rand42_d1
rand42_d1_no_double_assignment,structure,,MUST_HOLD,PASS,OK,class 25 assigned twice in rand42_d1
rand42_d1_no_double_assignment,structure,,MUST_HOLD,PASS,OK,class 101 assigned twice in rand42_d1
rand42_d1_no_double_assignment,structure,,MUST_HOLD,PASS,OK,class 133 assigned twice in rand42_d1
rand42_d1_no_double_assignment,structure,,MUST_HOLD,PASS,OK,class 141 assigned twice in rand42_d1
rand42_d1_no_double_assignment,structure,,MUST_HOLD,PASS,OK,class 146 assigned twice in rand42_d1
rand42_d1_no_double_assignment,structure,,MUST_HOLD,PASS,OK,class 97 assigned twice in rand42_d1
rand42_d1_no_double_assignment,structure,,MUST_HOLD,PASS,OK,class 61 assigned twice in rand42_d1
rand42_d1_no_double_assignment,structure,,MUST_HOLD,PASS,OK,class 92 assigned twice in rand42_d1
rand42_d1_no_double_assignment,structure,,MUST_HOLD,PASS,OK,class 120 assigned twice in rand42_d1
rand42_d1_no_double_assignment,structure,,MUST_HOLD,PASS,OK,class 77 assigned twice in rand42_d1
rand42_d1_no_double_assignment,structure,,MUST_HOLD,PASS,OK,class 99 assigned twice in rand42_d1
rand42_d1_no_double_assignment,structure,,MUST_HOLD,PASS,OK,class 132 assigned twice in rand42_d1
rand42_d1_no_double_assignment,structure,,MUST_HOLD,PASS,OK,class 112 assigned twice in rand42_d1
rand42_d1_no_double_assignment,structure,,MUST_HOLD,PASS,OK,class 69 assigned twice in rand42_d1
rand42_d1_no_double_assignment,structure,,MUST_HOLD,PASS,OK,class 115 assigned twice in rand42_d1
rand42_d1_no_double_assignment,structure,,MUST_HOLD,PASS,OK,class 103 assigned twice in rand42_d1
rand42_d1_no_double_assignment,structure,,MUST_HOLD,PASS,OK,class 66 assigned twice in rand42_d1
rand42_d1_no_double_assignment,structure,,MUST_HOLD,PASS,OK,class 55 assigned twice in rand42_d1
rand42_d1_no_double_assignment,structure,,MUST_HOLD,PASS,OK,class 31 assigned twice in rand42_d1
rand42_d1_no_double_assignment,structure,,MUST_HOLD,PASS,OK,class 106 assigned twice in rand42_d1
rand42_d1_no_double_assignment,structure,,MUST_HOLD,PASS,OK,class 37 assigned twice in rand42_d1
rand42_d1_no_double_assignment,structure,,MUST_HOLD,PASS,OK,class 74 assigned twice in rand42_d1
rand42_d1_no_double_assignment,structure,,MUST_HOLD,PASS,OK,class 18 assigned twice in rand42_d1
rand42_d1_no_double_assignment,structure,,MUST_HOLD,PASS,OK,class 32 assigned twice in rand42_d1
rand42_d1_no_double_assignment,structure,,MUST_HOLD,PASS,OK,class 147 assigned twice in rand42_d1
rand42_d1_no_double_assignment,structure,,MUST_HOLD,PASS,OK,class 81 assigned twice in rand42_d1
rand42_d1_no_double_assignment,structure,,MUST_HOLD,PASS,OK,class 107 assigned twice in rand42_d1
rand42_d1_no_double_assignment,structure,,MUST_HOLD,PASS,OK,class 128 assigned twice in rand42_d1
rand42_d1_no_double_assignment,structure,,MUST_HOLD,PASS,OK,class 28 assigned twice in rand42_d1
rand42_d1_no_double_assignment,structure,,MUST_HOLD,PASS,OK,class 58 assigned twice in rand42_d1
rand42_d1_covers_universe,structure,,MUST_HOLD,PASS,OK,"rand42_d1 covers exactly 161 indices (missing [], extra [])"
rand42_draw1_group_count_15,structure,,MUST_HOLD,PASS,OK,draw 1 has 15 resonant groups
rand42_draw2_res2p_exhausted,structure,,MUST_HOLD,PASS,OK,draw 2 stratum res2p: 15 of 15 indices consumed
rand42_draw2_res34p_exhausted,structure,,MUST_HOLD,PASS,OK,draw 2 stratum res34p: 146 of 146 indices consumed
rand42_d2_no_double_assignment,structure,,MUST_HOLD,PASS,OK,class 9 assigned twice in rand42_d2
rand42_d2_no_double_assignment,structure,,MUST_HOLD,PASS,OK,class 4 assigned twice in rand42_d2
rand42_d2_no_double_assignment,structure,,MUST_HOLD,PASS,OK,class 5 assigned twice in rand42_d2
rand42_d2_no_double_assignment,structure,,MUST_HOLD,PASS,OK,class 14 assigned twice in rand42_d2
rand42_d2_no_double_assignment,structure,,MUST_HOLD,PASS,OK,class 3 assigned twice in rand42_d2
rand42_d2_no_double_assignment,structure,,MUST_HOLD,PASS,OK,class 7 assigned twice in rand42_d2
rand42_d2_no_double_assignment,structure,,MUST_HOLD,PASS,OK,class 1 assigned twice in rand42_d2
rand42_d2_no_double_assignment,structure,,MUST_HOLD,PASS,OK,class 10 assigned twice in rand42_d2
rand42_d2_no_double_assignment,structure,,MUST_HOLD,PASS,OK,class 13 assigned twice in rand42_d2
rand42_d2_no_double_assignment,structure,,MUST_HOLD,PASS,OK,class 0 assigned twice in rand42_d2
rand42_d2_no_double_assignment,structure,,MUST_HOLD,PASS,OK,class 8 assigned twice in rand42_d2
rand42_d2_no_double_assignment,structure,,MUST_HOLD,PASS,OK,class 6 assigned twice in rand42_d2
rand42_d2_no_double_assignment,structure,,MUST_HOLD,PASS,OK,class 2 assigned twice in rand42_d2
rand42_d2_no_double_assignment,structure,,MUST_HOLD,PASS,OK,class 12 assigned twice in rand42_d2
rand42_d2_no_double_assignment,structure,,MUST_HOLD,PASS,OK,class 11 assigned twice in rand42_d2
rand42_d2_no_double_assignment,structure,,MUST_HOLD,PASS,OK,class 101 assigned twice in rand42_d2
rand42_d2_no_double_assignment,structure,,MUST_HOLD,PASS,OK,class 85 assigned twice in rand42_d2
rand42_d2_no_double_assignment,structure,,MUST_HOLD,PASS,OK,class 130 assigned twice in rand42_d2
rand42_d2_no_double_assignment,structure,,MUST_HOLD,PASS,OK,class 83 assigned twice in rand42_d2
rand42_d2_no_double_assignment,structure,,MUST_HOLD,PASS,OK,class 49 assigned twice in rand42_d2
rand42_d2_no_double_assignment,structure,,MUST_HOLD,PASS,OK,class 143 assigned twice in rand42_d2
rand42_d2_no_double_assignment,structure,,MUST_HOLD,PASS,OK,class 19 assigned twice in rand42_d2
rand42_d2_no_double_assignment,structure,,MUST_HOLD,PASS,OK,class 156 assigned twice in rand42_d2
rand42_d2_no_double_assignment,structure,,MUST_HOLD,PASS,OK,class 87 assigned twice in rand42_d2
rand42_d2_no_double_assignment,structure,,MUST_HOLD,PASS,OK,class 57 assigned twice in rand42_d2
rand42_d2_no_double_assignment,structure,,MUST_HOLD,PASS,OK,class 77 assigned twice in rand42_d2
rand42_d2_no_double_assignment,structure,,MUST_HOLD,PASS,OK,class 70 assigned twice in rand42_d2
rand42_d2_no_double_assignment,structure,,MUST_HOLD,PASS,OK,class 79 assigned twice in rand42_d2
rand42_d2_no_double_assignment,structure,,MUST_HOLD,PASS,OK,class 37 assigned twice in rand42_d2
rand42_d2_no_double_assignment,structure,,MUST_HOLD,PASS,OK,class 119 assigned twice in rand42_d2
rand42_d2_no_double_assignment,structure,,MUST_HOLD,PASS,OK,class 80 assigned twice in rand42_d2
rand42_d2_no_double_assignment,structure,,MUST_HOLD,PASS,OK,class 51 assigned twice in rand42_d2
rand42_d2_no_double_assignment,structure,,MUST_HOLD,PASS,OK,class 144 assigned twice in rand42_d2
rand42_d2_no_double_assignment,structure,,MUST_HOLD,PASS,OK,class 58 assigned twice in rand42_d2
rand42_d2_no_double_assignment,structure,,MUST_HOLD,PASS,OK,class 122 assigned twice in rand42_d2
rand42_d2_no_double_assignment,structure,,MUST_HOLD,PASS,OK,class 116 assigned twice in rand42_d2
rand42_d2_no_double_assignment,structure,,MUST_HOLD,PASS,OK,class 82 assigned twice in rand42_d2
rand42_d2_no_double_assignment,structure,,MUST_HOLD,PASS,OK,class 103 assigned twice in rand42_d2
rand42_d2_no_double_assignment,structure,,MUST_HOLD,PASS,OK,class 114 assigned twice in rand42_d2
rand42_d2_no_double_assignment,structure,,MUST_HOLD,PASS,OK,class 157 assigned twice in rand42_d2
rand42_d2_no_double_assignment,structure,,MUST_HOLD,PASS,OK,class 152 assigned twice in rand42_d2
rand42_d2_no_double_assignment,structure,,MUST_HOLD,PASS,OK,class 38 assigned twice in rand42_d2
rand42_d2_no_double_assignment,structure,,MUST_HOLD,PASS,OK,class 117 assigned twice in rand42_d2
rand42_d2_no_double_assignment,structure,,MUST_HOLD,PASS,OK,class 113 assigned twice in rand42_d2
rand42_d2_no_double_assignment,structure,,MUST_HOLD,PASS,OK,class 64 assigned twice in rand42_d2
rand42_d2_no_double_assignment,structure,,MUST_HOLD,PASS,OK,class 90 assigned twice in rand42_d2
rand42_d2_no_double_assignment,structure,,MUST_HOLD,PASS,OK,class 23 assigned twice in rand42_d2
rand42_d2_no_double_assignment,structure,,MUST_HOLD,PASS,OK,class 24 assigned twice in rand42_d2
rand42_d2_no_double_assignment,structure,,MUST_HOLD,PASS,OK,class 125 assigned twice in rand42_d2
rand42_d2_no_double_assignment,structure,,MUST_HOLD,PASS,OK,class 48 assigned twice in rand42_d2
rand42_d2_no_double_assignment,structure,,MUST_HOLD,PASS,OK,class 95 assigned twice in rand42_d2
rand42_d2_no_double_assignment,structure,,MUST_HOLD,PASS,OK,class 147 assigned twice in rand42_d2
rand42_d2_no_double_assignment,structure,,MUST_HOLD,PASS,OK,class 135 assigned twice in rand42_d2
rand42_d2_no_double_assignment,structure,,MUST_HOLD,PASS,OK,class 126 assigned twice in rand42_d2
rand42_d2_no_double_assignment,structure,,MUST_HOLD,PASS,OK,class 74 assigned twice in rand42_d2
rand42_d2_no_double_assignment,structure,,MUST_HOLD,PASS,OK,class 88 assigned twice in rand42_d2
rand42_d2_no_double_assignment,structure,,MUST_HOLD,PASS,OK,class 149 assigned twice in rand42_d2
rand42_d2_no_double_assignment,structure,,MUST_HOLD,PASS,OK,class 112 assigned twice in rand42_d2
rand42_d2_no_double_assignment,structure,,MUST_HOLD,PASS,OK,class 91 assigned twice in rand42_d2
rand42_d2_no_double_assignment,structure,,MUST_HOLD,PASS,OK,class 128 assigned twice in rand42_d2
rand42_d2_no_double_assignment,structure,,MUST_HOLD,PASS,OK,class 15 assigned twice in rand42_d2
rand42_d2_no_double_assignment,structure,,MUST_HOLD,PASS,OK,class 39 assigned twice in rand42_d2
rand42_d2_no_double_assignment,structure,,MUST_HOLD,PASS,OK,class 127 assigned twice in rand42_d2
rand42_d2_no_double_assignment,structure,,MUST_HOLD,PASS,OK,class 46 assigned twice in rand42_d2
rand42_d2_no_double_assignment,structure,,MUST_HOLD,PASS,OK,class 28 assigned twice in rand42_d2
rand42_d2_no_double_assignment,structure,,MUST_HOLD,PASS,OK,class 98 assigned twice in rand42_d2
rand42_d2_no_double_assignment,structure,,MUST_HOLD,PASS,OK,class 136 assigned twice in rand42_d2
rand42_d2_no_double_assignment,structure,,MUST_HOLD,PASS,OK,class 110 assigned twice in rand42_d2
rand42_d2_no_double_assignment,structure,,MUST_HOLD,PASS,OK,class 89 assigned twice in rand42_d2
rand42_d2_no_double_assignment,structure,,MUST_HOLD,PASS,OK,class 105 assigned twice in rand42_d2
rand42_d2_no_double_assignment,structure,,MUST_HOLD,PASS,OK,class 139 assigned twice in rand42_d2
rand42_d2_no_double_assignment,structure,,MUST_HOLD,PASS,OK,class 54 assigned twice in rand42_d2
rand42_d2_no_double_assignment,structure,,MUST_HOLD,PASS,OK,class 96 assigned twice in rand42_d2
rand42_d2_no_double_assignment,structure,,MUST_HOLD,PASS,OK,class 45 assigned twice in rand42_d2
rand42_d2_no_double_assignment,structure,,MUST_HOLD,PASS,OK,class 123 assigned twice in rand42_d2
rand42_d2_no_double_assignment,structure,,MUST_HOLD,PASS,OK,class 109 assigned twice in rand42_d2
rand42_d2_no_double_assignment,structure,,MUST_HOLD,PASS,OK,class 66 assigned twice in rand42_d2
rand42_d2_no_double_assignment,structure,,MUST_HOLD,PASS,OK,class 43 assigned twice in rand42_d2
rand42_d2_no_double_assignment,structure,,MUST_HOLD,PASS,OK,class 52 assigned twice in rand42_d2
rand42_d2_no_double_assignment,structure,,MUST_HOLD,PASS,OK,class 150 assigned twice in rand42_d2
rand42_d2_no_double_assignment,structure,,MUST_HOLD,PASS,OK,class 55 assigned twice in rand42_d2
rand42_d2_no_double_assignment,structure,,MUST_HOLD,PASS,OK,class 41 assigned twice in rand42_d2
rand42_d2_no_double_assignment,structure,,MUST_HOLD,PASS,OK,class 29 assigned twice in rand42_d2
rand42_d2_no_double_assignment,structure,,MUST_HOLD,PASS,OK,class 17 assigned twice in rand42_d2
rand42_d2_no_double_assignment,structure,,MUST_HOLD,PASS,OK,class 20 assigned twice in rand42_d2
rand42_d2_no_double_assignment,structure,,MUST_HOLD,PASS,OK,class 133 assigned twice in rand42_d2
rand42_d2_no_double_assignment,structure,,MUST_HOLD,PASS,OK,class 69 assigned twice in rand42_d2
rand42_d2_no_double_assignment,structure,,MUST_HOLD,PASS,OK,class 155 assigned twice in rand42_d2
rand42_d2_no_double_assignment,structure,,MUST_HOLD,PASS,OK,class 106 assigned twice in rand42_d2
rand42_d2_no_double_assignment,structure,,MUST_HOLD,PASS,OK,class 107 assigned twice in rand42_d2
rand42_d2_no_double_assignment,structure,,MUST_HOLD,PASS,OK,class 16 assigned twice in rand42_d2
rand42_d2_no_double_assignment,structure,,MUST_HOLD,PASS,OK,class 99 assigned twice in rand42_d2
rand42_d2_no_double_assignment,structure,,MUST_HOLD,PASS,OK,class 129 assigned twice in rand42_d2
rand42_d2_no_double_assignment,structure,,MUST_HOLD,PASS,OK,class 73 assigned twice in rand42_d2
rand42_d2_no_double_assignment,structure,,MUST_HOLD,PASS,OK,class 61 assigned twice in rand42_d2
rand42_d2_no_double_assignment,structure,,MUST_HOLD,PASS,OK,class 22 assigned twice in rand42_d2
rand42_d2_no_double_assignment,structure,,MUST_HOLD,PASS,OK,class 154 assigned twice in rand42_d2
rand42_d2_no_double_assignment,structure,,MUST_HOLD,PASS,OK,class 32 assigned twice in rand42_d2
rand42_d2_no_double_assignment,structure,,MUST_HOLD,PASS,OK,class 78 assigned twice in rand42_d2
rand42_d2_no_double_assignment,structure,,MUST_HOLD,PASS,OK,class 118 assigned twice in rand42_d2
rand42_d2_no_double_assignment,structure,,MUST_HOLD,PASS,OK,class 97 assigned twice in rand42_d2
rand42_d2_no_double_assignment,structure,,MUST_HOLD,PASS,OK,class 42 assigned twice in rand42_d2
rand42_d2_no_double_assignment,structure,,MUST_HOLD,PASS,OK,class 25 assigned twice in rand42_d2
rand42_d2_no_double_assignment,structure,,MUST_HOLD,PASS,OK,class 34 assigned twice in rand42_d2
rand42_d2_no_double_assignment,structure,,MUST_HOLD,PASS,OK,class 93 assigned twice in rand42_d2
rand42_d2_no_double_assignment,structure,,MUST_HOLD,PASS,OK,class 30 assigned twice in rand42_d2
rand42_d2_no_double_assignment,structure,,MUST_HOLD,PASS,OK,class 120 assigned twice in rand42_d2
rand42_d2_no_double_assignment,structure,,MUST_HOLD,PASS,OK,class 92 assigned twice in rand42_d2
rand42_d2_no_double_assignment,structure,,MUST_HOLD,PASS,OK,class 86 assigned twice in rand42_d2
rand42_d2_no_double_assignment,structure,,MUST_HOLD,PASS,OK,class 151 assigned twice in rand42_d2
rand42_d2_no_double_assignment,structure,,MUST_HOLD,PASS,OK,class 148 assigned twice in rand42_d2
rand42_d2_no_double_assignment,structure,,MUST_HOLD,PASS,OK,class 60 assigned twice in rand42_d2
rand42_d2_no_double_assignment,structure,,MUST_HOLD,PASS,OK,class 72 assigned twice in rand42_d2
rand42_d2_no_double_assignment,structure,,MUST_HOLD,PASS,OK,class 108 assigned twice in rand42_d2
rand42_d2_no_double_assignment,structure,,MUST_HOLD,PASS,OK,class 115 assigned twice in rand42_d2
rand42_d2_no_double_assignment,structure,,MUST_HOLD,PASS,OK,class 35 assigned twice in rand42_d2
rand42_d2_no_double_assignment,structure,,MUST_HOLD,PASS,OK,class 100 assigned twice in rand42_d2
rand42_d2_no_double_assignment,structure,,MUST_HOLD,PASS,OK,class 160 assigned twice in rand42_d2
rand42_d2_no_double_assignment,structure,,MUST_HOLD,PASS,OK,class 132 assigned twice in rand42_d2
rand42_d2_no_double_assignment,structure,,MUST_HOLD,PASS,OK,class 53 assigned twice in rand42_d2
rand42_d2_no_double_assignment,structure,,MUST_HOLD,PASS,OK,class 40 assigned twice in rand42_d2
rand42_d2_no_double_assignment,structure,,MUST_HOLD,PASS,OK,class 59 assigned twice in rand42_d2
rand42_d2_no_double_assignment,structure,,MUST_HOLD,PASS,OK,class 134 assigned twice in rand42_d2
rand42_d2_no_double_assignment,structure,,MUST_HOLD,PASS,OK,class 138 assigned twice in rand42_d2
rand42_d2_no_double_assignment,structure,,MUST_HOLD,PASS,OK,class 84 assigned twice in rand42_d2
rand42_d2_no_double_assignment,structure,,MUST_HOLD,PASS,OK,class 26 assigned twice in rand42_d2
rand42_d2_no_double_assignment,structure,,MUST_HOLD,PASS,OK,class 50 assigned twice in rand42_d2
rand42_d2_no_double_assignment,structure,,MUST_HOLD,PASS,OK,class 131 assigned twice in rand42_d2
rand42_d2_no_double_assignment,structure,,MUST_HOLD,PASS,OK,class 47 assigned twice in rand42_d2
rand42_d2_no_double_assignment,structure,,MUST_HOLD,PASS,OK,class 31 assigned twice in rand42_d2
rand42_d2_no_double_assignment,structure,,MUST_HOLD,PASS,OK,class 65 assigned twice in rand42_d2
rand42_d2_no_double_assignment,structure,,MUST_HOLD,PASS,OK,class 146 assigned twice in rand42_d2
rand42_d2_no_double_assignment,structure,,MUST_HOLD,PASS,OK,class 18 assigned twice in rand42_d2
rand42_d2_no_double_assignment,structure,,MUST_HOLD,PASS,OK,class 140 assigned twice in rand42_d2
rand42_d2_no_double_assignment,structure,,MUST_HOLD,PASS,OK,class 21 assigned twice in rand42_d2
rand42_d2_no_double_assignment,structure,,MUST_HOLD,PASS,OK,class 63 assigned twice in rand42_d2
rand42_d2_no_double_assignment,structure,,MUST_HOLD,PASS,OK,class 102 assigned twice in rand42_d2
rand42_d2_no_double_assignment,structure,,MUST_HOLD,PASS,OK,class 124 assigned twice in rand42_d2
rand42_d2_no_double_assignment,structure,,MUST_HOLD,PASS,OK,class 121 assigned twice in rand42_d2
rand42_d2_no_double_assignment,structure,,MUST_HOLD,PASS,OK,class 104 assigned twice in rand42_d2
rand42_d2_no_double_assignment,structure,,MUST_HOLD,PASS,OK,class 67 assigned twice in rand42_d2
rand42_d2_no_double_assignment,structure,,MUST_HOLD,PASS,OK,class 56 assigned twice in rand42_d2
rand42_d2_no_double_assignment,structure,,MUST_HOLD,PASS,OK,class 153 assigned twice in rand42_d2
rand42_d2_no_double_assignment,structure,,MUST_HOLD,PASS,OK,class 145 assigned twice in rand42_d2
rand42_d2_no_double_assignment,structure,,MUST_HOLD,PASS,OK,class 158 assigned twice in rand42_d2
rand42_d2_no_double_assignment,structure,,MUST_HOLD,PASS,OK,class 75 assigned twice in rand42_d2
rand42_d2_no_double_assignment,structure,,MUST_HOLD,PASS,OK,class 62 assigned twice in rand42_d2
rand42_d2_no_double_assignment,structure,,MUST_HOLD,PASS,OK,class 36 assigned twice in rand42_d2
rand42_d2_no_double_assignment,structure,,MUST_HOLD,PASS,OK,class 94 assigned twice in rand42_d2
rand42_d2_no_double_assignment,structure,,MUST_HOLD,PASS,OK,class 159 assigned twice in rand42_d2
rand42_d2_no_double_assignment,structure,,MUST_HOLD,PASS,OK,class 81 assigned twice in rand42_d2
rand42_d2_no_double_assignment,structure,,MUST_HOLD,PASS,OK,class 27 assigned twice in rand42_d2
rand42_d2_no_double_assignment,structure,,MUST_HOLD,PASS,OK,class 137 assigned twice in rand42_d2
rand42_d2_no_double_assignment,structure,,MUST_HOLD,PASS,OK,class 68 assigned twice in rand42_d2
rand42_d2_no_double_assignment,structure,,MUST_HOLD,PASS,OK,class 142 assigned twice in rand42_d2
rand42_d2_no_double_assignment,structure,,MUST_HOLD,PASS,OK,class 44 assigned twice in rand42_d2
rand42_d2_no_double_assignment,structure,,MUST_HOLD,PASS,OK,class 33 assigned twice in rand42_d2
rand42_d2_no_double_assignment,structure,,MUST_HOLD,PASS,OK,class 111 assigned twice in rand42_d2
rand42_d2_no_double_assignment,structure,,MUST_HOLD,PASS,OK,class 141 assigned twice in rand42_d2
rand42_d2_no_double_assignment,structure,,MUST_HOLD,PASS,OK,class 71 assigned twice in rand42_d2
rand42_d2_no_double_assignment,structure,,MUST_HOLD,PASS,OK,class 76 assigned twice in rand42_d2
rand42_d2_covers_universe,structure,,MUST_HOLD,PASS,OK,"rand42_d2 covers exactly 161 indices (missing [], extra [])"
rand42_draw2_group_count_15,structure,,MUST_HOLD,PASS,OK,draw 2 has 15 resonant groups
rand42_draw3_res2p_exhausted,structure,,MUST_HOLD,PASS,OK,draw 3 stratum res2p: 15 of 15 indices consumed
rand42_draw3_res34p_exhausted,structure,,MUST_HOLD,PASS,OK,draw 3 stratum res34p: 146 of 146 indices consumed
rand42_d3_no_double_assignment,structure,,MUST_HOLD,PASS,OK,class 5 assigned twice in rand42_d3
rand42_d3_no_double_assignment,structure,,MUST_HOLD,PASS,OK,class 13 assigned twice in rand42_d3
rand42_d3_no_double_assignment,structure,,MUST_HOLD,PASS,OK,class 3 assigned twice in rand42_d3
rand42_d3_no_double_assignment,structure,,MUST_HOLD,PASS,OK,class 12 assigned twice in rand42_d3
rand42_d3_no_double_assignment,structure,,MUST_HOLD,PASS,OK,class 1 assigned twice in rand42_d3
rand42_d3_no_double_assignment,structure,,MUST_HOLD,PASS,OK,class 10 assigned twice in rand42_d3
rand42_d3_no_double_assignment,structure,,MUST_HOLD,PASS,OK,class 8 assigned twice in rand42_d3
rand42_d3_no_double_assignment,structure,,MUST_HOLD,PASS,OK,class 0 assigned twice in rand42_d3
rand42_d3_no_double_assignment,structure,,MUST_HOLD,PASS,OK,class 6 assigned twice in rand42_d3
rand42_d3_no_double_assignment,structure,,MUST_HOLD,PASS,OK,class 7 assigned twice in rand42_d3
rand42_d3_no_double_assignment,structure,,MUST_HOLD,PASS,OK,class 9 assigned twice in rand42_d3
rand42_d3_no_double_assignment,structure,,MUST_HOLD,PASS,OK,class 14 assigned twice in rand42_d3
rand42_d3_no_double_assignment,structure,,MUST_HOLD,PASS,OK,class 4 assigned twice in rand42_d3
rand42_d3_no_double_assignment,structure,,MUST_HOLD,PASS,OK,class 2 assigned twice in rand42_d3
rand42_d3_no_double_assignment,structure,,MUST_HOLD,PASS,OK,class 11 assigned twice in rand42_d3
rand42_d3_no_double_assignment,structure,,MUST_HOLD,PASS,OK,class 43 assigned twice in rand42_d3
rand42_d3_no_double_assignment,structure,,MUST_HOLD,PASS,OK,class 35 assigned twice in rand42_d3
rand42_d3_no_double_assignment,structure,,MUST_HOLD,PASS,OK,class 129 assigned twice in rand42_d3
rand42_d3_no_double_assignment,structure,,MUST_HOLD,PASS,OK,class 103 assigned twice in rand42_d3
rand42_d3_no_double_assignment,structure,,MUST_HOLD,PASS,OK,class 71 assigned twice in rand42_d3
rand42_d3_no_double_assignment,structure,,MUST_HOLD,PASS,OK,class 149 assigned twice in rand42_d3
rand42_d3_no_double_assignment,structure,,MUST_HOLD,PASS,OK,class 49 assigned twice in rand42_d3
rand42_d3_no_double_assignment,structure,,MUST_HOLD,PASS,OK,class 69 assigned twice in rand42_d3
rand42_d3_no_double_assignment,structure,,MUST_HOLD,PASS,OK,class 57 assigned twice in rand42_d3
rand42_d3_no_double_assignment,structure,,MUST_HOLD,PASS,OK,class 94 assigned twice in rand42_d3
rand42_d3_no_double_assignment,structure,,MUST_HOLD,PASS,OK,class 89 assigned twice in rand42_d3
rand42_d3_no_double_assignment,structure,,MUST_HOLD,PASS,OK,class 132 assigned twice in rand42_d3
rand42_d3_no_double_assignment,structure,,MUST_HOLD,PASS,OK,class 72 assigned twice in rand42_d3
rand42_d3_no_double_assignment,structure,,MUST_HOLD,PASS,OK,class 50 assigned twice in rand42_d3
rand42_d3_no_double_assignment,structure,,MUST_HOLD,PASS,OK,class 152 assigned twice in rand42_d3
rand42_d3_no_double_assignment,structure,,MUST_HOLD,PASS,OK,class 74 assigned twice in rand42_d3
rand42_d3_no_double_assignment,structure,,MUST_HOLD,PASS,OK,class 47 assigned twice in rand42_d3
rand42_d3_no_double_assignment,structure,,MUST_HOLD,PASS,OK,class 104 assigned twice in rand42_d3
rand42_d3_no_double_assignment,structure,,MUST_HOLD,PASS,OK,class 136 assigned twice in rand42_d3
rand42_d3_no_double_assignment,structure,,MUST_HOLD,PASS,OK,class 54 assigned twice in rand42_d3
rand42_d3_no_double_assignment,structure,,MUST_HOLD,PASS,OK,class 125 assigned twice in rand42_d3
rand42_d3_no_double_assignment,structure,,MUST_HOLD,PASS,OK,class 120 assigned twice in rand42_d3
rand42_d3_no_double_assignment,structure,,MUST_HOLD,PASS,OK,class 62 assigned twice in rand42_d3
rand42_d3_no_double_assignment,structure,,MUST_HOLD,PASS,OK,class 95 assigned twice in rand42_d3
rand42_d3_no_double_assignment,structure,,MUST_HOLD,PASS,OK,class 85 assigned twice in rand42_d3
rand42_d3_no_double_assignment,structure,,MUST_HOLD,PASS,OK,class 88 assigned twice in rand42_d3
rand42_d3_no_double_assignment,structure,,MUST_HOLD,PASS,OK,class 40 assigned twice in rand42_d3
rand42_d3_no_double_assignment,structure,,MUST_HOLD,PASS,OK,class 111 assigned twice in rand42_d3
rand42_d3_no_double_assignment,structure,,MUST_HOLD,PASS,OK,class 131 assigned twice in rand42_d3
rand42_d3_no_double_assignment,structure,,MUST_HOLD,PASS,OK,class 154 assigned twice in rand42_d3
rand42_d3_no_double_assignment,structure,,MUST_HOLD,PASS,OK,class 142 assigned twice in rand42_d3
rand42_d3_no_double_assignment,structure,,MUST_HOLD,PASS,OK,class 39 assigned twice in rand42_d3
rand42_d3_no_double_assignment,structure,,MUST_HOLD,PASS,OK,class 28 assigned twice in rand42_d3
rand42_d3_no_double_assignment,structure,,MUST_HOLD,PASS,OK,class 98 assigned twice in rand42_d3
rand42_d3_no_double_assignment,structure,,MUST_HOLD,PASS,OK,class 115 assigned twice in rand42_d3
rand42_d3_no_double_assignment,structure,,MUST_HOLD,PASS,OK,class 82 assigned twice in rand42_d3
rand42_d3_no_double_assignment,structure,,MUST_HOLD,PASS,OK,class 52 assigned twice in rand42_d3
rand42_d3_no_double_assignment,structure,,MUST_HOLD,PASS,OK,class 59 assigned twice in rand42_d3
rand42_d3_no_double_assignment,structure,,MUST_HOLD,PASS,OK,class 147 assigned twice in rand42_d3
rand42_d3_no_double_assignment,structure,,MUST_HOLD,PASS,OK,class 21 assigned twice in rand42_d3
rand42_d3_no_double_assignment,structure,,MUST_HOLD,PASS,OK,class 65 assigned twice in rand42_d3
rand42_d3_no_double_assignment,structure,,MUST_HOLD,PASS,OK,class 99 assigned twice in rand42_d3
rand42_d3_no_double_assignment,structure,,MUST_HOLD,PASS,OK,class 60 assigned twice in rand42_d3
rand42_d3_no_double_assignment,structure,,MUST_HOLD,PASS,OK,class 144 assigned twice in rand42_d3
rand42_d3_no_double_assignment,structure,,MUST_HOLD,PASS,OK,class 126 assigned twice in rand42_d3
rand42_d3_no_double_assignment,structure,,MUST_HOLD,PASS,OK,class 46 assigned twice in rand42_d3
rand42_d3_no_double_assignment,structure,,MUST_HOLD,PASS,OK,class 34 assigned twice in rand42_d3
rand42_d3_no_double_assignment,structure,,MUST_HOLD,PASS,OK,class 130 assigned twice in rand42_d3
rand42_d3_no_double_assignment,structure,,MUST_HOLD,PASS,OK,class 76 assigned twice in rand42_d3
rand42_d3_no_double_assignment,structure,,MUST_HOLD,PASS,OK,class 133 assigned twice in rand42_d3
rand42_d3_no_double_assignment,structure,,MUST_HOLD,PASS,OK,class 102 assigned twice in rand42_d3
rand42_d3_no_double_assignment,structure,,MUST_HOLD,PASS,OK,class 22 assigned twice in rand42_d3
rand42_d3_no_double_assignment,structure,,MUST_HOLD,PASS,OK,class 139 assigned twice in rand42_d3
rand42_d3_no_double_assignment,structure,,MUST_HOLD,PASS,OK,class 157 assigned twice in rand42_d3
rand42_d3_no_double_assignment,structure,,MUST_HOLD,PASS,OK,class 23 assigned twice in rand42_d3
rand42_d3_no_double_assignment,structure,,MUST_HOLD,PASS,OK,class 33 assigned twice in rand42_d3
rand42_d3_no_double_assignment,structure,,MUST_HOLD,PASS,OK,class 81 assigned twice in rand42_d3
rand42_d3_no_double_assignment,structure,,MUST_HOLD,PASS,OK,class 112 assigned twice in rand42_d3
rand42_d3_no_double_assignment,structure,,MUST_HOLD,PASS,OK,class 16 assigned twice in rand42_d3
rand42_d3_no_double_assignment,structure,,MUST_HOLD,PASS,OK,class 92 assigned twice in rand42_d3
rand42_d3_no_double_assignment,structure,,MUST_HOLD,PASS,OK,class 105 assigned twice in rand42_d3
rand42_d3_no_double_assignment,structure,,MUST_HOLD,PASS,OK,class 134 assigned twice in rand42_d3
rand42_d3_no_double_assignment,structure,,MUST_HOLD,PASS,OK,class 61 assigned twice in rand42_d3
rand42_d3_no_double_assignment,structure,,MUST_HOLD,PASS,OK,class 31 assigned twice in rand42_d3
rand42_d3_no_double_assignment,structure,,MUST_HOLD,PASS,OK,class 109 assigned twice in rand42_d3
rand42_d3_no_double_assignment,structure,,MUST_HOLD,PASS,OK,class 135 assigned twice in rand42_d3
rand42_d3_no_double_assignment,structure,,MUST_HOLD,PASS,OK,class 51 assigned twice in rand42_d3
rand42_d3_no_double_assignment,structure,,MUST_HOLD,PASS,OK,class 27 assigned twice in rand42_d3
rand42_d3_no_double_assignment,structure,,MUST_HOLD,PASS,OK,class 108 assigned twice in rand42_d3
rand42_d3_no_double_assignment,structure,,MUST_HOLD,PASS,OK,class 77 assigned twice in rand42_d3
rand42_d3_no_double_assignment,structure,,MUST_HOLD,PASS,OK,class 86 assigned twice in rand42_d3
rand42_d3_no_double_assignment,structure,,MUST_HOLD,PASS,OK,class 30 assigned twice in rand42_d3
rand42_d3_no_double_assignment,structure,,MUST_HOLD,PASS,OK,class 90 assigned twice in rand42_d3
rand42_d3_no_double_assignment,structure,,MUST_HOLD,PASS,OK,class 141 assigned twice in rand42_d3
rand42_d3_no_double_assignment,structure,,MUST_HOLD,PASS,OK,class 124 assigned twice in rand42_d3
rand42_d3_no_double_assignment,structure,,MUST_HOLD,PASS,OK,class 48 assigned twice in rand42_d3
rand42_d3_no_double_assignment,structure,,MUST_HOLD,PASS,OK,class 151 assigned twice in rand42_d3
rand42_d3_no_double_assignment,structure,,MUST_HOLD,PASS,OK,class 42 assigned twice in rand42_d3
rand42_d3_no_double_assignment,structure,,MUST_HOLD,PASS,OK,class 26 assigned twice in rand42_d3
rand42_d3_no_double_assignment,structure,,MUST_HOLD,PASS,OK,class 67 assigned twice in rand42_d3
rand42_d3_no_double_assignment,structure,,MUST_HOLD,PASS,OK,class 155 assigned twice in rand42_d3
rand42_d3_no_double_assignment,structure,,MUST_HOLD,PASS,OK,class 24 assigned twice in rand42_d3
rand42_d3_no_double_assignment,structure,,MUST_HOLD,PASS,OK,class 41 assigned twice in rand42_d3
rand42_d3_no_double_assignment,structure,,MUST_HOLD,PASS,OK,class 158 assigned twice in rand42_d3
rand42_d3_no_double_assignment,structure,,MUST_HOLD,PASS,OK,class 107 assigned twice in rand42_d3
rand42_d3_no_double_assignment,structure,,MUST_HOLD,PASS,OK,class 110 assigned twice in rand42_d3
rand42_d3_no_double_assignment,structure,,MUST_HOLD,PASS,OK,class 127 assigned twice in rand42_d3
rand42_d3_no_double_assignment,structure,,MUST_HOLD,PASS,OK,class 53 assigned twice in rand42_d3
rand42_d3_no_double_assignment,structure,,MUST_HOLD,PASS,OK,class 101 assigned twice in rand42_d3
rand42_d3_no_double_assignment,structure,,MUST_HOLD,PASS,OK,class 159 assigned twice in rand42_d3
rand42_d3_no_double_assignment,structure,,MUST_HOLD,PASS,OK,class 119 assigned twice in rand42_d3
rand42_d3_no_double_assignment,structure,,MUST_HOLD,PASS,OK,class 100 assigned twice in rand42_d3
rand42_d3_no_double_assignment,structure,,MUST_HOLD,PASS,OK,class 91 assigned twice in rand42_d3
rand42_d3_no_double_assignment,structure,,MUST_HOLD,PASS,OK,class 73 assigned twice in rand42_d3
rand42_d3_no_double_assignment,structure,,MUST_HOLD,PASS,OK,class 153 assigned twice in rand42_d3
rand42_d3_no_double_assignment,structure,,MUST_HOLD,PASS,OK,class 38 assigned twice in rand42_d3
rand42_d3_no_double_assignment,structure,,MUST_HOLD,PASS,OK,class 96 assigned twice in rand42_d3
rand42_d3_no_double_assignment,structure,,MUST_HOLD,PASS,OK,class 70 assigned twice in rand42_d3
rand42_d3_no_double_assignment,structure,,MUST_HOLD,PASS,OK,class 123 assigned twice in rand42_d3
rand42_d3_no_double_assignment,structure,,MUST_HOLD,PASS,OK,class 113 assigned twice in rand42_d3
rand42_d3_no_double_assignment,structure,,MUST_HOLD,PASS,OK,class 80 assigned twice in rand42_d3
rand42_d3_no_double_assignment,structure,,MUST_HOLD,PASS,OK,class 79 assigned twice in rand42_d3
rand42_d3_no_double_assignment,structure,,MUST_HOLD,PASS,OK,class 45 assigned twice in rand42_d3
rand42_d3_no_double_assignment,structure,,MUST_HOLD,PASS,OK,class 19 assigned twice in rand42_d3
rand42_d3_no_double_assignment,structure,,MUST_HOLD,PASS,OK,class 66 assigned twice in rand42_d3
rand42_d3_no_double_assignment,structure,,MUST_HOLD,PASS,OK,class 56 assigned twice in rand42_d3
rand42_d3_no_double_assignment,structure,,MUST_HOLD,PASS,OK,class 117 assigned twice in rand42_d3
rand42_d3_no_double_assignment,structure,,MUST_HOLD,PASS,OK,class 36 assigned twice in rand42_d3
rand42_d3_no_double_assignment,structure,,MUST_HOLD,PASS,OK,class 32 assigned twice in rand42_d3
rand42_d3_no_double_assignment,structure,,MUST_HOLD,PASS,OK,class 93 assigned twice in rand42_d3
rand42_d3_no_double_assignment,structure,,MUST_HOLD,PASS,OK,class 87 assigned twice in rand42_d3
rand42_d3_no_double_assignment,structure,,MUST_HOLD,PASS,OK,class 146 assigned twice in rand42_d3
rand42_d3_no_double_assignment,structure,,MUST_HOLD,PASS,OK,class 18 assigned twice in rand42_d3
rand42_d3_no_double_assignment,structure,,MUST_HOLD,PASS,OK,class 140 assigned twice in rand42_d3
rand42_d3_no_double_assignment,structure,,MUST_HOLD,PASS,OK,class 20 assigned twice in rand42_d3
rand42_d3_no_double_assignment,structure,,MUST_HOLD,PASS,OK,class 75 assigned twice in rand42_d3
rand42_d3_no_double_assignment,structure,,MUST_HOLD,PASS,OK,class 68 assigned twice in rand42_d3
rand42_d3_no_double_assignment,structure,,MUST_HOLD,PASS,OK,class 122 assigned twice in rand42_d3
rand42_d3_no_double_assignment,structure,,MUST_HOLD,PASS,OK,class 145 assigned twice in rand42_d3
rand42_d3_no_double_assignment,structure,,MUST_HOLD,PASS,OK,class 148 assigned twice in rand42_d3
rand42_d3_no_double_assignment,structure,,MUST_HOLD,PASS,OK,class 37 assigned twice in rand42_d3
rand42_d3_no_double_assignment,structure,,MUST_HOLD,PASS,OK,class 17 assigned twice in rand42_d3
rand42_d3_no_double_assignment,structure,,MUST_HOLD,PASS,OK,class 63 assigned twice in rand42_d3
rand42_d3_no_double_assignment,structure,,MUST_HOLD,PASS,OK,class 78 assigned twice in rand42_d3
rand42_d3_no_double_assignment,structure,,MUST_HOLD,PASS,OK,class 121 assigned twice in rand42_d3
rand42_d3_no_double_assignment,structure,,MUST_HOLD,PASS,OK,class 137 assigned twice in rand42_d3
rand42_d3_no_double_assignment,structure,,MUST_HOLD,PASS,OK,class 97 assigned twice in rand42_d3
rand42_d3_no_double_assignment,structure,,MUST_HOLD,PASS,OK,class 58 assigned twice in rand42_d3
rand42_d3_no_double_assignment,structure,,MUST_HOLD,PASS,OK,class 44 assigned twice in rand42_d3
rand42_d3_no_double_assignment,structure,,MUST_HOLD,PASS,OK,class 25 assigned twice in rand42_d3
rand42_d3_no_double_assignment,structure,,MUST_HOLD,PASS,OK,class 143 assigned twice in rand42_d3
rand42_d3_no_double_assignment,structure,,MUST_HOLD,PASS,OK,class 29 assigned twice in rand42_d3
rand42_d3_no_double_assignment,structure,,MUST_HOLD,PASS,OK,class 160 assigned twice in rand42_d3
rand42_d3_no_double_assignment,structure,,MUST_HOLD,PASS,OK,class 55 assigned twice in rand42_d3
rand42_d3_no_double_assignment,structure,,MUST_HOLD,PASS,OK,class 156 assigned twice in rand42_d3
rand42_d3_no_double_assignment,structure,,MUST_HOLD,PASS,OK,class 64 assigned twice in rand42_d3
rand42_d3_no_double_assignment,structure,,MUST_HOLD,PASS,OK,class 15 assigned twice in rand42_d3
rand42_d3_no_double_assignment,structure,,MUST_HOLD,PASS,OK,class 118 assigned twice in rand42_d3
rand42_d3_no_double_assignment,structure,,MUST_HOLD,PASS,OK,class 116 assigned twice in rand42_d3
rand42_d3_no_double_assignment,structure,,MUST_HOLD,PASS,OK,class 138 assigned twice in rand42_d3
rand42_d3_no_double_assignment,structure,,MUST_HOLD,PASS,OK,class 106 assigned twice in rand42_d3
rand42_d3_no_double_assignment,structure,,MUST_HOLD,PASS,OK,class 128 assigned twice in rand42_d3
rand42_d3_no_double_assignment,structure,,MUST_HOLD,PASS,OK,class 150 assigned twice in rand42_d3
rand42_d3_no_double_assignment,structure,,MUST_HOLD,PASS,OK,class 84 assigned twice in rand42_d3
rand42_d3_no_double_assignment,structure,,MUST_HOLD,PASS,OK,class 114 assigned twice in rand42_d3
rand42_d3_no_double_assignment,structure,,MUST_HOLD,PASS,OK,class 83 assigned twice in rand42_d3
rand42_d3_covers_universe,structure,,MUST_HOLD,PASS,OK,"rand42_d3 covers exactly 161 indices (missing [], extra [])"
rand42_draw3_group_count_15,structure,,MUST_HOLD,PASS,OK,draw 3 has 15 resonant groups
refines[R161 > R161],refinement,identity,MUST_HOLD,PASS,OK,identity: a partition is trivially a coarsening of itself
refines[R161 > L187res],refinement,L187 holdout arm edge,MUST_HOLD,PASS,OK,all 161 groups of the finer partition lie inside exactly one group of the coarser partition
refines[R161 > R45],refinement,DELIVERED CHAIN EDGE,MUST_HOLD,PASS,OK,all 161 groups of the finer partition lie inside exactly one group of the coarser partition
refines[R161 > R29],refinement,implied by delivered chain (transitive),MUST_HOLD,PASS,OK,all 161 groups of the finer partition lie inside exactly one group of the coarser partition
refines[R161 > R15],refinement,implied by delivered chain (transitive),MUST_HOLD,PASS,OK,all 161 groups of the finer partition lie inside exactly one group of the coarser partition
refines[R161 > R9],refinement,implied by delivered chain (transitive),MUST_HOLD,PASS,OK,all 161 groups of the finer partition lie inside exactly one group of the coarser partition
refines[R161 > L43res],refinement,,not_required,PASS,informational,all 161 groups of the finer partition lie inside exactly one group of the coarser partition
refines[R161 > rand42_d1],refinement,,not_required,PASS,informational,all 161 groups of the finer partition lie inside exactly one group of the coarser partition
refines[R161 > rand42_d2],refinement,,not_required,PASS,informational,all 161 groups of the finer partition lie inside exactly one group of the coarser partition
refines[R161 > rand42_d3],refinement,,not_required,PASS,informational,all 161 groups of the finer partition lie inside exactly one group of the coarser partition
refines[L187res > R161],refinement,,not_required,FAIL,informational,1 group(s) of the finer partition straddle a coarser boundary: 2P_qq_plus_cs
refines[L187res > L187res],refinement,identity,MUST_HOLD,PASS,OK,identity: a partition is trivially a coarsening of itself
refines[L187res > R45],refinement,,not_required,FAIL,informational,1 group(s) of the finer partition straddle a coarser boundary: 2P_qq_plus_cs
refines[L187res > R29],refinement,L187 holdout arm edge,MUST_HOLD,PASS,OK,all 160 groups of the finer partition lie inside exactly one group of the coarser partition
refines[L187res > R15],refinement,,not_required,FAIL,informational,1 group(s) of the finer partition straddle a coarser boundary: 2P_qq_plus_cs
refines[L187res > R9],refinement,,not_required,FAIL,informational,1 group(s) of the finer partition straddle a coarser boundary: 2P_qq_plus_cs
refines[L187res > L43res],refinement,,not_required,FAIL,informational,1 group(s) of the finer partition straddle a coarser boundary: 2P_qq_plus_cs
refines[L187res > rand42_d1],refinement,,not_required,PASS,informational,all 160 groups of the finer partition lie inside exactly one group of the coarser partition
refines[L187res > rand42_d2],refinement,,not_required,FAIL,informational,1 group(s) of the finer partition straddle a coarser boundary: 2P_qq_plus_cs
refines[L187res > rand42_d3],refinement,,not_required,PASS,informational,all 160 groups of the finer partition lie inside exactly one group of the coarser partition
refines[R45 > R161],refinement,,not_required,FAIL,informational,"34 group(s) of the finer partition straddle a coarser boundary: 2P_QQ_b, 2P_QQ_c, 2P_QQ_light, 2P_ll, 2P_tauhtaul, 34P_QQQQ_b ..."
refines[R45 > L187res],refinement,,not_required,FAIL,informational,"34 group(s) of the finer partition straddle a coarser boundary: 2P_QQ_b, 2P_QQ_c, 2P_QQ_light, 2P_ll, 2P_tauhtaul, 34P_QQQQ_b ..."
refines[R45 > R45],refinement,identity,MUST_HOLD,PASS,OK,identity: a partition is trivially a coarsening of itself
refines[R45 > R29],refinement,DELIVERED CHAIN EDGE,MUST_HOLD,PASS,OK,all 45 groups of the finer partition lie inside exactly one group of the coarser partition
refines[R45 > R15],refinement,DELIVERED CHAIN EDGE,MUST_HOLD,PASS,OK,all 45 groups of the finer partition lie inside exactly one group of the coarser partition
refines[R45 > R9],refinement,implied by delivered chain (transitive),MUST_HOLD,PASS,OK,all 45 groups of the finer partition lie inside exactly one group of the coarser partition
refines[R45 > L43res],refinement,,not_required,FAIL,informational,"5 group(s) of the finer partition straddle a coarser boundary: 2P_QQ_b, 2P_QQ_c, 2P_QQ_light, 2P_ll, 2P_tauhtaul"
refines[R45 > rand42_d1],refinement,,not_required,FAIL,informational,"33 group(s) of the finer partition straddle a coarser boundary: 2P_QQ_b, 2P_QQ_c, 2P_QQ_light, 2P_tauhtaul, 34P_QQQQ_b, 34P_QQll_b ..."
refines[R45 > rand42_d2],refinement,,not_required,FAIL,informational,"33 group(s) of the finer partition straddle a coarser boundary: 2P_QQ_b, 2P_QQ_c, 2P_QQ_light, 2P_ll, 2P_tauhtaul, 34P_QQQQ_b ..."
refines[R45 > rand42_d3],refinement,,not_required,FAIL,informational,"33 group(s) of the finer partition straddle a coarser boundary: 2P_QQ_b, 2P_QQ_c, 2P_QQ_light, 2P_ll, 2P_tauhtaul, 34P_QQQQ_b ..."
refines[R29 > R161],refinement,,not_required,FAIL,informational,"23 group(s) of the finer partition straddle a coarser boundary: 2P_QQ, 2P_ll, 2P_tauhtaul, 34P_QQQQ, 34P_QQgg, 34P_QQll ..."
refines[R29 > L187res],refinement,,not_required,FAIL,informational,"23 group(s) of the finer partition straddle a coarser boundary: 2P_QQ, 2P_ll, 2P_tauhtaul, 34P_QQQQ, 34P_QQgg, 34P_QQll ..."
refines[R29 > R45],refinement,,not_required,FAIL,informational,"15 group(s) of the finer partition straddle a coarser boundary: 2P_QQ, 34P_QQQQ, 34P_QQgg, 34P_QQll, 34P_QQtauhtaul, 34P_QQtauhtauh ..."
refines[R29 > R29],refinement,identity,MUST_HOLD,PASS,OK,identity: a partition is trivially a coarsening of itself
refines[R29 > R15],refinement,"brief-requested edge, PROVABLY IMPOSSIBLE",MUST_NOT_HOLD,FAIL,OK (expected failure),1 group(s) of the finer partition straddle a coarser boundary: 2P_QQ
refines[R29 > R9],refinement,"brief-requested edge, PROVABLY IMPOSSIBLE",MUST_NOT_HOLD,FAIL,OK (expected failure),1 group(s) of the finer partition straddle a coarser boundary: 2P_QQ
refines[R29 > L43res],refinement,,not_required,FAIL,informational,"3 group(s) of the finer partition straddle a coarser boundary: 2P_QQ, 2P_ll, 2P_tauhtaul"
refines[R29 > rand42_d1],refinement,,not_required,FAIL,informational,"22 group(s) of the finer partition straddle a coarser boundary: 2P_QQ, 2P_tauhtaul, 34P_QQQQ, 34P_QQgg, 34P_QQll, 34P_QQtauhtaul ..."
refines[R29 > rand42_d2],refinement,,not_required,FAIL,informational,"23 group(s) of the finer partition straddle a coarser boundary: 2P_QQ, 2P_ll, 2P_tauhtaul, 34P_QQQQ, 34P_QQgg, 34P_QQll ..."
refines[R29 > rand42_d3],refinement,,not_required,FAIL,informational,"23 group(s) of the finer partition straddle a coarser boundary: 2P_QQ, 2P_ll, 2P_tauhtaul, 34P_QQQQ, 34P_QQgg, 34P_QQll ..."
refines[R15 > R161],refinement,,not_required,FAIL,informational,"15 group(s) of the finer partition straddle a coarser boundary: 2P_QQ_b, 2P_QQ_c, 2P_QQ_light_gluon, 2P_ll, 2P_tautau, 34P_4prong_had_quarks ..."
refines[R15 > L187res],refinement,,not_required,FAIL,informational,"15 group(s) of the finer partition straddle a coarser boundary: 2P_QQ_b, 2P_QQ_c, 2P_QQ_light_gluon, 2P_ll, 2P_tautau, 34P_4prong_had_quarks ..."
refines[R15 > R45],refinement,,not_required,FAIL,informational,"12 group(s) of the finer partition straddle a coarser boundary: 2P_QQ_light_gluon, 2P_tautau, 34P_4prong_had_quarks, 34P_4prong_had_gluon, 34P_4prong_lightlep, 34P_4prong_tau ..."
refines[R15 > R29],refinement,,not_required,FAIL,informational,"9 group(s) of the finer partition straddle a coarser boundary: 2P_QQ_light_gluon, 2P_tautau, 34P_4prong_had_gluon, 34P_4prong_lightlep, 34P_4prong_tau, 34P_3prong_had_gluon ..."
refines[R15 > R15],refinement,identity,MUST_HOLD,PASS,OK,identity: a partition is trivially a coarsening of itself
refines[R15 > R9],refinement,DELIVERED CHAIN EDGE,MUST_HOLD,PASS,OK,all 15 groups of the finer partition lie inside exactly one group of the coarser partition
refines[R15 > L43res],refinement,,not_required,FAIL,informational,"5 group(s) of the finer partition straddle a coarser boundary: 2P_QQ_b, 2P_QQ_c, 2P_QQ_light_gluon, 2P_ll, 2P_tautau"
refines[R15 > rand42_d1],refinement,,not_required,FAIL,informational,"14 group(s) of the finer partition straddle a coarser boundary: 2P_QQ_b, 2P_QQ_c, 2P_QQ_light_gluon, 2P_tautau, 34P_4prong_had_quarks, 34P_4prong_had_gluon ..."
refines[R15 > rand42_d2],refinement,,not_required,FAIL,informational,"15 group(s) of the finer partition straddle a coarser boundary: 2P_QQ_b, 2P_QQ_c, 2P_QQ_light_gluon, 2P_ll, 2P_tautau, 34P_4prong_had_quarks ..."
refines[R15 > rand42_d3],refinement,,not_required,FAIL,informational,"15 group(s) of the finer partition straddle a coarser boundary: 2P_QQ_b, 2P_QQ_c, 2P_QQ_light_gluon, 2P_ll, 2P_tautau, 34P_4prong_had_quarks ..."
refines[R9 > R161],refinement,,not_required,FAIL,informational,"9 group(s) of the finer partition straddle a coarser boundary: 2P_QQ_b, 2P_QQ_c, 2P_QQ_light_gluon, 2P_leptonic, 34P_4prong_hadronic, 34P_4prong_leptonic ..."
refines[R9 > L187res],refinement,,not_required,FAIL,informational,"9 group(s) of the finer partition straddle a coarser boundary: 2P_QQ_b, 2P_QQ_c, 2P_QQ_light_gluon, 2P_leptonic, 34P_4prong_hadronic, 34P_4prong_leptonic ..."
refines[R9 > R45],refinement,,not_required,FAIL,informational,"7 group(s) of the finer partition straddle a coarser boundary: 2P_QQ_light_gluon, 2P_leptonic, 34P_4prong_hadronic, 34P_4prong_leptonic, 34P_3prong_hadronic, 34P_3prong_leptonic ..."
refines[R9 > R29],refinement,,not_required,FAIL,informational,"7 group(s) of the finer partition straddle a coarser boundary: 2P_QQ_light_gluon, 2P_leptonic, 34P_4prong_hadronic, 34P_4prong_leptonic, 34P_3prong_hadronic, 34P_3prong_leptonic ..."
refines[R9 > R15],refinement,,not_required,FAIL,informational,"6 group(s) of the finer partition straddle a coarser boundary: 2P_leptonic, 34P_4prong_hadronic, 34P_4prong_leptonic, 34P_3prong_hadronic, 34P_3prong_leptonic, 34P_semileptonic_nu"
refines[R9 > R9],refinement,identity,MUST_HOLD,PASS,OK,identity: a partition is trivially a coarsening of itself
refines[R9 > L43res],refinement,,not_required,FAIL,informational,"4 group(s) of the finer partition straddle a coarser boundary: 2P_QQ_b, 2P_QQ_c, 2P_QQ_light_gluon, 2P_leptonic"
refines[R9 > rand42_d1],refinement,,not_required,FAIL,informational,"9 group(s) of the finer partition straddle a coarser boundary: 2P_QQ_b, 2P_QQ_c, 2P_QQ_light_gluon, 2P_leptonic, 34P_4prong_hadronic, 34P_4prong_leptonic ..."
refines[R9 > rand42_d2],refinement,,not_required,FAIL,informational,"9 group(s) of the finer partition straddle a coarser boundary: 2P_QQ_b, 2P_QQ_c, 2P_QQ_light_gluon, 2P_leptonic, 34P_4prong_hadronic, 34P_4prong_leptonic ..."
refines[R9 > rand42_d3],refinement,,not_required,FAIL,informational,"9 group(s) of the finer partition straddle a coarser boundary: 2P_QQ_b, 2P_QQ_c, 2P_QQ_light_gluon, 2P_leptonic, 34P_4prong_hadronic, 34P_4prong_leptonic ..."
refines[L43res > R161],refinement,,not_required,FAIL,informational,1 group(s) of the finer partition straddle a coarser boundary: other_resonant
refines[L43res > L187res],refinement,,not_required,FAIL,informational,1 group(s) of the finer partition straddle a coarser boundary: other_resonant
refines[L43res > R45],refinement,,not_required,FAIL,informational,1 group(s) of the finer partition straddle a coarser boundary: other_resonant
refines[L43res > R29],refinement,,not_required,FAIL,informational,1 group(s) of the finer partition straddle a coarser boundary: other_resonant
refines[L43res > R15],refinement,,not_required,FAIL,informational,1 group(s) of the finer partition straddle a coarser boundary: other_resonant
refines[L43res > R9],refinement,,not_required,FAIL,informational,1 group(s) of the finer partition straddle a coarser boundary: other_resonant
refines[L43res > L43res],refinement,identity,MUST_HOLD,PASS,OK,identity: a partition is trivially a coarsening of itself
refines[L43res > rand42_d1],refinement,,not_required,FAIL,informational,1 group(s) of the finer partition straddle a coarser boundary: other_resonant
refines[L43res > rand42_d2],refinement,,not_required,FAIL,informational,1 group(s) of the finer partition straddle a coarser boundary: other_resonant
refines[L43res > rand42_d3],refinement,,not_required,FAIL,informational,1 group(s) of the finer partition straddle a coarser boundary: other_resonant
refines[rand42_d1 > R161],refinement,,not_required,FAIL,informational,"15 group(s) of the finer partition straddle a coarser boundary: rand_res2p_04, rand_res2p_01, rand_res2p_02, rand_res2p_00, rand_res2p_03, rand_res34p_06 ..."
refines[rand42_d1 > L187res],refinement,,not_required,FAIL,informational,"15 group(s) of the finer partition straddle a coarser boundary: rand_res2p_04, rand_res2p_01, rand_res2p_02, rand_res2p_00, rand_res2p_03, rand_res34p_06 ..."
refines[rand42_d1 > R45],refinement,,not_required,FAIL,informational,"15 group(s) of the finer partition straddle a coarser boundary: rand_res2p_04, rand_res2p_01, rand_res2p_02, rand_res2p_00, rand_res2p_03, rand_res34p_06 ..."
refines[rand42_d1 > R29],refinement,,not_required,FAIL,informational,"15 group(s) of the finer partition straddle a coarser boundary: rand_res2p_04, rand_res2p_01, rand_res2p_02, rand_res2p_00, rand_res2p_03, rand_res34p_06 ..."
refines[rand42_d1 > R15],refinement,,not_required,FAIL,informational,"15 group(s) of the finer partition straddle a coarser boundary: rand_res2p_04, rand_res2p_01, rand_res2p_02, rand_res2p_00, rand_res2p_03, rand_res34p_06 ..."
refines[rand42_d1 > R9],refinement,,not_required,FAIL,informational,"15 group(s) of the finer partition straddle a coarser boundary: rand_res2p_04, rand_res2p_01, rand_res2p_02, rand_res2p_00, rand_res2p_03, rand_res34p_06 ..."
refines[rand42_d1 > L43res],refinement,,not_required,FAIL,informational,"5 group(s) of the finer partition straddle a coarser boundary: rand_res2p_04, rand_res2p_01, rand_res2p_02, rand_res2p_00, rand_res2p_03"
refines[rand42_d1 > rand42_d1],refinement,identity,MUST_HOLD,PASS,OK,identity: a partition is trivially a coarsening of itself
refines[rand42_d1 > rand42_d2],refinement,,not_required,FAIL,informational,"15 group(s) of the finer partition straddle a coarser boundary: rand_res2p_04, rand_res2p_01, rand_res2p_02, rand_res2p_00, rand_res2p_03, rand_res34p_06 ..."
refines[rand42_d1 > rand42_d3],refinement,,not_required,FAIL,informational,"15 group(s) of the finer partition straddle a coarser boundary: rand_res2p_04, rand_res2p_01, rand_res2p_02, rand_res2p_00, rand_res2p_03, rand_res34p_06 ..."
refines[rand42_d2 > R161],refinement,,not_required,FAIL,informational,"15 group(s) of the finer partition straddle a coarser boundary: rand_res2p_02, rand_res2p_04, rand_res2p_01, rand_res2p_00, rand_res2p_03, rand_res34p_03 ..."
refines[rand42_d2 > L187res],refinement,,not_required,FAIL,informational,"15 group(s) of the finer partition straddle a coarser boundary: rand_res2p_02, rand_res2p_04, rand_res2p_01, rand_res2p_00, rand_res2p_03, rand_res34p_03 ..."
refines[rand42_d2 > R45],refinement,,not_required,FAIL,informational,"15 group(s) of the finer partition straddle a coarser boundary: rand_res2p_02, rand_res2p_04, rand_res2p_01, rand_res2p_00, rand_res2p_03, rand_res34p_03 ..."
refines[rand42_d2 > R29],refinement,,not_required,FAIL,informational,"14 group(s) of the finer partition straddle a coarser boundary: rand_res2p_02, rand_res2p_04, rand_res2p_01, rand_res2p_00, rand_res34p_03, rand_res34p_05 ..."
refines[rand42_d2 > R15],refinement,,not_required,FAIL,informational,"15 group(s) of the finer partition straddle a coarser boundary: rand_res2p_02, rand_res2p_04, rand_res2p_01, rand_res2p_00, rand_res2p_03, rand_res34p_03 ..."
refines[rand42_d2 > R9],refinement,,not_required,FAIL,informational,"15 group(s) of the finer partition straddle a coarser boundary: rand_res2p_02, rand_res2p_04, rand_res2p_01, rand_res2p_00, rand_res2p_03, rand_res34p_03 ..."
refines[rand42_d2 > L43res],refinement,,not_required,FAIL,informational,"5 group(s) of the finer partition straddle a coarser boundary: rand_res2p_02, rand_res2p_04, rand_res2p_01, rand_res2p_00, rand_res2p_03"
refines[rand42_d2 > rand42_d1],refinement,,not_required,FAIL,informational,"15 group(s) of the finer partition straddle a coarser boundary: rand_res2p_02, rand_res2p_04, rand_res2p_01, rand_res2p_00, rand_res2p_03, rand_res34p_03 ..."
refines[rand42_d2 > rand42_d2],refinement,identity,MUST_HOLD,PASS,OK,identity: a partition is trivially a coarsening of itself
refines[rand42_d2 > rand42_d3],refinement,,not_required,FAIL,informational,"14 group(s) of the finer partition straddle a coarser boundary: rand_res2p_02, rand_res2p_04, rand_res2p_01, rand_res2p_00, rand_res34p_03, rand_res34p_05 ..."
refines[rand42_d3 > R161],refinement,,not_required,FAIL,informational,"15 group(s) of the finer partition straddle a coarser boundary: rand_res2p_02, rand_res2p_01, rand_res2p_04, rand_res2p_00, rand_res2p_03, rand_res34p_09 ..."
refines[rand42_d3 > L187res],refinement,,not_required,FAIL,informational,"15 group(s) of the finer partition straddle a coarser boundary: rand_res2p_02, rand_res2p_01, rand_res2p_04, rand_res2p_00, rand_res2p_03, rand_res34p_09 ..."
refines[rand42_d3 > R45],refinement,,not_required,FAIL,informational,"15 group(s) of the finer partition straddle a coarser boundary: rand_res2p_02, rand_res2p_01, rand_res2p_04, rand_res2p_00, rand_res2p_03, rand_res34p_09 ..."
refines[rand42_d3 > R29],refinement,,not_required,FAIL,informational,"14 group(s) of the finer partition straddle a coarser boundary: rand_res2p_01, rand_res2p_04, rand_res2p_00, rand_res2p_03, rand_res34p_09, rand_res34p_04 ..."
refines[rand42_d3 > R15],refinement,,not_required,FAIL,informational,"15 group(s) of the finer partition straddle a coarser boundary: rand_res2p_02, rand_res2p_01, rand_res2p_04, rand_res2p_00, rand_res2p_03, rand_res34p_09 ..."
refines[rand42_d3 > R9],refinement,,not_required,FAIL,informational,"15 group(s) of the finer partition straddle a coarser boundary: rand_res2p_02, rand_res2p_01, rand_res2p_04, rand_res2p_00, rand_res2p_03, rand_res34p_09 ..."
refines[rand42_d3 > L43res],refinement,,not_required,FAIL,informational,"5 group(s) of the finer partition straddle a coarser boundary: rand_res2p_02, rand_res2p_01, rand_res2p_04, rand_res2p_00, rand_res2p_03"
refines[rand42_d3 > rand42_d1],refinement,,not_required,FAIL,informational,"15 group(s) of the finer partition straddle a coarser boundary: rand_res2p_02, rand_res2p_01, rand_res2p_04, rand_res2p_00, rand_res2p_03, rand_res34p_09 ..."
refines[rand42_d3 > rand42_d2],refinement,,not_required,FAIL,informational,"15 group(s) of the finer partition straddle a coarser boundary: rand_res2p_02, rand_res2p_01, rand_res2p_04, rand_res2p_00, rand_res2p_03, rand_res34p_09 ..."
refines[rand42_d3 > rand42_d3],refinement,identity,MUST_HOLD,PASS,OK,identity: a partition is trivially a coarsening of itself
refines[Q27 > Q27],refinement,identity,MUST_HOLD,PASS,OK,identity
refines[Q27 > Q1],refinement,DELIVERED CHAIN EDGE,MUST_HOLD,PASS,OK,all 27 groups of the finer partition lie inside exactly one group of the coarser partition
refines[Q1 > Q27],refinement,,not_required,FAIL,informational,1 group(s) of the finer partition straddle a coarser boundary: QCD_all
refines[Q1 > Q1],refinement,identity,MUST_HOLD,PASS,OK,identity
qcd_unmerged_at_Q27[L188],refinement,,MUST_HOLD,PASS,OK,all 27 QCD classes are singleton groups (indices 161-187 unmerged)
qcd_unmerged_at_Q27[L72],refinement,,MUST_HOLD,PASS,OK,all 27 QCD classes are singleton groups (indices 161-187 unmerged)
qcd_unmerged_at_Q27[L56],refinement,,MUST_HOLD,PASS,OK,all 27 QCD classes are singleton groups (indices 161-187 unmerged)
qcd_unmerged_at_Q27[L42],refinement,,MUST_HOLD,PASS,OK,all 27 QCD classes are singleton groups (indices 161-187 unmerged)
qcd_unmerged_at_Q27[L36],refinement,,MUST_HOLD,PASS,OK,all 27 QCD classes are singleton groups (indices 161-187 unmerged)
qcd_unmerged_at_Q27[L43],refinement,,MUST_HOLD,PASS,OK,all 27 QCD classes are singleton groups (indices 161-187 unmerged)
qcd_unmerged_at_Q27[rand42_d1],refinement,,MUST_HOLD,PASS,OK,all 27 QCD classes are singleton groups (indices 161-187 unmerged)
qcd_unmerged_at_Q27[rand42_d2],refinement,,MUST_HOLD,PASS,OK,all 27 QCD classes are singleton groups (indices 161-187 unmerged)
qcd_unmerged_at_Q27[rand42_d3],refinement,,MUST_HOLD,PASS,OK,all 27 QCD classes are singleton groups (indices 161-187 unmerged)
qcd_merged_at_Q1,refinement,,MUST_HOLD,PASS,OK,at Q=1 all 27 QCD classes collapse into a single group
bs_classes_found,bs-mechanism,,MUST_HOLD,PASS,OK,"20 classes carry both b and s content: label_X_YY_bbss, label_X_YY_bbs, label_X_YY_ssb, label_X_YY_ccbs, label_X_YY_qqbs, label_X_YY_bcsq, label_X_YY_bcs, label_X_YY_bsq, label_QCD_bbccss, label_QCD_bbccs, label_QCD_bbcss, label_QCD_bbcs, label_QCD_bbss, label_QCD_bbs, label_QCD_bccss, label_QCD_bccs, label_QCD_bcss, label_QCD_bcs, label_QCD_bss, label_QCD_bs"
bs_absent_in_two_prong,bs-mechanism,,MUST_HOLD,PASS,OK,"there is no two-prong label_X_bs class in the vocabulary; b+s content appears only in 3-prong resonant, 4-prong resonant and QCD classes, so 'genuinely unseen at every rung' is FALSE"
item_8a[8a.1] label_QCD_bs in released schema,item-8a,,MUST_HOLD,PASS,OK,"label_QCD_bs present in the pinned 188-class schema at jet_label 177 (expected 177), bs_relevant=1"
item_8a[8a.2] label_X_YY_qqbs in released schema,item-8a,,MUST_HOLD,PASS,OK,"label_X_YY_qqbs present in the pinned 188-class schema at jet_label 124 (expected 124), bs_relevant=1"
item_8a[8a.3] label_X_YY_ccbs in released schema,item-8a,,MUST_HOLD,PASS,OK,"label_X_YY_ccbs present in the pinned 188-class schema at jet_label 119 (expected 119), bs_relevant=1"
item_8a[8a.4] X->bb projection constructible in-corpus,item-8a,,MUST_HOLD,PASS,OK,"label_X_bb is jet_label 0 (True); a QCD-only background is available from the same 188-class schema, jet_label 161-187, all 27 present (True). Signal and background therefore both live inside JetClass-II and the projection is constructible in principle with no external sample. NOTE: existence only -- the sealed final-eval split was NOT read, and no occupancy was counted (blocker B4)"
